trait_code	disease_code	locusnum	rsid	chr_x	pos	A1	A2	zscore_fertility_gwas	zscore_disease_gwas	conjFDR	is_locus_lead	pleiotropy_sign	pval_fertility_gwas	pval_disease_gwas	disease_risk_allele	INDEX	chromosome	pos0	pos1	chr_hg38	chr_y	locusID	physicalPos	alt_freq	sl1	sl0	nsl	nslnorm	nslcrit	ref	alt	RiskAllele_nSL
metaanalysis	1135	2	rs2734335	6	31893944	G	A	3.3914839999999997	-3.6114900000000003	0.04759685	0	negative	0.000695153	0.0003044434	A	1	chr6	31926166	31926167	6	6	.	31926167	0.450549	0.750912	0.117896	0.750912	1.17951	0	G	A	-1.17951
metaanalysis	1135	2	rs2239689	6	32030284	A	G	-4.126186	3.6220529999999997	0.01884588	1	negative	3.68829e-05	0.0002922738	A	2	chr6	32062506	32062507	6	6	.	32062507	0.313187	0.800389	-0.0523206	0.800389	0.907232	0	G	A	-0.907232
metaanalysis	1135	3	rs1681738	10	118563000	T	G	-3.566065	3.3446190000000002	0.03976217	1	negative	0.00036238190000000003	0.0008239562	T	3	chr10	116803488	116803489	10	10	.	116803489	0.406593	0.489914	0.145562	0.489914	0.48628	0	G	T	-0.48628
metaanalysis	1135	3	rs1626678	10	118576146	A	G	-3.390399	3.8702949999999996	0.04774629	0	negative	0.0006979102	0.00010870389999999999	A	4	chr10	116816634	116816635	10	10	.	116816635	0.510989	0.272694	0.174251	0.272694	0.399782	0	G	A	-0.399782
metaanalysis	1135	4	rs174560	11	61581764	C	T	-3.935026	3.808368	0.01060602	0	negative	8.318774e-05	0.0001398871	C	5	chr11	61814291	61814292	11	11	.	61814292	0.32967	0.254458	0.307075	-0.307075	-1.46484	0	T	C	1.46484
metaanalysis	1135	4	rs968567	11	61595564	T	C	-4.140956	4.17382	0.004054828	1	negative	3.4586079999999996e-05	2.995342e-05	T	6	chr11	61828091	61828092	11	11	.	61828092	0.175824	0.630637	-0.0501744	0.630637	0.513234	0	C	T	-0.513234
metaanalysis	1135	4	rs968567	11	61595564	T	C	-4.140956	4.17382	0.004054828	1	negative	3.4586079999999996e-05	2.995342e-05	T	6	chr11	61828091	61828092	11	11	.	61828092	0.175824	0.630637	-0.0501744	0.630637	0.513234	0	C	T	-0.513234
metaanalysis	1135	6	rs4144686	18	53251725	A	G	-3.4774839999999996	3.3710720000000003	0.03722217	1	negative	0.0005061439	0.0007487638	A	8	chr18	55584493	55584494	18	18	.	55584494	0.214286	-1.15181	-0.295475	0.295475	-0.418021	0	G	A	0.418021
metaanalysis	1135	6	rs4144686	18	53251725	A	G	-3.4774839999999996	3.3710720000000003	0.03722217	1	negative	0.0005061439	0.0007487638	A	8	chr18	55584493	55584494	18	18	.	55584494	0.214286	-1.15181	-0.295475	0.295475	-0.418021	0	G	A	0.418021
metaanalysis	2029	1	rs16841842	1	197611682	A	C	-3.580435	6.298374	0.03987355	1	negative	0.00034302199999999996	3.00784e-10	A	9	chr1	197642551	197642552	1	1	.	197642552	0.159341	0.556273	-0.0651705	0.556273	0.431116	0	C	A	-0.431116
metaanalysis	2029	1	rs16841842	1	197611682	A	C	-3.580435	6.298374	0.03987355	1	negative	0.00034302199999999996	3.00784e-10	A	9	chr1	197642551	197642552	1	1	.	197642552	0.159341	0.556273	-0.0651705	0.556273	0.431116	0	C	A	-0.431116
metaanalysis	2029	2	rs7061	3	50114515	C	T	4.4781830000000005	-4.320264	0.0017123429999999999	0	negative	7.528109e-06	1.558429e-05	T	11	chr3	50077081	50077082	3	3	.	50077082	0.56044	0.244123	0.285277	-0.285277	-0.462503	0	C	T	0.462503
metaanalysis	2029	2	rs7061	3	50114515	C	T	4.4781830000000005	-4.320264	0.0017123429999999999	0	negative	7.528109e-06	1.558429e-05	T	11	chr3	50077081	50077082	3	3	.	50077082	0.56044	0.244123	0.285277	-0.285277	-0.462503	0	C	T	0.462503
metaanalysis	2029	4	rs61876897	11	19525327	G	A	-3.691233	3.2658169999999997	0.03001182	1	negative	0.00022316939999999998	0.001091489	G	13	chr11	19503779	19503780	11	11	.	19503780	0.120879	-1.03169	-0.203276	0.203276	-0.169713	0	A	G	0.169713
metaanalysis	2029	6	rs12892609	14	97323184	T	G	3.535278	3.5298059999999998	0.04513624	1	positive	0.00040734699999999996	0.0004158649	T	15	chr14	96856846	96856847	14	14	.	96856847	0.362637	0.697761	-0.183557	0.697761	0.785489	0	G	T	-0.785489
metaanalysis	2029	8	rs9646419	17	37597185	A	G	3.8944419999999997	-3.0483130000000003	0.04990936	0	negative	9.842514000000002e-05	0.002301299	G	17	chr17	39440931	39440932	17	17	.	39440932	0.851648	-0.0299577	-1.34322	-0.0299577	0.609856	0	A	G	-0.609856
metaanalysis	2029	8	rs1877031	17	37814080	G	A	4.138776	-3.591839	0.009000855	1	negative	3.491638e-05	0.0003283526	A	18	chr17	39657826	39657827	17	17	.	39657827	0.681319	0.353079	0.162232	0.353079	1.27875	0	G	A	-1.27875
metaanalysis	2029	8	rs1877031	17	37814080	G	A	4.138776	-3.591839	0.009000855	1	negative	3.491638e-05	0.0003283526	A	18	chr17	39657826	39657827	17	17	.	39657827	0.681319	0.353079	0.162232	0.353079	1.27875	0	G	A	-1.27875
metaanalysis	2029	9	rs62056790	17	43975417	A	G	3.819768	-3.103775	0.04283019	1	negative	0.000133577	0.0019106829999999998	G	19	chr17	45898050	45898051	17	17	.	45898051	0.247253	0.784487	-0.22348	0.784487	0.732606	0	G	A	0.732606
metaanalysis	2029	11	rs193477	22	30451486	T	C	-3.811499	4.436662	0.02007602	1	negative	0.0001381265	9.136454e-06	T	22	chr22	30055496	30055497	22	22	.	30055497	0.412088	-0.106869	0.566832	-0.566832	-1.61751	0	C	T	1.61751
metaanalysis	2029	11	rs193477	22	30451486	T	C	-3.811499	4.436662	0.02007602	1	negative	0.0001381265	9.136454e-06	T	22	chr22	30055496	30055497	22	22	.	30055497	0.412088	-0.106869	0.566832	-0.566832	-1.61751	0	C	T	1.61751
metaanalysis	2029	11	rs9620943	22	30467766	T	C	-3.6886949999999996	3.971431	0.0291823	0	negative	0.0002254075	7.144225e-05	T	23	chr22	30071776	30071777	22	22	.	30071777	0.208791	0.729335	-0.0570287	0.729335	0.611183	0	C	T	-0.611183
metaanalysis	2029	11	rs9620943	22	30467766	T	C	-3.6886949999999996	3.971431	0.0291823	0	negative	0.0002254075	7.144225e-05	T	23	chr22	30071776	30071777	22	22	.	30071777	0.208791	0.729335	-0.0570287	0.729335	0.611183	0	C	T	-0.611183
metaanalysis	2030	3	rs7632056	3	85659025	A	G	6.403816	-3.4579199999999997	0.01937876	0	negative	1.515411e-10	0.0005443628	G	27	chr3	85609874	85609875	3	3	.	85609875	0.675824	0.203426	0.61149	-0.61149	-0.702764	0	A	G	0.702764
metaanalysis	2030	3	rs13082188	3	85674658	C	T	4.091739	-3.9001080000000004	0.005690655	1	negative	4.281511e-05	9.614988000000001e-05	T	28	chr3	85625507	85625508	3	3	.	85625508	0.186813	0.459904	-0.0951812	0.459904	0.0692235	0	T	C	0.0692235
metaanalysis	2030	4	rs228614	4	103578637	A	G	3.772208	-3.45097	0.01982648	1	negative	0.0001618093	0.0005585766000000001	G	29	chr4	102657479	102657480	4	4	.	102657480	0.489011	0.508986	0.193012	0.508986	0.825024	0	G	A	0.825024
metaanalysis	2030	7	rs1520933	8	64664272	C	T	3.9044550000000005	3.831318	0.01120105	1	positive	9.443808000000001e-05	0.00012745870000000002	C	32	chr8	63751713	63751714	8	8	.	63751714	0.153846	-1.09108	-0.320184	0.320184	-0.126303	0	T	C	0.126303
metaanalysis	2030	7	rs16930838	8	64989407	C	T	4.608901	3.502816	0.01673628	0	positive	4.048029e-06	0.0004603681	C	33	chr8	64076849	64076850	8	8	.	64076850	0.137363	0.680224	-0.126103	0.680224	0.973721	0	T	C	-0.973721
metaanalysis	2030	9	rs9303274	17	37836353	T	C	3.5805290000000003	-3.4972339999999997	0.03132682	1	negative	0.0003428994	0.0004701086	C	35	chr17	39680099	39680100	17	17	.	39680100	0.675824	0.194765	0.537747	-0.537747	-0.555074	0	T	C	0.555074
metaanalysis	2030	11	rs2023682	22	30599570	G	A	-3.863264	3.5913	0.01290851	1	negative	0.00011188209999999999	0.0003290328	G	39	chr22	30203580	30203581	22	22	.	30203581	0.296703	0.611426	0.0487348	0.611426	0.440822	0	A	G	-0.440822
metaanalysis	2030	11	rs2023682	22	30599570	G	A	-3.863264	3.5913	0.01290851	1	negative	0.00011188209999999999	0.0003290328	G	39	chr22	30203580	30203581	22	22	.	30203581	0.296703	0.611426	0.0487348	0.611426	0.440822	0	A	G	-0.440822
metaanalysis	2	1	rs228617	4	103580788	T	C	-3.895261	-3.995189	0.007064981999999999	1	positive	9.809309000000002e-05	6.464258000000001e-05	C	42	chr4	102659630	102659631	4	4	.	102659631	0.532967	0.320163	0.309019	0.320163	0.611098	0	T	C	-0.611098
metaanalysis	2	2	rs664366	5	88055761	A	G	-3.569721	-4.05267	0.02106764	0	positive	0.00035736139999999997	5.0636499999999995e-05	G	43	chr5	88759943	88759944	5	5	.	88759944	0.692308	0.285469	0.353764	-0.353764	-0.119274	0	A	G	0.119274
metaanalysis	2	2	rs664366	5	88055761	A	G	-3.569721	-4.05267	0.02106764	0	positive	0.00035736139999999997	5.0636499999999995e-05	G	43	chr5	88759943	88759944	5	5	.	88759944	0.692308	0.285469	0.353764	-0.353764	-0.119274	0	A	G	0.119274
metaanalysis	2	2	rs4518438	5	88157552	T	C	-3.752096	-3.834366	0.01172791	1	positive	0.0001753625	0.0001258886	C	44	chr5	88861734	88861735	5	5	.	88861735	0.521978	0.66062	-0.0172305	0.66062	1.2036	0	T	C	-1.2036
metaanalysis	2	2	rs4518438	5	88157552	T	C	-3.752096	-3.834366	0.01172791	1	positive	0.0001753625	0.0001258886	C	44	chr5	88861734	88861735	5	5	.	88861735	0.521978	0.66062	-0.0172305	0.66062	1.2036	0	T	C	-1.2036
metaanalysis	2	3	rs12246611	10	106674031	A	G	-3.2614259999999997	-3.903661	0.04997557	1	positive	0.001108534	9.474858000000001e-05	G	45	chr10	104914272	104914273	10	10	.	104914273	0.241758	0.171498	0.253559	-0.253559	-1.66052	0	G	A	-1.66052
metaanalysis	3437	2	rs194682	6	32914613	T	C	-3.803491	-4.253846	0.02062164	0	positive	0.0001426711	2.101295e-05	C	47	chr6	32946835	32946836	6	6	.	32946836	0.296703	0.997203	-0.145455	0.997203	1.30402	0	C	T	1.30402
metaanalysis	3437	3	rs2479102	9	126683955	C	T	-3.5461720000000003	3.723518	0.04889168	1	negative	0.0003908712	0.0001964655	C	48	chr9	123921675	123921676	9	9	.	123921676	0.230769	-0.157327	0.484535	-0.484535	-2.19328	1	T	C	2.19328
metaanalysis	3437	4	rs4794036	17	47369099	A	G	3.588687	3.5038440000000004	0.04284693	1	positive	0.0003323469	0.0004585937	A	49	chr17	49291736	49291737	17	17	.	49291737	0.521978	-0.115301	0.652058	-0.652058	-1.26587	0	A	G	-1.26587
metaanalysis	3437	5	rs6063071	20	45737763	C	A	3.692797	3.52325	0.03536344	1	positive	0.0002218014	0.0004262887	C	50	chr20	47109123	47109124	20	20	.	47109124	0.434066	0.64726	0.054958	0.64726	0.909607	0	A	C	-0.909607
metaanalysis	3666	1	rs174549	11	61571382	A	G	-4.112758	-4.024215	0.00477215	1	positive	3.9096090000000006e-05	5.716568e-05	G	51	chr11	61803909	61803910	11	11	.	61803910	0.32967	0.14082	0.32871	-0.32871	-1.51164	0	G	A	-1.51164
metaanalysis	3670	1	rs13099794	3	86277776	T	C	4.353685	3.4962800000000005	0.04543009	0	positive	1.3386789999999998e-05	0.0004717935	T	52	chr3	86228625	86228626	3	3	.	86228626	0.879121	-0.0489992	-1.3297	-0.0489992	0.482913	0	T	C	0.482913
metaanalysis	3670	1	rs60279733	3	86472656	C	T	4.446393	3.6146309999999997	0.02994705	1	positive	8.732414999999999e-06	0.0003007756	C	53	chr3	86423505	86423506	3	3	.	86423506	0.115385	-1.0717	-0.334274	0.334274	0.291694	0	T	C	-0.291694
metaanalysis	3671	1	rs2291487	11	46456344	T	C	3.7487150000000002	-3.553629	0.03054165	1	negative	0.00017774330000000003	0.00037995449999999996	C	55	chr11	46434793	46434794	11	11	.	46434794	0.197802	0.517757	0.273374	0.517757	0.170144	0	C	T	0.170144
metaanalysis	3671	2	rs174559	11	61581656	A	G	-3.818139	-3.403361	0.04786485	1	positive	0.00013446200000000001	0.0006656227000000001	G	56	chr11	61814183	61814184	11	11	.	61814184	0.307692	0.253294	0.168941	0.253294	-0.308625	0	G	A	-0.308625
metaanalysis	3671	3	rs110402	17	43880047	A	G	-3.416205	-4.089157	0.04309233	0	positive	0.0006350043	4.32943e-05	G	57	chr17	45802680	45802681	17	17	.	45802681	0.472527	0.449377	-0.125135	0.449377	0.664994	0	G	A	0.664994
metaanalysis	3671	3	rs110402	17	43880047	A	G	-3.416205	-4.089157	0.04309233	0	positive	0.0006350043	4.32943e-05	G	57	chr17	45802680	45802681	17	17	.	45802681	0.472527	0.449377	-0.125135	0.449377	0.664994	0	G	A	0.664994
metaanalysis	3671	3	rs74998289	17	43913558	G	T	3.6870160000000003	3.6840089999999996	0.02030477	1	positive	0.0002268991	0.00022959439999999998	G	58	chr17	45836191	45836192	17	17	.	45836192	0.247253	0.731177	-0.272878	0.731177	0.609704	0	T	G	-0.609704
metaanalysis	3675	2	rs3910952	19	38292369	C	T	-3.5209449999999998	3.548422	0.04358048	1	negative	0.0004300121	0.0003875473	C	60	chr19	37801728	37801729	19	19	.	37801729	0.587912	0.256679	0.361788	-0.361788	-0.517905	0	C	T	-0.517905
metaanalysis	3685	1	rs4624519	3	36862980	T	C	-3.8336129999999997	-3.483418	0.02128473	1	positive	0.0001262747	0.0004950548	C	61	chr3	36821488	36821489	3	3	.	36821489	0.324176	0.630062	0.0330748	0.630062	0.562231	0	C	T	0.562231
metaanalysis	3685	1	rs4624519	3	36862980	T	C	-3.8336129999999997	-3.483418	0.02128473	1	positive	0.0001262747	0.0004950548	C	61	chr3	36821488	36821489	3	3	.	36821489	0.324176	0.630062	0.0330748	0.630062	0.562231	0	C	T	0.562231
metaanalysis	3685	1	rs9985296	3	36889621	T	C	3.702379	4.161208	0.02555248	0	positive	0.0002135873	3.16569e-05	T	62	chr3	36848129	36848130	3	3	.	36848130	0.620879	0.0434748	0.69085	-0.69085	-1.01572	0	T	C	-1.01572
metaanalysis	3685	1	rs9985296	3	36889621	T	C	3.702379	4.161208	0.02555248	0	positive	0.0002135873	3.16569e-05	T	62	chr3	36848129	36848130	3	3	.	36848130	0.620879	0.0434748	0.69085	-0.69085	-1.01572	0	T	C	-1.01572
metaanalysis	3685	4	rs9369425	6	43810974	G	A	3.8464129999999996	-3.494931	0.02054421	1	negative	0.0001198596	0.0004741844	A	67	chr6	43843236	43843237	6	6	.	43843237	0.697802	-0.00829021	0.760352	-0.760352	-0.943748	0	G	A	0.943748
metaanalysis	3685	4	rs9369425	6	43810974	G	A	3.8464129999999996	-3.494931	0.02054421	1	negative	0.0001198596	0.0004741844	A	67	chr6	43843236	43843237	6	6	.	43843237	0.697802	-0.00829021	0.760352	-0.760352	-0.943748	0	G	A	0.943748
metaanalysis	3685	5	rs174556	11	61580635	T	C	-4.219698999999999	-4.601189	0.004366509	1	positive	2.446292e-05	4.200857e-06	C	68	chr11	61813162	61813163	11	11	.	61813163	0.32967	0.253354	0.321613	-0.321613	-1.49629	0	C	T	-1.49629
metaanalysis	3685	5	rs174556	11	61580635	T	C	-4.219698999999999	-4.601189	0.004366509	1	positive	2.446292e-05	4.200857e-06	C	68	chr11	61813162	61813163	11	11	.	61813163	0.32967	0.253354	0.321613	-0.321613	-1.49629	0	C	T	-1.49629
metaanalysis	3685	6	rs11078710	17	7777041	A	C	3.620882	3.49931	0.03277504	1	positive	0.00029360009999999996	0.00046646339999999994	A	70	chr17	7873722	7873723	17	17	.	7873723	0.17033	-1.40605	0.556951	-0.556951	-2.23359	1	C	A	2.23359
metaanalysis	3685	8	rs4823070	22	30488207	A	G	-3.6643190000000003	-3.239595	0.04556375	0	positive	0.0002479974	0.001196996	G	74	chr22	30092217	30092218	22	22	.	30092218	0.203297	0.797343	-0.205699	0.797343	0.769718	0	G	A	0.769718
metaanalysis	3685	8	rs4823070	22	30488207	A	G	-3.6643190000000003	-3.239595	0.04556375	0	positive	0.0002479974	0.001196996	G	74	chr22	30092217	30092218	22	22	.	30092218	0.203297	0.797343	-0.205699	0.797343	0.769718	0	G	A	0.769718
metaanalysis	3687	1	rs11713193	3	49924424	A	G	4.828864	3.536663	0.0334426	1	positive	1.3731399999999999e-06	0.0004052165	A	76	chr3	49886990	49886991	3	3	.	49886991	0.521978	0.168319	0.446014	-0.446014	-0.878253	0	G	A	0.878253
metaanalysis	3687	1	rs11713193	3	49924424	A	G	4.828864	3.536663	0.0334426	1	positive	1.3731399999999999e-06	0.0004052165	A	76	chr3	49886990	49886991	3	3	.	49886991	0.521978	0.168319	0.446014	-0.446014	-0.878253	0	G	A	0.878253
metaanalysis	3687	2	rs17640009	16	28595700	G	A	-3.501666	3.602871	0.03477939	1	negative	0.0004623594	0.0003147223	G	77	chr16	28584378	28584379	16	16	.	28584379	0.340659	0.674355	0.0509841	0.674355	0.702515	0	A	G	-0.702515
metaanalysis	3691	1	rs6719	1	154179679	C	T	4.083156	-3.7699580000000004	0.01095504	1	negative	4.442816e-05	0.00016327479999999998	T	79	chr1	154207202	154207203	1	1	.	154207203	0.401099	0.403391	0.323292	0.403391	0.310234	0	T	C	0.310234
metaanalysis	3691	1	rs6719	1	154179679	C	T	4.083156	-3.7699580000000004	0.01095504	1	negative	4.442816e-05	0.00016327479999999998	T	79	chr1	154207202	154207203	1	1	.	154207203	0.401099	0.403391	0.323292	0.403391	0.310234	0	T	C	0.310234
metaanalysis	3691	2	rs10496880	2	142237435	C	T	4.163286	4.185715	0.006950181	1	positive	3.1369970000000004e-05	2.8426940000000003e-05	C	80	chr2	141479865	141479866	2	2	.	141479866	0.0989011	-1.16082	-0.258581	0.258581	0.283806	0	T	C	-0.283806
metaanalysis	3691	5	rs9472138	6	43811762	T	C	3.9363639999999998	-3.91184	0.0160401	1	negative	8.272543e-05	9.159552e-05	C	83	chr6	43844024	43844025	6	6	.	43844025	0.302198	0.756482	-0.00190049	0.756482	0.799923	0	C	T	0.799923
metaanalysis	3691	5	rs9472138	6	43811762	T	C	3.9363639999999998	-3.91184	0.0160401	1	negative	8.272543e-05	9.159552e-05	C	83	chr6	43844024	43844025	6	6	.	43844025	0.302198	0.756482	-0.00190049	0.756482	0.799923	0	C	T	0.799923
metaanalysis	3698	1	rs9599406	13	69681627	G	A	-3.797647	3.7677160000000005	0.01945679	1	negative	0.0001460764	0.0001647478	G	87	chr13	69107494	69107495	13	13	.	69107495	0.230769	0.501783	0.121582	0.501783	0.0780115	0	A	G	-0.0780115
metaanalysis	4039	1	rs9985296	3	36889621	T	C	3.702379	-4.675929	0.01428148	0	negative	0.0002135873	2.9262560000000003e-06	C	89	chr3	36848129	36848130	3	3	.	36848130	0.620879	0.0434748	0.69085	-0.69085	-1.01572	0	T	C	1.01572
metaanalysis	4039	1	rs9985296	3	36889621	T	C	3.702379	-4.675929	0.01428148	0	negative	0.0002135873	2.9262560000000003e-06	C	89	chr3	36848129	36848130	3	3	.	36848130	0.620879	0.0434748	0.69085	-0.69085	-1.01572	0	T	C	1.01572
metaanalysis	4039	2	rs1248857	3	85018612	G	A	-3.743985	-3.232534	0.04558672	0	positive	0.0001811247	0.001226975	A	90	chr3	84969460	84969461	3	3	.	84969461	0.483516	-0.145023	0.394406	-0.394406	-0.935979	0	G	A	0.935979
metaanalysis	4039	2	rs1248857	3	85018612	G	A	-3.743985	-3.232534	0.04558672	0	positive	0.0001811247	0.001226975	A	90	chr3	84969460	84969461	3	3	.	84969461	0.483516	-0.145023	0.394406	-0.394406	-0.935979	0	G	A	0.935979
metaanalysis	4039	2	rs11127900	3	85594599	A	G	8.39126	3.359255	0.03251771	1	positive	4.809609e-17	0.0007815285	A	91	chr3	85545448	85545449	3	3	.	85545449	0.675824	0.273927	0.448027	-0.448027	-0.375385	0	A	G	-0.375385
metaanalysis	4039	4	rs9388090	6	98527087	T	C	-4.089335	4.118846	0.003597194	0	negative	4.3261190000000004e-05	3.807745999999999e-05	T	93	chr6	98079210	98079211	6	6	.	98079211	0.395604	0.748132	-0.163471	0.748132	0.970075	0	C	T	-0.970075
metaanalysis	4039	4	rs1487445	6	98565211	C	T	4.825482	-4.789254	0.00013707879999999998	1	negative	1.396649e-06	1.674027e-06	T	94	chr6	98117334	98117335	6	6	.	98117335	0.489011	0.516933	-0.134222	0.516933	0.840515	0	C	T	-0.840515
metaanalysis	4039	5	rs174537	11	61552680	T	G	-3.927182	4.036983	0.006564165	1	negative	8.594701e-05	5.414297e-05	T	95	chr11	61785207	61785208	11	11	.	61785208	0.384615	0.375818	0.31826	0.375818	0.190387	0	G	T	-0.190387
metaanalysis	4039	6	rs1107179	15	85198362	G	T	-3.5371029999999997	-3.266483	0.04184958	0	positive	0.00040454160000000006	0.001088922	T	97	chr15	84655130	84655131	15	15	.	84655131	0.587912	0.2844	0.148406	0.2844	0.708051	0	G	T	-0.708051
metaanalysis	4039	8	rs5995257	22	22285987	C	T	-3.584293	-3.6464790000000002	0.02101499	1	positive	0.0003379926	0.0002658579	T	99	chr22	21931614	21931615	22	22	.	21931615	0.406593	0.017192	0.56199	-0.56199	-1.65401	0	T	C	-1.65401
metaanalysis	4039	9	rs1985725	22	31618597	G	A	3.802835	3.2911610000000002	0.03912091	1	positive	0.00014304959999999998	0.0009977481	G	100	chr22	31222610	31222611	22	22	.	31222611	0.71978	0.318268	0.515701	-0.515701	-0.390373	0	G	A	-0.390373
metaanalysis	4085	1	rs2943657	2	227123439	C	T	-3.896368	-11.796066	0.03093962	1	positive	9.764604e-05	4.0898799999999997e-32	T	101	chr2	226258722	226258723	2	2	.	226258723	0.648352	0.0353035	0.80603	-0.80603	-1.18954	0	C	T	1.18954
metaanalysis	4085	3	rs9472138	6	43811762	T	C	3.9363639999999998	5.903649	0.02677567	1	positive	8.272543e-05	3.555489e-09	T	103	chr6	43844024	43844025	6	6	.	43844025	0.302198	0.756482	-0.00190049	0.756482	0.799923	0	C	T	-0.799923
metaanalysis	4085	3	rs9472138	6	43811762	T	C	3.9363639999999998	5.903649	0.02677567	1	positive	8.272543e-05	3.555489e-09	T	103	chr6	43844024	43844025	6	6	.	43844025	0.302198	0.756482	-0.00190049	0.756482	0.799923	0	C	T	-0.799923
metaanalysis	4085	4	rs1877031	17	37814080	G	A	4.138776	3.5824300000000004	0.02297479	1	positive	3.491638e-05	0.000340413	G	104	chr17	39657826	39657827	17	17	.	39657827	0.681319	0.353079	0.162232	0.353079	1.27875	0	G	A	1.27875
metaanalysis	4085	4	rs1877031	17	37814080	G	A	4.138776	3.5824300000000004	0.02297479	1	positive	3.491638e-05	0.000340413	G	104	chr17	39657826	39657827	17	17	.	39657827	0.681319	0.353079	0.162232	0.353079	1.27875	0	G	A	1.27875
metaanalysis	4266	1	rs228616	4	103579691	A	G	3.977331	3.313244	0.03192122	1	positive	6.9693e-05	0.0009222036	A	106	chr4	102658533	102658534	4	4	.	102658534	0.489011	0.514862	0.179594	0.514862	0.836478	0	G	A	-0.836478
metaanalysis	4266	2	rs3130976	6	31081940	C	T	4.3216529999999995	7.254466000000001	0.0042984	1	positive	1.548648e-05	4.0325059999999997e-13	C	107	chr6	31114162	31114163	6	6	.	31114163	0.208791	0.890333	0.11418	0.890333	0.98649	0	T	C	-0.98649
metaanalysis	4266	2	rs3130976	6	31081940	C	T	4.3216529999999995	7.254466000000001	0.0042984	1	positive	1.548648e-05	4.0325059999999997e-13	C	107	chr6	31114162	31114163	6	6	.	31114163	0.208791	0.890333	0.11418	0.890333	0.98649	0	T	C	-0.98649
metaanalysis	4266	3	rs2071293	6	32062687	A	G	-4.287481	5.293191	0.004976205	0	negative	1.807108e-05	1.202003e-07	A	108	chr6	32094909	32094910	6	6	.	32094910	0.307692	0.84856	0.047608	0.84856	1.00278	0	G	A	-1.00278
metaanalysis	4266	3	rs2071293	6	32062687	A	G	-4.287481	5.293191	0.004976205	0	negative	1.807108e-05	1.202003e-07	A	108	chr6	32094909	32094910	6	6	.	32094910	0.307692	0.84856	0.047608	0.84856	1.00278	0	G	A	-1.00278
metaanalysis	4266	4	rs209474	6	32924584	G	A	-3.8713300000000004	-5.211790000000001	0.0229746	0	positive	0.00010824299999999999	1.870271e-07	A	109	chr6	32956806	32956807	6	6	.	32956807	0.379121	0.937697	-0.104852	0.937697	1.31497	0	A	G	1.31497
metaanalysis	4266	4	rs209474	6	32924584	G	A	-3.8713300000000004	-5.211790000000001	0.0229746	0	positive	0.00010824299999999999	1.870271e-07	A	109	chr6	32956806	32956807	6	6	.	32956807	0.379121	0.937697	-0.104852	0.937697	1.31497	0	A	G	1.31497
metaanalysis	4266	5	rs12369778	12	88966413	T	G	3.6772970000000003	3.654857	0.041292	1	positive	0.0002357181	0.000257325	T	110	chr12	88572635	88572636	12	12	.	88572636	0.824176	0.44527	-0.485826	0.44527	1.77362	0	T	G	1.77362
metaanalysis	4266	6	rs7208487	17	37543449	G	T	4.091739	7.8652820000000006	0.01073142	0	positive	4.281511e-05	3.682682e-15	G	111	chr17	39387195	39387196	17	17	.	39387196	0.148352	-1.36544	-0.0891669	0.0891669	-0.581099	0	T	G	0.581099
metaanalysis	4266	6	rs7208487	17	37543449	G	T	4.091739	7.8652820000000006	0.01073142	0	positive	4.281511e-05	3.682682e-15	G	111	chr17	39387195	39387196	17	17	.	39387196	0.148352	-1.36544	-0.0891669	0.0891669	-0.581099	0	T	G	0.581099
metaanalysis	4266	6	rs10491128	17	37551988	A	G	3.7312830000000003	8.24442	0.03530685	0	positive	0.0001905069	1.659631e-16	A	112	chr17	39395734	39395735	17	17	.	39395735	0.21978	0.0806383	0.237501	-0.237501	-1.66353	0	G	A	1.66353
metaanalysis	4266	6	rs10491128	17	37551988	A	G	3.7312830000000003	8.24442	0.03530685	0	positive	0.0001905069	1.659631e-16	A	112	chr17	39395734	39395735	17	17	.	39395735	0.21978	0.0806383	0.237501	-0.237501	-1.66353	0	G	A	1.66353
metaanalysis	4266	6	rs931992	17	37821435	G	T	4.159935	13.527916000000001	0.008262182	1	positive	3.183384e-05	1.0701449999999998e-41	G	113	chr17	39665181	39665182	17	17	.	39665182	0.681319	0.330695	0.319137	0.330695	1.23408	0	G	T	1.23408
metaanalysis	4266	6	rs931992	17	37821435	G	T	4.159935	13.527916000000001	0.008262182	1	positive	3.183384e-05	1.0701449999999998e-41	G	113	chr17	39665181	39665182	17	17	.	39665182	0.681319	0.330695	0.319137	0.330695	1.23408	0	G	T	1.23408
metaanalysis	4266	7	rs11078930	17	38141955	T	C	-3.777097	-11.031134	0.03073273	1	positive	0.0001586669	2.704328e-28	C	114	chr17	39985701	39985702	17	17	.	39985702	0.324176	0.977917	-0.136955	0.977917	1.31466	0	C	T	1.31466
metaanalysis	4266	7	rs11078930	17	38141955	T	C	-3.777097	-11.031134	0.03073273	1	positive	0.0001586669	2.704328e-28	C	114	chr17	39985701	39985702	17	17	.	39985702	0.324176	0.977917	-0.136955	0.977917	1.31466	0	C	T	1.31466
metaanalysis	4266	8	rs199443	17	44819565	T	C	4.881604	-5.049479	0.0003055691	1	negative	1.052264e-06	4.430167e-07	C	115	chr17	46742198	46742199	17	17	.	46742199	0.230769	0.678092	-0.121387	0.678092	0.484016	0	C	T	0.484016
metaanalysis	4266	9	rs12943264	17	47418698	C	T	3.7127879999999998	5.786499	0.03724615	1	positive	0.0002049889	7.186831e-09	C	116	chr17	49341335	49341336	17	17	.	49341336	0.478022	0.481907	0.198163	0.481907	0.729204	0	T	C	-0.729204
metaanalysis	4266	9	rs12943264	17	47418698	C	T	3.7127879999999998	5.786499	0.03724615	1	positive	0.0002049889	7.186831e-09	C	116	chr17	49341335	49341336	17	17	.	49341336	0.478022	0.481907	0.198163	0.481907	0.729204	0	T	C	-0.729204
metaanalysis	4266	10	rs1667337	19	37467512	A	G	-4.0331589999999995	3.58331	0.01328354	1	negative	5.5032e-05	0.000339267	A	117	chr19	36976609	36976610	19	19	.	36976610	0.56044	0.148671	0.56699	-0.56699	-0.991271	0	A	G	-0.991271
metaanalysis	4266	10	rs1667337	19	37467512	A	G	-4.0331589999999995	3.58331	0.01328354	1	negative	5.5032e-05	0.000339267	A	117	chr19	36976609	36976610	19	19	.	36976610	0.56044	0.148671	0.56699	-0.56699	-0.991271	0	A	G	-0.991271
metaanalysis	4267	1	rs7521303	1	154011605	C	T	3.7510230000000004	3.5314449999999997	0.02084694	1	positive	0.00017611439999999998	0.0004132965	C	118	chr1	154039128	154039129	1	1	.	154039129	0.258242	0.261355	0.349293	-0.349293	-1.81483	0	T	C	1.81483
metaanalysis	4267	1	rs6719	1	154179679	C	T	4.083156	3.3881050000000004	0.03367396	0	positive	4.442816e-05	0.0007037741	C	119	chr1	154207202	154207203	1	1	.	154207203	0.401099	0.403391	0.323292	0.403391	0.310234	0	T	C	-0.310234
metaanalysis	4267	1	rs6719	1	154179679	C	T	4.083156	3.3881050000000004	0.03367396	0	positive	4.442816e-05	0.0007037741	C	119	chr1	154207202	154207203	1	1	.	154207203	0.401099	0.403391	0.323292	0.403391	0.310234	0	T	C	-0.310234
metaanalysis	4267	4	rs11146313	10	134100004	T	C	4.014515	3.293285	0.04592503	1	positive	5.9568269999999995e-05	0.0009902404	T	122	chr10	132286499	132286500	10	10	.	132286500	0.362637	0.5118	0.040711	0.5118	0.399964	0	C	T	-0.399964
metaanalysis	4276	1	rs56319427	1	22396998	C	T	-3.888844	-3.952373	0.009388414	0	positive	0.00010072299999999999	7.738008000000001e-05	T	126	chr1	22070504	22070505	1	1	.	22070505	0.17033	-1.07514	-0.14151	0.14151	-0.61809	0	T	C	-0.61809
metaanalysis	4276	1	rs56319427	1	22396998	C	T	-3.888844	-3.952373	0.009388414	0	positive	0.00010072299999999999	7.738008000000001e-05	T	126	chr1	22070504	22070505	1	1	.	22070505	0.17033	-1.07514	-0.14151	0.14151	-0.61809	0	T	C	-0.61809
metaanalysis	4276	1	rs1046310	1	22443887	G	T	-4.039748	-3.943432	0.007710066	1	positive	5.3508549999999994e-05	8.032366e-05	T	127	chr1	22117393	22117394	1	1	.	22117394	0.478022	0.577	-0.00568412	0.577	0.916906	0	G	T	-0.916906
metaanalysis	4290	1	rs10917130	1	22371065	G	T	-3.210283	-3.234692	0.04630683	0	positive	0.0013260429999999998	0.001217739	T	128	chr1	22044571	22044572	1	1	.	22044572	0.164835	-0.952044	-0.168664	0.168664	-0.525442	0	T	G	-0.525442
metaanalysis	4290	1	rs7544210	1	22455142	G	A	-3.967399	-3.7663059999999997	0.005867525	1	positive	7.266142e-05	0.0001656807	A	129	chr1	22128648	22128649	1	1	.	22128649	0.527473	0.463424	-0.0881956	0.463424	0.832624	0	G	A	-0.832624
metaanalysis	4290	2	rs6668257	1	57804974	T	C	-3.9527410000000005	-4.035628	0.005756165	1	positive	7.726115e-05	5.4456440000000005e-05	C	130	chr1	57339301	57339302	1	1	.	57339302	0.417582	0.0519016	0.186253	-0.186253	-0.843838	0	C	T	-0.843838
metaanalysis	4290	3	rs993531	2	58951109	T	G	3.837015	-5.661281	0.008239446	1	negative	0.0001245388	1.502472e-08	G	131	chr2	58723973	58723974	2	2	.	58723974	0.203297	0.871141	-0.19414	0.871141	0.941751	0	G	T	0.941751
metaanalysis	4290	4	rs10865420	2	76490931	G	A	3.636999	-3.314686	0.02534148	1	negative	0.0002758333	0.0009174627	A	132	chr2	76263804	76263805	2	2	.	76263805	0.115385	0.124391	0.267644	-0.267644	-1.41882	0	A	G	-1.41882
metaanalysis	4290	5	rs10932550	2	215448251	C	T	3.309339	-3.7018940000000002	0.03298323	1	negative	0.0009351636999999999	0.00021399560000000001	T	133	chr2	214583526	214583527	2	2	.	214583527	0.846154	0.00862966	0.352355	-0.352355	-0.0955728	0	C	T	0.0955728
metaanalysis	4290	6	rs9855607	3	35617372	G	A	-3.270163	-3.6614089999999995	0.03609957	1	positive	0.0010748560000000001	0.0002508318	A	134	chr3	35575879	35575880	3	3	.	35575880	0.714286	0.0667425	0.580802	-0.580802	-0.52451	0	G	A	0.52451
metaanalysis	4290	7	rs2247510	3	50126215	C	A	4.420349	3.200445	0.03561776	0	positive	9.854149e-06	0.001372154	C	137	chr3	50088781	50088782	3	3	.	50088782	0.56044	0.204592	0.387155	-0.387155	-0.653725	0	C	A	-0.653725
metaanalysis	4290	8	rs1512929	3	86265219	C	T	3.5178839999999996	3.3093589999999997	0.02573886	1	positive	0.0004350029	0.0009350994	C	138	chr3	86216068	86216069	3	3	.	86216069	0.637363	0.492957	-0.464402	0.492957	1.32145	0	C	T	1.32145
metaanalysis	4290	9	rs10008936	4	105321464	A	G	-3.5776470000000002	-4.667419000000001	0.01704924	1	positive	0.00034670059999999996	3.0500659999999997e-06	G	139	chr4	104400306	104400307	4	4	.	104400307	0.675824	0.127119	0.416007	-0.416007	-0.311256	0	A	G	0.311256
metaanalysis	4290	11	rs9401491	6	98481904	A	G	3.29835	3.132772	0.04705292	1	positive	0.0009725474000000001	0.001731637	A	141	chr6	98034027	98034028	6	6	.	98034028	0.120879	-1.17212	0.0412156	-0.0412156	-0.824162	0	G	A	0.824162
metaanalysis	4290	12	rs10215554	7	3598282	T	C	-3.7698940000000003	-3.3229370000000005	0.02472485	1	positive	0.000163317	0.0008907511	C	142	chr7	3558649	3558650	7	7	.	3558650	0.192308	0.577837	-0.0945384	0.577837	0.307459	0	C	T	0.307459
metaanalysis	4290	13	rs17551174	9	23817548	G	A	-4.446291	-4.27506	0.0009185811	1	positive	8.736562999999999e-06	1.9108570000000003e-05	A	143	chr9	23817549	23817550	9	9	.	23817550	0.104396	-1.29282	-0.134448	0.134448	-0.214636	0	A	G	-0.214636
metaanalysis	4290	14	rs1493829	12	74984758	C	A	-3.2601	-3.234692	0.04152584	1	positive	0.00111373	0.001217739	A	144	chr12	74590977	74590978	12	12	.	74590978	0.725275	0.309856	0.365542	-0.365542	-0.0404399	0	C	A	0.0404399
metaanalysis	4290	15	rs10779014	12	83982559	A	G	4.014616999999999	3.82514	0.004772543	1	positive	5.9542299999999994e-05	0.00013069790000000002	A	145	chr12	83588779	83588780	12	12	.	83588780	0.527473	0.236358	0.439263	-0.439263	-0.865552	0	A	G	-0.865552
metaanalysis	4290	15	rs10779037	12	84129119	T	C	-3.4392940000000003	-3.5106980000000005	0.02419392	0	positive	0.0005832341	0.0004469318	C	146	chr12	83735339	83735340	12	12	.	83735340	0.593407	0.0336966	0.688127	-0.688127	-1.10017	0	T	C	1.10017
metaanalysis	4290	15	rs922161	12	84163323	A	C	-3.150004	-3.8955660000000005	0.04710173	0	positive	0.001632681	9.796955e-05	C	147	chr12	83769543	83769544	12	12	.	83769544	0.648352	0.0447077	0.842735	-0.842735	-1.26046	0	A	C	1.26046
metaanalysis	4290	16	rs9536375	13	53817816	A	G	3.216715	5.533296	0.04068052	0	positive	0.001296673	3.142689e-08	A	148	chr13	53243680	53243681	13	13	.	53243681	0.263736	0.348546	0.188114	0.348546	-0.213743	0	G	A	0.213743
metaanalysis	4290	17	rs1340724	13	69580065	T	C	3.474739	-3.337451	0.0236369	1	negative	0.0005113508999999999	0.0008455053	C	150	chr13	69005932	69005933	13	13	.	69005933	0.763736	0.00584627	0.810979	-0.810979	-0.915146	0	T	C	0.915146
metaanalysis	4290	18	rs3759667	14	55658421	G	A	3.7921419999999997	-3.918504	0.009427048	1	negative	0.0001493532	8.910033000000001e-05	A	151	chr14	55191702	55191703	14	14	.	55191703	0.373626	0.433765	0.0267449	0.433765	0.281031	0	A	G	0.281031
metaanalysis	4290	19	rs11634320	15	85172183	A	C	-3.752275	3.472485	0.01551358	1	negative	0.0001752372	0.0005156632	A	152	chr15	84628951	84628952	15	15	.	84628952	0.241758	0.733538	-0.0483693	0.733538	0.615147	0	C	A	-0.615147
metaanalysis	4290	19	rs11634320	15	85172183	A	C	-3.752275	3.472485	0.01551358	1	negative	0.0001752372	0.0005156632	A	152	chr15	84628951	84628952	15	15	.	84628952	0.241758	0.733538	-0.0483693	0.733538	0.615147	0	C	A	-0.615147
metaanalysis	4290	20	rs2938134	17	50243397	C	A	3.6852089999999995	3.400093	0.01949925	1	positive	0.00022851470000000002	0.0006736295	C	153	chr17	52166036	52166037	17	17	.	52166037	0.692308	0.150415	0.710272	-0.710272	-0.842197	0	C	A	-0.842197
metaanalysis	4290	21	rs1667337	19	37467512	A	G	-4.0331589999999995	-4.09136	0.0044250140000000006	1	positive	5.5032e-05	4.288499e-05	G	154	chr19	36976609	36976610	19	19	.	36976610	0.56044	0.148671	0.56699	-0.56699	-0.991271	0	A	G	0.991271
metaanalysis	4290	21	rs1667337	19	37467512	A	G	-4.0331589999999995	-4.09136	0.0044250140000000006	1	positive	5.5032e-05	4.288499e-05	G	154	chr19	36976609	36976610	19	19	.	36976610	0.56044	0.148671	0.56699	-0.56699	-0.991271	0	A	G	0.991271
metaanalysis	4290	21	rs3859549	19	38306876	T	C	3.867208	3.694518	0.007539493	0	positive	0.0001100885	0.0002203039	T	156	chr19	37816235	37816236	19	19	.	37816236	0.395604	0.854248	0.0511753	0.854248	1.18452	0	C	T	-1.18452
metaanalysis	4290	21	rs3859549	19	38306876	T	C	3.867208	3.694518	0.007539493	0	positive	0.0001100885	0.0002203039	T	156	chr19	37816235	37816236	19	19	.	37816236	0.395604	0.854248	0.0511753	0.854248	1.18452	0	C	T	-1.18452
metaanalysis	4307	1	rs66766977	1	22431092	T	C	-4.016165	-3.314257	0.04442851	1	positive	5.9152819999999995e-05	0.0009188696000000001	C	157	chr1	22104598	22104599	1	1	.	22104599	0.489011	0.530117	0.0835324	0.530117	0.866215	0	T	C	-0.866215
metaanalysis	4307	1	rs66766977	1	22431092	T	C	-4.016165	-3.314257	0.04442851	1	positive	5.9152819999999995e-05	0.0009188696000000001	C	157	chr1	22104598	22104599	1	1	.	22104599	0.489011	0.530117	0.0835324	0.530117	0.866215	0	T	C	-0.866215
metaanalysis	4307	2	rs6761233	2	154837081	A	G	3.6654730000000004	3.3978900000000003	0.03474158	1	positive	0.0002468819	0.0006790772	A	158	chr2	153980567	153980568	2	2	.	153980568	0.494505	0.540373	0.0584183	0.540373	0.982085	0	A	G	0.982085
metaanalysis	4307	3	rs7061	3	50114515	C	T	4.4781830000000005	4.852047	0.0008319557	0	positive	7.528109e-06	1.221937e-06	C	161	chr3	50077081	50077082	3	3	.	50077082	0.56044	0.244123	0.285277	-0.285277	-0.462503	0	C	T	-0.462503
metaanalysis	4307	3	rs7061	3	50114515	C	T	4.4781830000000005	4.852047	0.0008319557	0	positive	7.528109e-06	1.221937e-06	C	161	chr3	50077081	50077082	3	3	.	50077082	0.56044	0.244123	0.285277	-0.285277	-0.462503	0	C	T	-0.462503
metaanalysis	4307	4	rs2139890	17	43541627	A	C	3.5882059999999996	3.282308	0.04855612	1	positive	0.0003329607	0.00102961	A	162	chr17	45464260	45464261	17	17	.	45464261	0.186813	-1.17505	-0.122022	0.122022	-0.711752	0	C	A	0.711752
metaanalysis	4311	1	rs10737462	1	22444975	T	C	-4.078072	-4.38793	0.00687896	1	positive	4.5410779999999994e-05	1.144347e-05	C	163	chr1	22118481	22118482	1	1	.	22118482	0.252747	0.78516	-0.162489	0.78516	0.763985	0	C	T	0.763985
metaanalysis	4311	1	rs10737462	1	22444975	T	C	-4.078072	-4.38793	0.00687896	1	positive	4.5410779999999994e-05	1.144347e-05	C	163	chr1	22118481	22118482	1	1	.	22118482	0.252747	0.78516	-0.162489	0.78516	0.763985	0	C	T	0.763985
metaanalysis	4311	2	rs13400680	2	225300696	G	A	3.7326089999999996	3.3447699999999996	0.04035184	1	positive	0.0001895068	0.0008235091000000001	G	164	chr2	224435978	224435979	2	2	.	224435979	0.230769	-0.37784	-0.00920568	0.00920568	-1.0563	0	A	G	1.0563
metaanalysis	4311	3	rs1348606	4	95856369	G	A	3.590233	3.7355050000000003	0.0374977	1	positive	0.0003303825	0.0001873387	G	165	chr4	94935217	94935218	4	4	.	94935218	0.126374	-1.12401	0.0867708	-0.0867708	-0.946103	0	A	G	0.946103
metaanalysis	4311	4	rs4458695	6	98528404	A	G	-4.242475	-5.375751	0.003561543	1	positive	2.210683e-05	7.626396e-08	G	166	chr6	98080527	98080528	6	6	.	98080528	0.395604	0.734768	-0.128262	0.734768	0.943069	0	G	A	0.943069
metaanalysis	4311	4	rs4458695	6	98528404	A	G	-4.242475	-5.375751	0.003561543	1	positive	2.210683e-05	7.626396e-08	G	166	chr6	98080527	98080528	6	6	.	98080528	0.395604	0.734768	-0.128262	0.734768	0.943069	0	G	A	0.943069
metaanalysis	4311	4	rs9401593	6	98549801	A	C	4.826217	3.610519	0.01719305	0	positive	1.391508e-06	0.0003055846	A	167	chr6	98101924	98101925	6	6	.	98101925	0.489011	0.727165	-0.15611	0.727165	1.25033	0	A	C	1.25033
metaanalysis	4311	5	rs10160701	11	46551918	T	C	3.9187809999999996	-3.632167	0.01600722	1	negative	8.89981e-05	0.0002810515	C	168	chr11	46530367	46530368	11	11	.	46530368	0.203297	0.146379	0.164296	-0.164296	-1.47199	0	C	T	-1.47199
metaanalysis	4311	5	rs10160701	11	46551918	T	C	3.9187809999999996	-3.632167	0.01600722	1	negative	8.89981e-05	0.0002810515	C	168	chr11	46530367	46530368	11	11	.	46530368	0.203297	0.146379	0.164296	-0.164296	-1.47199	0	C	T	-1.47199
metaanalysis	4333	1	rs12434073	14	46921265	A	G	3.725078	3.688504	0.02541928	1	positive	0.00019525479999999999	0.00022557650000000002	A	169	chr14	46452061	46452062	14	14	.	46452062	0.428571	0.415348	-0.121142	0.415348	0.413687	0	G	A	-0.413687
metaanalysis	BCAC2020BC	1	rs10865958	3	49858142	G	A	3.848786	3.694178	0.03003335	1	positive	0.00011870469999999999	0.0002205989	G	170	chr3	49820708	49820709	3	3	.	49820709	0.5	0.460951	0.293239	0.460951	0.497131	0	A	G	-0.497131
metaanalysis	BCAC2020BC	2	rs7678766	4	68011953	G	T	3.843806	-3.3016370000000004	0.03769019	1	negative	0.0001211409	0.0009612234	T	171	chr4	67146234	67146235	4	4	.	67146235	0.17033	-1.29793	-0.135583	0.135583	-0.631798	0	T	G	-0.631798
metaanalysis	BCAC2020BC	3	rs3130978	6	31082188	A	G	4.248264	-3.6236	0.01255142	1	negative	2.154339e-05	0.0002905307	G	172	chr6	31114410	31114411	6	6	.	31114411	0.302198	0.364633	0.288905	0.364633	-0.0633394	0	G	A	-0.0633394
metaanalysis	BCAC2020BC	3	rs3130978	6	31082188	A	G	4.248264	-3.6236	0.01255142	1	negative	2.154339e-05	0.0002905307	G	172	chr6	31114410	31114411	6	6	.	31114411	0.302198	0.364633	0.288905	0.364633	-0.0633394	0	G	A	-0.0633394
metaanalysis	BCAC2020BC	4	rs3020410	6	152266377	A	C	3.7697019999999997	-3.264366	0.04244852	1	negative	0.0001634426	0.0010970939999999998	C	173	chr6	151945241	151945242	6	6	.	151945242	0.862637	0.382448	-0.737104	0.382448	1.58233	0	A	C	-1.58233
metaanalysis	BCAC2020BC	5	rs34285050	15	40994584	G	A	-3.9769349999999997	-4.026403	0.01949518	1	positive	6.980924e-05	5.663663000000001e-05	A	174	chr15	40702385	40702386	15	15	.	40702386	0.131868	0.808401	0.00833343	0.808401	1.29774	0	A	G	1.29774
metaanalysis	CMDKP2018AF	2	rs12514307	5	137612143	C	T	3.9078510000000004	6.670441	0.02041239	1	positive	9.312064000000001e-05	2.5503660000000002e-11	C	178	chr5	138276453	138276454	5	5	.	138276454	0.412088	0.395071	0.201549	0.395071	0.337925	0	T	C	-0.337925
metaanalysis	CMDKP2018AF	2	rs740076	5	137788607	G	A	-3.712942	-6.540702	0.03778558	0	positive	0.00020486419999999998	6.123075e-11	A	179	chr5	138452917	138452918	5	5	.	138452918	0.401099	0.593281	0.0308772	0.593281	0.696599	0	A	G	0.696599
metaanalysis	CMDKP2018AF	2	rs740076	5	137788607	G	A	-3.712942	-6.540702	0.03778558	0	positive	0.00020486419999999998	6.123075e-11	A	179	chr5	138452917	138452918	5	5	.	138452918	0.401099	0.593281	0.0308772	0.593281	0.696599	0	A	G	0.696599
metaanalysis	CMDKP2018AF	5	rs199439	17	44793503	G	A	4.881132	4.403926	0.0007585630000000001	1	positive	1.054785e-06	1.0630899999999998e-05	G	183	chr17	46716136	46716137	17	17	.	46716137	0.230769	0.880798	-0.135435	0.880798	0.950807	0	A	G	-0.950807
metaanalysis	GCST003763	1	rs4820827	22	30477589	T	C	3.9691400000000003	-3.924727	0.008284968	1	negative	7.213255999999999e-05	8.68282e-05	C	184	chr22	30081599	30081600	22	22	.	30081600	0.576923	0.132917	0.755342	-0.755342	-1.30819	0	T	C	1.30819
metaanalysis	GCST003763	1	rs4820827	22	30477589	T	C	3.9691400000000003	-3.924727	0.008284968	1	negative	7.213255999999999e-05	8.68282e-05	C	184	chr22	30081599	30081600	22	22	.	30081600	0.576923	0.132917	0.755342	-0.755342	-1.30819	0	T	C	1.30819
metaanalysis	GCST008057	1	rs75786554	2	59000603	T	C	3.4182230000000002	3.3151080000000004	0.04062904	0	positive	0.0006303147	0.0009160778999999999	T	186	chr2	58773467	58773468	2	2	.	58773468	0.186813	1.12446	-0.288566	1.12446	1.60527	0	C	T	-1.60527
metaanalysis	GCST008057	2	rs73183114	3	105166451	A	G	-3.8893980000000004	-3.7113110000000002	0.01197783	1	positive	0.0001004933	0.0002061889	G	187	chr3	105447606	105447607	3	3	.	105447607	0.153846	0.610695	-0.149419	0.610695	0.559609	0	G	A	0.559609
metaanalysis	GCST008057	3	rs769066	8	53145698	C	T	4.892835	-3.3212650000000004	0.03992319	1	negative	9.93936e-07	0.0008961045	T	188	chr8	52233137	52233138	8	8	.	52233138	0.208791	0.644881	-0.138437	0.644881	0.414309	0	T	C	0.414309
metaanalysis	GCST008057	5	rs1807508	22	30395834	T	C	3.930471	-3.574445	0.01860926	1	negative	8.477949e-05	0.0003509718	C	190	chr22	29999844	29999845	22	22	.	29999845	0.434066	0.622295	0.210479	0.622295	0.86038	0	C	T	0.86038
metaanalysis	GCST009131	1	rs413967	4	103583196	A	G	3.990883	-4.272972	0.008663989	1	negative	6.582786e-05	1.928844e-05	G	191	chr4	102662038	102662039	4	4	.	102662039	0.489011	0.49417	0.21074	0.49417	0.796143	0	G	A	0.796143
metaanalysis	GCST009131	2	rs1042146	6	31083169	G	A	3.705204	3.56251	0.03249801	0	positive	0.0002112207	0.0003673253	G	193	chr6	31115391	31115392	6	6	.	31115392	0.549451	0.36225	0.371355	-0.371355	-0.674685	0	G	A	-0.674685
metaanalysis	GCST009131	4	rs209475	6	32925585	A	G	-3.7329410000000003	3.472915	0.04452878	0	negative	0.0001892568	0.0005148392	A	195	chr6	32957807	32957808	6	6	.	32957808	0.307692	1.07901	-0.275806	1.07901	1.51047	0	G	A	-1.51047
metaanalysis	GCST009131	5	rs10491128	17	37551988	A	G	3.7312830000000003	-3.719793	0.02435993	1	negative	0.0001905069	0.0001993863	G	196	chr17	39395734	39395735	17	17	.	39395735	0.21978	0.0806383	0.237501	-0.237501	-1.66353	0	G	A	-1.66353
metaanalysis	GCST009131	5	rs10491128	17	37551988	A	G	3.7312830000000003	-3.719793	0.02435993	1	negative	0.0001905069	0.0001993863	G	196	chr17	39395734	39395735	17	17	.	39395735	0.21978	0.0806383	0.237501	-0.237501	-1.66353	0	G	A	-1.66353
metaanalysis	GCST009158	1	rs10737462	1	22444975	T	C	-4.078072	7.513135000000001	0.00570561	0	negative	4.5410779999999994e-05	5.772812e-14	T	198	chr1	22118481	22118482	1	1	.	22118482	0.252747	0.78516	-0.162489	0.78516	0.763985	0	C	T	-0.763985
metaanalysis	GCST009158	1	rs10737462	1	22444975	T	C	-4.078072	7.513135000000001	0.00570561	0	negative	4.5410779999999994e-05	5.772812e-14	T	198	chr1	22118481	22118482	1	1	.	22118482	0.252747	0.78516	-0.162489	0.78516	0.763985	0	C	T	-0.763985
metaanalysis	GCST009158	1	rs59709264	1	22449325	G	A	-4.1432459999999995	4.276455	0.004416495	1	negative	3.424245e-05	1.8989310000000002e-05	G	199	chr1	22122831	22122832	1	1	.	22122832	0.478022	0.598105	-0.0345405	0.598105	0.958565	0	G	A	0.958565
metaanalysis	GCST009158	2	rs6780368	3	128122039	T	C	-3.643067	3.9779400000000003	0.02674179	1	negative	0.00026940849999999996	6.951504e-05	T	200	chr3	128403195	128403196	3	3	.	128403196	0.104396	-1.1464	-0.19054	0.19054	-0.0470588	0	C	T	0.0470588
metaanalysis	GCST009541	1	rs3811696	3	49761605	C	T	3.695808	3.733714	0.021955	1	positive	0.0002191889	0.0001886771	C	203	chr3	49724171	49724172	3	3	.	49724172	0.494505	0.463223	0.036021	0.463223	0.873687	0	C	T	0.873687
metaanalysis	GCST009541	2	rs7611991	3	85759558	A	G	3.925072	3.9160510000000004	0.009649567	1	positive	8.670370000000001e-05	9.001134e-05	A	204	chr3	85710407	85710408	3	3	.	85710408	0.175824	0.897377	-0.174926	0.897377	1.13019	0	G	A	-1.13019
metaanalysis	GCST009541	3	rs10510025	10	118650996	T	C	4.834331	3.5097440000000004	0.04162614	1	positive	1.3359379999999998e-06	0.0004485382	T	205	chr10	116891484	116891485	10	10	.	116891485	0.214286	-0.151693	0.0799836	-0.0799836	-1.29543	0	C	T	1.29543
metaanalysis	GCST009541	4	rs1446169	11	25082947	C	T	-3.488409	-3.502789	0.0432942	1	positive	0.00048590480000000006	0.0004604144	T	206	chr11	25061400	25061401	11	11	.	25061401	0.472527	0.457512	0.0223764	0.457512	0.681051	0	T	C	0.681051
metaanalysis	GCST010003	1	rs858943	2	50952084	T	C	3.5731550000000003	-4.10677	0.0452738	1	negative	0.0003527062	4.012297e-05	C	207	chr2	50724945	50724946	2	2	.	50724946	0.615385	0.240397	0.537646	-0.537646	-0.783556	0	T	C	0.783556
metaanalysis	GCST010003	2	rs7615640	3	23857931	A	C	-3.99252	3.2774739999999998	0.01356591	1	negative	6.537494e-05	0.001047404	A	208	chr3	23816439	23816440	3	3	.	23816440	0.736264	-0.023411	0.747805	-0.747805	-0.826253	0	A	C	-0.826253
metaanalysis	GCST010003	2	rs6793391	3	24030134	T	G	-3.7997959999999997	3.874821	0.02369534	0	negative	0.0001448155	0.00010670309999999999	T	209	chr3	23988642	23988643	3	3	.	23988643	0.796703	0.117014	0.570651	-0.570651	-0.406771	0	T	G	-0.406771
metaanalysis	GCST010003	2	rs12491272	3	24139282	T	C	-3.9567589999999995	4.217175	0.01450405	0	negative	7.597363e-05	2.473822e-05	T	210	chr3	24097790	24097791	3	3	.	24097791	0.225275	0.773148	-0.0685115	0.773148	0.734474	0	C	T	-0.734474
metaanalysis	GCST010003	2	rs12491272	3	24139282	T	C	-3.9567589999999995	4.217175	0.01450405	0	negative	7.597363e-05	2.473822e-05	T	210	chr3	24097790	24097791	3	3	.	24097791	0.225275	0.773148	-0.0685115	0.773148	0.734474	0	C	T	-0.734474
metaanalysis	GCST010003	3	rs11713193	3	49924424	A	G	4.828864	-6.115006	0.0004562679	1	negative	1.3731399999999999e-06	9.655363e-10	G	211	chr3	49886990	49886991	3	3	.	49886991	0.521978	0.168319	0.446014	-0.446014	-0.878253	0	G	A	-0.878253
metaanalysis	GCST010003	3	rs11713193	3	49924424	A	G	4.828864	-6.115006	0.0004562679	1	negative	1.3731399999999999e-06	9.655363e-10	G	211	chr3	49886990	49886991	3	3	.	49886991	0.521978	0.168319	0.446014	-0.446014	-0.878253	0	G	A	-0.878253
metaanalysis	GCST010003	3	rs2624826	3	50155468	T	G	4.42047	-3.633546	0.004744038	0	negative	9.848641e-06	0.0002795527	G	212	chr3	50118034	50118035	3	3	.	50118035	0.56044	0.0699347	0.494585	-0.494585	-0.855369	0	T	G	0.855369
metaanalysis	GCST010003	4	rs9841488	3	82142100	C	T	4.045821	-3.635473	0.01079457	1	negative	5.214015e-05	0.0002774706	T	213	chr3	82092948	82092949	3	3	.	82092949	0.208791	0.110438	0.18179	-0.18179	-1.51277	0	T	C	-1.51277
metaanalysis	GCST010003	4	rs9849917	3	82148677	C	T	4.048234	-3.347493	0.01116272	0	negative	5.16055e-05	0.0008154608999999999	T	214	chr3	82099525	82099526	3	3	.	82099526	0.120879	0.489997	-0.197848	0.489997	0.597775	0	T	C	0.597775
metaanalysis	GCST010003	4	rs6548811	3	82421725	T	G	4.434186	-2.957109	0.03057723	1	negative	9.242096e-06	0.003105386	G	215	chr3	82372573	82372574	3	3	.	82372574	0.236264	0.489435	0.0323218	0.489435	0.0495765	0	G	T	0.0495765
metaanalysis	GCST010003	5	rs1248857	3	85018612	G	A	-3.743985	3.615354	0.02796495	0	negative	0.0001811247	0.0002999371	G	216	chr3	84969460	84969461	3	3	.	84969461	0.483516	-0.145023	0.394406	-0.394406	-0.935979	0	G	A	-0.935979
metaanalysis	GCST010003	5	rs1248857	3	85018612	G	A	-3.743985	3.615354	0.02796495	0	negative	0.0001811247	0.0002999371	G	216	chr3	84969460	84969461	3	3	.	84969461	0.483516	-0.145023	0.394406	-0.394406	-0.935979	0	G	A	-0.935979
metaanalysis	GCST010003	5	rs17515586	3	85569172	A	G	7.848917999999999	-6.423592	4.181079e-08	1	negative	4.196415e-15	1.330956e-10	G	217	chr3	85520021	85520022	3	3	.	85520022	0.675824	0.237269	0.714037	-0.714037	-0.908142	0	A	G	0.908142
metaanalysis	GCST010003	5	rs62253963	3	85593642	A	G	-6.213342	3.967533	0.001542081	0	negative	5.186925e-10	7.26205e-05	A	218	chr3	85544491	85544492	3	3	.	85544492	0.395604	0.769167	-0.0735782	0.769167	1.01258	0	G	A	-1.01258
metaanalysis	GCST010003	5	rs11713902	3	85604425	T	C	4.812007	-4.510839	0.0004929045	0	negative	1.494223e-06	6.45716e-06	C	219	chr3	85555274	85555275	3	3	.	85555275	0.164835	-1.3636	-0.243011	0.243011	-0.35141	0	C	T	-0.35141
metaanalysis	GCST010003	5	rs17460569	3	85619451	G	A	5.067794	-2.805093	0.04364519	0	negative	4.024528e-07	0.005030206	A	220	chr3	85570300	85570301	3	3	.	85570301	0.0989011	-1.15268	-0.141866	0.141866	-0.109614	0	A	G	-0.109614
metaanalysis	GCST010003	5	rs1375563	3	85657946	C	T	5.304378	-3.4973410000000005	0.0072235730000000005	0	negative	1.1305760000000001e-07	0.0004699202	T	221	chr3	85608795	85608796	3	3	.	85608796	0.862637	-0.260883	-0.982587	-0.260883	0.0014896	0	C	T	-0.0014896
metaanalysis	GCST010003	5	rs4507269	3	85690143	A	G	-4.434830000000001	3.05947	0.02390522	0	negative	9.214495e-06	0.002217289	A	222	chr3	85640992	85640993	3	3	.	85640993	0.296703	0.757228	-0.134102	0.757228	0.767063	0	G	A	-0.767063
metaanalysis	GCST010003	6	rs2137493	3	86266171	A	G	4.2995849999999995	-3.204445	0.01651079	0	negative	1.711183e-05	0.00135323	G	223	chr3	86217020	86217021	3	3	.	86217021	0.879121	0.0706414	-1.46433	0.0706414	0.805766	0	A	G	-0.805766
metaanalysis	GCST010003	6	rs13099202	3	86277433	T	C	4.117545	-2.9137009999999997	0.03399041	0	negative	3.829298e-05	0.0035717220000000003	C	224	chr3	86228282	86228283	3	3	.	86228283	0.631868	0.468538	-0.526663	0.468538	1.27423	0	T	C	-1.27423
metaanalysis	GCST010003	6	rs10212461	3	86465130	C	T	4.995076	-3.234155	0.01523686	1	negative	5.881273000000001e-07	0.001220033	T	225	chr3	86415979	86415980	3	3	.	86415980	0.115385	-1.12218	-0.281184	0.281184	0.140825	0	T	C	0.140825
metaanalysis	GCST010003	6	rs6764500	3	86466607	T	C	4.201929	-3.023796	0.02601313	0	negative	2.646506e-05	0.002496243	C	226	chr3	86417456	86417457	3	3	.	86417457	0.730769	0.0477204	0.573929	-0.573929	-0.470826	0	T	C	0.470826
metaanalysis	GCST010003	7	rs9853248	3	86530640	C	A	3.5557230000000004	-3.4739480000000005	0.04741391	1	negative	0.00037694089999999996	0.0005128598999999999	A	227	chr3	86481489	86481490	3	3	.	86481490	0.335165	0.67923	0.175096	0.67923	0.654546	0	A	C	0.654546
metaanalysis	GCST010003	8	rs13103903	4	30634116	A	G	4.251639	-3.053699	0.02424767	0	negative	2.122121e-05	0.002260389	G	228	chr4	30632493	30632494	4	4	.	30632494	0.467033	0.665084	-0.209712	0.665084	1.04647	0	G	A	1.04647
metaanalysis	GCST010003	8	rs9291547	4	30749654	G	A	-3.692939	3.411567	0.03242369	0	negative	0.000221677	0.0006459062	G	229	chr4	30748031	30748032	4	4	.	30748032	0.532967	-0.0342691	0.363357	-0.363357	-0.673878	0	A	G	0.673878
metaanalysis	GCST010003	8	rs1374658	4	30836892	C	T	-4.303293	3.113827	0.02085873	1	negative	1.6827779999999997e-05	0.001846776	C	230	chr4	30835269	30835270	4	4	.	30835270	0.489011	0.553404	0.0476148	0.553404	0.911609	0	C	T	0.911609
metaanalysis	GCST010003	9	rs7665764	4	80681293	G	A	3.6537870000000003	3.131543	0.03983285	1	positive	0.0002584007	0.0017389039999999999	G	231	chr4	79760138	79760139	4	4	.	79760139	0.461538	0.258699	0.471465	-0.471465	-1.19329	0	G	A	-1.19329
metaanalysis	GCST010003	10	rs664366	5	88055761	A	G	-3.569721	3.314564	0.04569607	0	negative	0.00035736139999999997	0.0009178627	A	232	chr5	88759943	88759944	5	5	.	88759944	0.692308	0.285469	0.353764	-0.353764	-0.119274	0	A	G	-0.119274
metaanalysis	GCST010003	10	rs664366	5	88055761	A	G	-3.569721	3.314564	0.04569607	0	negative	0.00035736139999999997	0.0009178627	A	232	chr5	88759943	88759944	5	5	.	88759944	0.692308	0.285469	0.353764	-0.353764	-0.119274	0	A	G	-0.119274
metaanalysis	GCST010003	10	rs4518438	5	88157552	T	C	-3.752096	3.707065	0.02730925	1	negative	0.0001753625	0.00020967529999999998	T	233	chr5	88861734	88861735	5	5	.	88861735	0.521978	0.66062	-0.0172305	0.66062	1.2036	0	T	C	1.2036
metaanalysis	GCST010003	10	rs4518438	5	88157552	T	C	-3.752096	3.707065	0.02730925	1	negative	0.0001753625	0.00020967529999999998	T	233	chr5	88861734	88861735	5	5	.	88861735	0.521978	0.66062	-0.0172305	0.66062	1.2036	0	T	C	1.2036
metaanalysis	GCST010003	11	rs2071293	6	32062687	A	G	-4.287481	-3.770149	0.004534334	1	positive	1.807108e-05	0.0001631503	G	234	chr6	32094909	32094910	6	6	.	32094910	0.307692	0.84856	0.047608	0.84856	1.00278	0	G	A	1.00278
metaanalysis	GCST010003	11	rs2071293	6	32062687	A	G	-4.287481	-3.770149	0.004534334	1	positive	1.807108e-05	0.0001631503	G	234	chr6	32094909	32094910	6	6	.	32094910	0.307692	0.84856	0.047608	0.84856	1.00278	0	G	A	1.00278
metaanalysis	GCST010003	12	rs453590	6	33403422	T	C	4.00598	3.158054	0.01857785	0	positive	6.176081000000001e-05	0.001588261	T	235	chr6	33435644	33435645	6	6	.	33435645	0.373626	0.563499	0.0477119	0.563499	0.547212	0	C	T	-0.547212
metaanalysis	GCST010003	13	rs9369425	6	43810974	G	A	3.8464129999999996	3.029982	0.02564912	1	positive	0.0001198596	0.00244568	G	236	chr6	43843236	43843237	6	6	.	43843237	0.697802	-0.00829021	0.760352	-0.760352	-0.943748	0	G	A	-0.943748
metaanalysis	GCST010003	13	rs9369425	6	43810974	G	A	3.8464129999999996	3.029982	0.02564912	1	positive	0.0001198596	0.00244568	G	236	chr6	43843236	43843237	6	6	.	43843237	0.697802	-0.00829021	0.760352	-0.760352	-0.943748	0	G	A	-0.943748
metaanalysis	GCST010003	14	rs4458695	6	98528404	A	G	-4.242475	4.280305	0.005371476	0	negative	2.210683e-05	1.866375e-05	A	237	chr6	98080527	98080528	6	6	.	98080528	0.395604	0.734768	-0.128262	0.734768	0.943069	0	G	A	-0.943069
metaanalysis	GCST010003	14	rs4458695	6	98528404	A	G	-4.242475	4.280305	0.005371476	0	negative	2.210683e-05	1.866375e-05	A	237	chr6	98080527	98080528	6	6	.	98080528	0.395604	0.734768	-0.128262	0.734768	0.943069	0	G	A	-0.943069
metaanalysis	GCST010003	14	rs9375188	6	98555272	C	T	4.827039	-5.738474	0.00046023980000000004	1	negative	1.385778e-06	9.55335e-09	T	238	chr6	98107395	98107396	6	6	.	98107396	0.489011	0.70301	-0.0968867	0.70301	1.20324	0	C	T	-1.20324
metaanalysis	GCST010003	14	rs9401770	6	98748008	A	G	-3.758259	2.998455	0.03267595	0	negative	0.00017109959999999998	0.002713519	A	239	chr6	98300131	98300132	6	6	.	98300132	0.263736	0.421464	-0.0323794	0.421464	-0.046944	0	G	A	0.046944
metaanalysis	GCST010003	15	rs11761422	7	21818103	A	C	-3.6593769999999997	2.97254	0.04326865	1	negative	0.0002528292	0.002953467	A	240	chr7	21778484	21778485	7	7	.	21778485	0.43956	1.0208	-0.282491	1.0208	1.64618	0	C	A	-1.64618
metaanalysis	GCST010003	16	rs35944461	8	990572	T	C	-3.8424989999999997	2.868881	0.03770374	1	negative	0.0001217878	0.004119269	T	241	chr8	1040571	1040572	8	8	.	1040572	0.230769	0.609505	0.091375	0.609505	0.326074	0	C	T	-0.326074
metaanalysis	GCST010003	17	rs7460521	8	64971829	T	C	3.8445519999999997	3.0553169999999996	0.02458952	1	positive	0.00012077299999999999	0.002248229	T	242	chr8	64059271	64059272	8	8	.	64059272	0.478022	0.221547	0.417766	-0.417766	-1.04664	0	C	T	1.04664
metaanalysis	GCST010003	18	rs17581567	10	52359689	T	G	4.206302	-3.037142	0.02522701	1	negative	2.5958339999999998e-05	0.002388327	G	243	chr10	50599928	50599929	10	10	.	50599929	0.186813	0.832397	-0.0980855	0.832397	0.930198	0	G	T	0.930198
metaanalysis	GCST010003	19	rs4917923	10	102867417	T	C	-4.2616309999999995	3.9865730000000004	0.004984612	1	negative	2.0294029999999998e-05	6.703441e-05	T	244	chr10	101107659	101107660	10	10	.	101107660	0.225275	1.01732	-0.0847908	1.01732	1.29485	0	C	T	-1.29485
metaanalysis	GCST010003	20	rs2451464	10	106555151	T	C	3.7373019999999997	-2.822196	0.04204795	1	negative	0.00018600529999999999	0.004769602	C	245	chr10	104795392	104795393	10	10	.	104795393	0.708791	-0.235697	0.832407	-0.832407	-1.08951	0	T	C	1.08951
metaanalysis	GCST010003	21	rs1681739	10	118563329	T	C	-3.712326	3.1644229999999998	0.03319934	1	negative	0.0002053629	0.00155391	T	246	chr10	116803817	116803818	10	10	.	116803818	0.406593	0.490002	0.145887	0.490002	0.486459	0	C	T	-0.486459
metaanalysis	GCST010003	22	rs174556	11	61580635	T	C	-4.219698999999999	3.7578980000000004	0.005829385	1	negative	2.446292e-05	0.0001713468	T	247	chr11	61813162	61813163	11	11	.	61813163	0.32967	0.253354	0.321613	-0.321613	-1.49629	0	C	T	1.49629
metaanalysis	GCST010003	22	rs174556	11	61580635	T	C	-4.219698999999999	3.7578980000000004	0.005829385	1	negative	2.446292e-05	0.0001713468	T	247	chr11	61813162	61813163	11	11	.	61813163	0.32967	0.253354	0.321613	-0.321613	-1.49629	0	C	T	1.49629
metaanalysis	GCST010003	23	rs9524027	13	94023553	G	T	3.967272	4.403892	0.01403371	1	positive	7.270011e-05	1.063258e-05	G	248	chr13	93371299	93371300	13	13	.	93371300	0.32967	0.349394	0.209659	0.349394	-0.0448682	0	T	G	0.0448682
metaanalysis	GCST010003	23	rs1359200	13	94025367	A	G	3.851949	3.2985230000000003	0.02021273	0	positive	0.0001171812	0.0009719492	A	249	chr13	93373113	93373114	13	13	.	93373114	0.571429	0.552538	0.0174383	0.552538	1.14412	0	A	G	1.14412
metaanalysis	GCST010003	24	rs10131576	14	56528456	T	C	3.6390839999999995	-3.263668	0.03837413	1	negative	0.0002736099	0.001099799	C	250	chr14	56061737	56061738	14	14	.	56061738	0.527473	0.148462	0.497977	-0.497977	-0.976008	0	T	C	0.976008
metaanalysis	GCST010003	25	rs1995171	16	51579526	T	G	-3.541115	3.291053	0.04920466	1	negative	0.0003984406	0.0009981308000000001	T	251	chr16	51545614	51545615	16	16	.	51545615	0.28022	0.085884	0.310431	-0.310431	-1.63391	0	G	T	1.63391
metaanalysis	GCST010003	27	rs17631303	17	43516402	G	A	4.942925	-4.762084	0.00026453919999999996	1	negative	7.695915999999999e-07	1.91604e-06	A	255	chr17	45439035	45439036	17	17	.	45439036	0.186813	-1.10318	-0.180244	0.180244	-0.577178	0	A	G	-0.577178
metaanalysis	GCST010003	27	rs17631303	17	43516402	G	A	4.942925	-4.762084	0.00026453919999999996	1	negative	7.695915999999999e-07	1.91604e-06	A	255	chr17	45439035	45439036	17	17	.	45439036	0.186813	-1.10318	-0.180244	0.180244	-0.577178	0	A	G	-0.577178
metaanalysis	GCST010003	27	rs199504	17	44861003	C	T	4.6188970000000005	-5.132574	0.001171509	0	negative	3.857857e-06	2.858057e-07	T	256	chr17	46783636	46783637	17	17	.	46783637	0.769231	-0.00811218	0.369401	-0.369401	0.035326	0	C	T	-0.035326
metaanalysis	GCST010003	27	rs199504	17	44861003	C	T	4.6188970000000005	-5.132574	0.001171509	0	negative	3.857857e-06	2.858057e-07	T	256	chr17	46783636	46783637	17	17	.	46783637	0.769231	-0.00811218	0.369401	-0.369401	0.035326	0	C	T	-0.035326
metaanalysis	GCST010003	28	rs12943264	17	47418698	C	T	3.7127879999999998	-6.629975999999999	0.03056783	1	negative	0.0002049889	3.3574079999999997e-11	T	257	chr17	49341335	49341336	17	17	.	49341336	0.478022	0.481907	0.198163	0.481907	0.729204	0	T	C	0.729204
metaanalysis	GCST010003	28	rs12943264	17	47418698	C	T	3.7127879999999998	-6.629975999999999	0.03056783	1	negative	0.0002049889	3.3574079999999997e-11	T	257	chr17	49341335	49341336	17	17	.	49341336	0.478022	0.481907	0.198163	0.481907	0.729204	0	T	C	0.729204
metaanalysis	GCST010003	29	rs1644679	19	37482068	T	G	-3.7508449999999995	2.807426	0.04340993	0	negative	0.0001762397	0.0049939170000000005	T	258	chr19	36991165	36991166	19	19	.	36991166	0.56044	0.0886346	0.625423	-0.625423	-1.10095	0	T	G	-1.10095
metaanalysis	GCST010003	30	rs6081353	20	18731760	G	A	-3.586099	3.058369	0.04983475	1	negative	0.0003356611	0.00222545	G	260	chr20	18751115	18751116	20	20	.	18751116	0.626374	-0.0230555	0.969525	-0.969525	-1.55716	0	G	A	-1.55716
metaanalysis	GCST011364	1	rs2972147	2	227099854	T	C	-3.8638190000000003	-3.7371489999999996	0.01584253	1	positive	0.0001116277	0.00018611830000000003	C	261	chr2	226235137	226235138	2	2	.	226235138	0.648352	0.160623	0.641091	-0.641091	-0.870865	0	T	C	0.870865
metaanalysis	GCST011364	2	rs695238	3	49869158	C	A	3.77769	3.620315	0.02131428	0	positive	0.00015828969999999998	0.000294245	C	262	chr3	49831724	49831725	3	3	.	49831725	0.5	0.304233	0.3908	-0.3908	-0.90957	0	A	C	0.90957
metaanalysis	GCST011364	2	rs2013208	3	50129399	T	C	-4.708874	-3.8774629999999997	0.008879949	1	positive	2.490887e-06	0.0001055515	C	263	chr3	50091965	50091966	3	3	.	50091966	0.472527	0.469341	0.202651	0.469341	0.7044	0	C	T	0.7044
metaanalysis	GCST011364	3	rs72638313	4	68036556	T	C	3.892094	3.590523	0.02299999	1	positive	9.938278e-05	0.0003300154	T	264	chr4	67170837	67170838	4	4	.	67170838	0.148352	-1.15528	-0.0998516	0.0998516	-0.555078	0	C	T	0.555078
metaanalysis	GCST011364	4	rs2136724	5	84326295	T	G	-4.025075	-3.7296669999999996	0.01476233	1	positive	5.695712e-05	0.00019173330000000002	G	265	chr5	85030476	85030477	5	5	.	85030477	0.675824	0.366536	0.430626	-0.430626	-0.340535	0	T	G	0.340535
metaanalysis	GCST011364	5	rs10091619	8	64662693	A	G	3.8780120000000005	-3.368318	0.04349774	1	negative	0.00010531350000000001	0.0007562837	G	266	chr8	63750134	63750135	8	8	.	63750135	0.153846	-1.07774	-0.325085	0.325085	-0.114731	0	G	A	-0.114731
metaanalysis	GCST90011766	1	rs9851444	3	85576706	C	T	4.641041	-3.252659	0.04137552	0	negative	3.466585e-06	0.001143308	T	270	chr3	85527555	85527556	3	3	.	85527556	0.164835	-1.29894	-0.244008	0.244008	-0.349076	0	T	C	-0.349076
metaanalysis	GCST90011766	1	rs9851444	3	85576706	C	T	4.641041	-3.252659	0.04137552	0	negative	3.466585e-06	0.001143308	T	270	chr3	85527555	85527556	3	3	.	85527556	0.164835	-1.29894	-0.244008	0.244008	-0.349076	0	T	C	-0.349076
metaanalysis	GCST90011766	1	rs12629607	3	85583608	T	C	8.252436999999999	-4.011067	0.003950014	1	negative	1.551972e-16	6.044491e-05	C	271	chr3	85534457	85534458	3	3	.	85534458	0.686813	-0.00892193	0.611675	-0.611675	-0.646619	0	T	C	0.646619
metaanalysis	GCST90011766	2	rs10769191	11	46157060	G	A	3.626923	3.2878	0.03754777	1	positive	0.0002868184	0.001009737	G	272	chr11	46135508	46135509	11	11	.	46135509	0.747253	0.30586	0.281132	0.30586	1.35952	0	G	A	1.35952
metaanalysis	GCST90011766	4	rs7298744	12	26936608	C	T	-4.013642	-3.3792699999999996	0.02937902	1	positive	5.978894e-05	0.0007267872	T	274	chr12	26783674	26783675	12	12	.	26783675	0.543956	0.302043	0.28924	0.302043	0.576598	0	C	T	-0.576598
metaanalysis	GCST90011766	5	rs324808	12	83962860	C	T	-3.545514	6.14775	0.03237367	0	negative	0.0003918482	7.858991e-10	C	275	chr12	83569080	83569081	12	12	.	83569081	0.417582	0.617628	0.0656969	0.617628	0.790357	0	T	C	-0.790357
metaanalysis	GCST90011766	5	rs324808	12	83962860	C	T	-3.545514	6.14775	0.03237367	0	negative	0.0003918482	7.858991e-10	C	275	chr12	83569080	83569081	12	12	.	83569081	0.417582	0.617628	0.0656969	0.617628	0.790357	0	T	C	-0.790357
metaanalysis	GCST90011766	5	rs1497346	12	84097599	T	C	4.289480999999999	-6.323886	0.002361978	1	negative	1.790908e-05	2.550654e-10	C	276	chr12	83703819	83703820	12	12	.	83703820	0.461538	0.387453	0.454296	-0.454296	-1.15945	0	C	T	-1.15945
metaanalysis	GCST90011766	6	rs17631303	17	43516402	G	A	4.942925	3.529173	0.01922654	0	positive	7.695915999999999e-07	0.00041686059999999995	G	277	chr17	45439035	45439036	17	17	.	45439036	0.186813	-1.10318	-0.180244	0.180244	-0.577178	0	A	G	0.577178
metaanalysis	GCST90011766	6	rs17631303	17	43516402	G	A	4.942925	3.529173	0.01922654	0	positive	7.695915999999999e-07	0.00041686059999999995	G	277	chr17	45439035	45439036	17	17	.	45439036	0.186813	-1.10318	-0.180244	0.180244	-0.577178	0	A	G	0.577178
metaanalysis	GCST90011766	6	rs199504	17	44861003	C	T	4.6188970000000005	3.9820480000000003	0.004400033	1	positive	3.857857e-06	6.832389e-05	C	278	chr17	46783636	46783637	17	17	.	46783637	0.769231	-0.00811218	0.369401	-0.369401	0.035326	0	C	T	0.035326
metaanalysis	GCST90011766	6	rs199504	17	44861003	C	T	4.6188970000000005	3.9820480000000003	0.004400033	1	positive	3.857857e-06	6.832389e-05	C	278	chr17	46783636	46783637	17	17	.	46783637	0.769231	-0.00811218	0.369401	-0.369401	0.035326	0	C	T	0.035326
metaanalysis	GCST90011808	4	rs729281	12	50196394	C	T	-3.908749	3.748614	0.02404853	1	negative	9.277519e-05	0.0001778144	C	282	chr12	49802610	49802611	12	12	.	49802611	0.313187	0.202359	0.408197	-0.408197	-1.7084	0	T	C	1.7084
metaanalysis	GCST90011809	1	rs2407204	12	88943759	G	A	3.6164660000000004	-3.68704	0.03265518	1	negative	0.0002986522	0.000226878	A	283	chr12	88549981	88549982	12	12	.	88549982	0.785714	0.442896	-0.477873	0.442896	1.80387	0	G	A	-1.80387
metaanalysis	GCST90011809	2	rs9529457	13	69504512	G	A	-3.5541080000000003	-3.489371	0.03975237	1	positive	0.00037926379999999997	0.00048415910000000004	A	284	chr13	68930379	68930380	13	13	.	68930380	0.39011	0.420227	0.0853217	0.420227	0.307442	0	A	G	0.307442
metaanalysis	GCST90011809	3	rs1006548	16	89844043	C	T	4.108828	-6.048811	0.005050145	1	negative	3.976712e-05	1.459184e-09	T	285	chr16	89777634	89777635	16	16	.	89777635	0.285714	0.514253	0.103689	0.514253	0.206238	0	T	C	0.206238
metaanalysis	GCST90011809	4	rs8049897	16	90024202	A	G	-4.488473	13.723587	0.000878647	1	negative	7.17355e-06	7.334482e-43	A	286	chr16	89957793	89957794	16	16	.	89957794	0.192308	0.663471	0.156498	0.663471	0.503178	0	G	A	-0.503178
metaanalysis	GCST90011809	4	rs8049897	16	90024202	A	G	-4.488473	13.723587	0.000878647	1	negative	7.17355e-06	7.334482e-43	A	286	chr16	89957793	89957794	16	16	.	89957794	0.192308	0.663471	0.156498	0.663471	0.503178	0	G	A	-0.503178
metaanalysis	GCST90011816	1	rs56319427	1	22396998	C	T	-3.888844	4.251995	0.007169939	1	negative	0.00010072299999999999	2.118745e-05	C	288	chr1	22070504	22070505	1	1	.	22070505	0.17033	-1.07514	-0.14151	0.14151	-0.61809	0	T	C	0.61809
metaanalysis	GCST90011816	1	rs56319427	1	22396998	C	T	-3.888844	4.251995	0.007169939	1	negative	0.00010072299999999999	2.118745e-05	C	288	chr1	22070504	22070505	1	1	.	22070505	0.17033	-1.07514	-0.14151	0.14151	-0.61809	0	T	C	0.61809
metaanalysis	GCST90011816	1	rs66766977	1	22431092	T	C	-4.016165	3.8762879999999997	0.007182858	0	negative	5.9152819999999995e-05	0.00010606219999999999	T	289	chr1	22104598	22104599	1	1	.	22104599	0.489011	0.530117	0.0835324	0.530117	0.866215	0	T	C	0.866215
metaanalysis	GCST90011816	1	rs66766977	1	22431092	T	C	-4.016165	3.8762879999999997	0.007182858	0	negative	5.9152819999999995e-05	0.00010606219999999999	T	289	chr1	22104598	22104599	1	1	.	22104599	0.489011	0.530117	0.0835324	0.530117	0.866215	0	T	C	0.866215
metaanalysis	GCST90011820	1	rs17837951	1	22388872	T	C	-3.874707	3.9977150000000004	0.01075297	1	negative	0.00010675309999999999	6.395687e-05	T	293	chr1	22062378	22062379	1	1	.	22062379	0.175824	-1.04392	-0.254516	0.254516	-0.356713	0	C	T	0.356713
metaanalysis	GCST90011820	2	rs969177	10	106549350	T	C	3.704905	3.587823	0.0273922	1	positive	0.00021146990000000003	0.0003334509	T	294	chr10	104789591	104789592	10	10	.	104789592	0.708791	-0.163993	0.798769	-0.798769	-1.02055	0	T	C	-1.02055
metaanalysis	GCST90013410	2	rs11600668	11	47193566	A	G	3.929563	-3.922473	0.01673216	1	negative	8.510029e-05	8.764461999999999e-05	G	297	chr11	47172014	47172015	11	11	.	47172015	0.340659	0.114523	0.325809	-0.325809	-1.41003	0	G	A	-1.41003
metaanalysis	GCST90013410	2	rs11600668	11	47193566	A	G	3.929563	-3.922473	0.01673216	1	negative	8.510029e-05	8.764461999999999e-05	G	297	chr11	47172014	47172015	11	11	.	47172015	0.340659	0.114523	0.325809	-0.325809	-1.41003	0	G	A	-1.41003
metaanalysis	GCST90013410	3	rs1075366	12	50192009	C	T	-3.9332529999999997	4.042894	0.01649624	1	negative	8.380402e-05	5.279545e-05	C	298	chr12	49798225	49798226	12	12	.	49798226	0.335165	0.00264168	0.464226	-0.464226	-1.83386	0	T	C	1.83386
metaanalysis	GCST90014023	1	rs3130978	6	31082188	A	G	4.248264	11.463552	0.0054940169999999995	0	positive	2.154339e-05	2.010952e-30	A	303	chr6	31114410	31114411	6	6	.	31114411	0.302198	0.364633	0.288905	0.364633	-0.0633394	0	G	A	0.0633394
metaanalysis	GCST90014023	1	rs3130978	6	31082188	A	G	4.248264	11.463552	0.0054940169999999995	0	positive	2.154339e-05	2.010952e-30	A	303	chr6	31114410	31114411	6	6	.	31114411	0.302198	0.364633	0.288905	0.364633	-0.0633394	0	G	A	0.0633394
metaanalysis	GCST90014023	1	rs3094215	6	31084684	G	A	3.7275099999999997	5.25292	0.03283803	0	positive	0.00019338110000000002	1.497065e-07	G	304	chr6	31116906	31116907	6	6	.	31116907	0.549451	0.310801	0.472642	-0.472642	-0.862893	0	G	A	-0.862893
metaanalysis	GCST90014023	3	rs209474	6	32924584	G	A	-3.8713300000000004	13.621357999999999	0.02099454	0	negative	0.00010824299999999999	2.989555e-42	G	306	chr6	32956806	32956807	6	6	.	32956807	0.379121	0.937697	-0.104852	0.937697	1.31497	0	A	G	-1.31497
metaanalysis	GCST90014023	3	rs209474	6	32924584	G	A	-3.8713300000000004	13.621357999999999	0.02099454	0	negative	0.00010824299999999999	2.989555e-42	G	306	chr6	32956806	32956807	6	6	.	32956807	0.379121	0.937697	-0.104852	0.937697	1.31497	0	A	G	-1.31497
metaanalysis	GCST90014023	4	rs211456	6	33389381	T	G	4.146723000000001	-5.853613	0.008093671	0	negative	3.37268e-05	4.810065e-09	G	307	chr6	33421603	33421604	6	6	.	33421604	0.362637	0.785103	0.0114219	0.785103	0.966563	0	G	T	0.966563
metaanalysis	GCST90014023	5	rs11038914	11	46561301	T	C	3.814683	3.321761	0.02797918	1	positive	0.0001363578	0.0008945141	T	308	chr11	46539750	46539751	11	11	.	46539751	0.203297	0.180562	0.152659	0.180562	-0.668078	0	C	T	0.668078
metaanalysis	GCST90014023	6	rs968567	11	61595564	T	C	-4.140956	-3.8528830000000003	0.008273726	1	positive	3.4586079999999996e-05	0.0001167352	C	309	chr11	61828091	61828092	11	11	.	61828092	0.175824	0.630637	-0.0501744	0.630637	0.513234	0	C	T	0.513234
metaanalysis	GCST90014023	6	rs968567	11	61595564	T	C	-4.140956	-3.8528830000000003	0.008273726	1	positive	3.4586079999999996e-05	0.0001167352	C	309	chr11	61828091	61828092	11	11	.	61828092	0.175824	0.630637	-0.0501744	0.630637	0.513234	0	C	T	0.513234
metaanalysis	GCST90014023	7	rs4924500	15	41015751	G	A	-3.970593	-3.174184	0.04455536	1	positive	7.16939e-05	0.0015025820000000001	A	310	chr15	40723552	40723553	15	15	.	40723553	0.131868	0.954769	-0.0661263	0.954769	1.66775	0	A	G	1.66775
metaanalysis	GCST90014023	8	rs11078930	17	38141955	T	C	-3.777097	3.943132	0.02817172	1	negative	0.0001586669	8.042443e-05	T	311	chr17	39985701	39985702	17	17	.	39985702	0.324176	0.977917	-0.136955	0.977917	1.31466	0	C	T	-1.31466
metaanalysis	GCST90014023	8	rs11078930	17	38141955	T	C	-3.777097	3.943132	0.02817172	1	negative	0.0001586669	8.042443e-05	T	311	chr17	39985701	39985702	17	17	.	39985702	0.324176	0.977917	-0.136955	0.977917	1.31466	0	C	T	-1.31466
metaanalysis	GCST90014023	10	rs193477	22	30451486	T	C	-3.811499	-7.980461	0.02539887	0	positive	0.0001381265	1.4578829999999998e-15	C	314	chr22	30055496	30055497	22	22	.	30055497	0.412088	-0.106869	0.566832	-0.566832	-1.61751	0	C	T	-1.61751
metaanalysis	GCST90014023	10	rs193477	22	30451486	T	C	-3.811499	-7.980461	0.02539887	0	positive	0.0001381265	1.4578829999999998e-15	C	314	chr22	30055496	30055497	22	22	.	30055497	0.412088	-0.106869	0.566832	-0.566832	-1.61751	0	C	T	-1.61751
metaanalysis	GCST90014023	10	rs9620943	22	30467766	T	C	-3.6886949999999996	-6.262877	0.03696796	0	positive	0.0002254075	3.779377e-10	C	315	chr22	30071776	30071777	22	22	.	30071777	0.208791	0.729335	-0.0570287	0.729335	0.611183	0	C	T	0.611183
metaanalysis	GCST90014023	10	rs9620943	22	30467766	T	C	-3.6886949999999996	-6.262877	0.03696796	0	positive	0.0002254075	3.779377e-10	C	315	chr22	30071776	30071777	22	22	.	30071777	0.208791	0.729335	-0.0570287	0.729335	0.611183	0	C	T	0.611183
metaanalysis	GCST90014023	10	rs4820827	22	30477589	T	C	3.9691400000000003	8.838836	0.01520349	1	positive	7.213255999999999e-05	9.672109e-19	T	316	chr22	30081599	30081600	22	22	.	30081600	0.576923	0.132917	0.755342	-0.755342	-1.30819	0	T	C	-1.30819
metaanalysis	GCST90014023	10	rs4820827	22	30477589	T	C	3.9691400000000003	8.838836	0.01520349	1	positive	7.213255999999999e-05	9.672109e-19	T	316	chr22	30081599	30081600	22	22	.	30081600	0.576923	0.132917	0.755342	-0.755342	-1.30819	0	T	C	-1.30819
metaanalysis	GCST90014023	10	rs2023682	22	30599570	G	A	-3.863264	-6.117383	0.02155324	0	positive	0.00011188209999999999	9.512444e-10	A	317	chr22	30203580	30203581	22	22	.	30203581	0.296703	0.611426	0.0487348	0.611426	0.440822	0	A	G	0.440822
metaanalysis	GCST90014023	10	rs2023682	22	30599570	G	A	-3.863264	-6.117383	0.02155324	0	positive	0.00011188209999999999	9.512444e-10	A	317	chr22	30203580	30203581	22	22	.	30203581	0.296703	0.611426	0.0487348	0.611426	0.440822	0	A	G	0.440822
metaanalysis	GCST90061440	2	rs9882735	3	24014059	C	T	-3.6643190000000003	-3.4851089999999996	0.03100929	0	positive	0.0002479974	0.0004919370999999999	T	319	chr3	23972567	23972568	3	3	.	23972568	0.763736	0.0698099	0.824469	-0.824469	-0.944182	0	C	T	0.944182
metaanalysis	GCST90061440	2	rs12491272	3	24139282	T	C	-3.9567589999999995	-3.481501	0.01389088	1	positive	7.597363e-05	0.0004986127	C	320	chr3	24097790	24097791	3	3	.	24097791	0.225275	0.773148	-0.0685115	0.773148	0.734474	0	C	T	0.734474
metaanalysis	GCST90061440	2	rs12491272	3	24139282	T	C	-3.9567589999999995	-3.481501	0.01389088	1	positive	7.597363e-05	0.0004986127	C	320	chr3	24097790	24097791	3	3	.	24097791	0.225275	0.773148	-0.0685115	0.773148	0.734474	0	C	T	0.734474
metaanalysis	GCST90061440	3	rs228613	4	103577465	C	T	4.0095790000000004	-8.463262	0.01179392	1	negative	6.0827019999999993e-05	2.5999970000000006e-17	T	321	chr4	102656307	102656308	4	4	.	102656308	0.489011	0.535706	0.21874	0.535706	0.87711	0	T	C	0.87711
metaanalysis	GCST90061440	7	rs7951579	11	46469900	A	G	3.8195349999999997	3.115438	0.04011424	0	positive	0.0001337035	0.00183672	A	325	chr11	46448349	46448350	11	11	.	46448350	0.203297	0.116269	0.267497	-0.267497	-1.71256	0	G	A	1.71256
metaanalysis	GCST90061440	7	rs11600668	11	47193566	A	G	3.929563	3.601579	0.01508357	1	positive	8.510029e-05	0.00031629060000000004	A	326	chr11	47172014	47172015	11	11	.	47172015	0.340659	0.114523	0.325809	-0.325809	-1.41003	0	G	A	1.41003
metaanalysis	GCST90061440	7	rs11600668	11	47193566	A	G	3.929563	3.601579	0.01508357	1	positive	8.510029e-05	0.00031629060000000004	A	326	chr11	47172014	47172015	11	11	.	47172015	0.340659	0.114523	0.325809	-0.325809	-1.41003	0	G	A	1.41003
metaanalysis	GCST90061440	11	rs35359524	17	50291040	T	C	3.7460760000000004	3.924845	0.02519324	1	positive	0.0001796221	8.678548000000001e-05	T	333	chr17	52213679	52213680	17	17	.	52213680	0.296703	0.84827	-0.00884731	0.84827	0.970775	0	C	T	-0.970775
metaanalysis	GCST90061440	12	rs2033268	19	37562618	A	G	3.6409510000000003	-3.251504	0.03582495	0	negative	0.00027163299999999997	0.001147962	G	334	chr19	37071715	37071716	19	19	.	37071716	0.412088	0.653072	-0.00859813	0.653072	0.862411	0	G	A	0.862411
metaanalysis	GCST90061440	12	rs3859549	19	38306876	T	C	3.867208	-3.298361	0.02189336	1	negative	0.0001100885	0.0009725099000000001	C	335	chr19	37816235	37816236	19	19	.	37816236	0.395604	0.854248	0.0511753	0.854248	1.18452	0	C	T	1.18452
metaanalysis	GCST90061440	12	rs3859549	19	38306876	T	C	3.867208	-3.298361	0.02189336	1	negative	0.0001100885	0.0009725099000000001	C	335	chr19	37816235	37816236	19	19	.	37816236	0.395604	0.854248	0.0511753	0.854248	1.18452	0	C	T	1.18452
metaanalysis	GCST90129439	1	rs17190597	2	58874385	T	C	3.580249	3.7023050000000004	0.03090333	1	positive	0.0003432673	0.00021364970000000002	T	337	chr2	58647249	58647250	2	2	.	58647250	0.159341	0.4468	0.160516	0.4468	0.172644	0	C	T	-0.172644
metaanalysis	GCST90129442	1	rs62263929	3	85678223	T	C	-6.326322	-4.661617	0.0003677435	1	positive	2.510743e-10	3.137352e-06	C	338	chr3	85629072	85629073	3	3	.	85629073	0.401099	0.620332	0.095908	0.620332	0.75164	0	C	T	0.75164
metaanalysis	GCST90129442	1	rs62261676	3	85698577	G	A	-4.037306	-3.4384669999999997	0.02478418	0	positive	5.406861e-05	0.0005850185	A	339	chr3	85649426	85649427	3	3	.	85649427	0.291209	0.793097	-0.0520024	0.793097	0.847322	0	A	G	0.847322
metaanalysis	GCST90129442	1	rs11914525	3	85880768	G	A	-4.502123	-4.3695	0.001327315	0	positive	6.727789e-06	1.2453130000000002e-05	A	340	chr3	85831617	85831618	3	3	.	85831618	0.461538	0.218144	0.449428	-0.449428	-1.14986	0	A	G	-1.14986
metaanalysis	GCST90129442	2	rs61749636	5	141033870	G	T	3.9230160000000005	3.4426349999999997	0.02453819	1	positive	8.744735e-05	0.0005760764	G	341	chr5	141654302	141654303	5	5	.	141654303	0.115385	1.38419	-0.404848	1.38419	3.27532	1	T	G	-3.27532
metaanalysis	GCST90129442	2	rs61749636	5	141033870	G	T	3.9230160000000005	3.4426349999999997	0.02453819	1	positive	8.744735e-05	0.0005760764	G	341	chr5	141654302	141654303	5	5	.	141654303	0.115385	1.38419	-0.404848	1.38419	3.27532	1	T	G	-3.27532
metaanalysis	GCST90129442	4	rs10870288	10	134105957	T	C	3.696096	3.287275	0.03545141	1	positive	0.00021894	0.0010116189999999998	T	343	chr10	132292452	132292453	10	10	.	132292453	0.313187	0.563894	0.0541547	0.563894	0.395408	0	C	T	-0.395408
metaanalysis	GCST90129442	6	rs9859	12	48176900	T	G	3.405183	3.4737940000000003	0.04104228	1	positive	0.0006611983	0.0005131543	T	346	chr12	47783116	47783117	12	12	.	47783117	0.730769	-0.138863	0.934707	-0.934707	-1.20831	0	T	G	-1.20831
metaanalysis	GCST90129442	7	rs2201718	12	83925736	C	T	-3.4272989999999997	-3.240198	0.0417697	1	positive	0.0006096184	0.0011944689999999999	T	347	chr12	83531956	83531957	12	12	.	83531957	0.43956	0.731967	0.160041	0.731967	1.07664	0	T	C	1.07664
metaanalysis	GCST90132223	1	rs13135505	4	137487523	A	G	3.621317	3.310574	0.04757984	1	positive	0.000293107	0.0009310483000000001	A	349	chr4	136566367	136566368	4	4	.	136566368	0.346154	-0.114638	0.371096	-0.371096	-1.50569	0	G	A	1.50569
metaanalysis	GCST90132223	7	rs931992	17	37821435	G	T	4.159935	-4.2372559999999995	0.005928172	1	negative	3.183384e-05	2.2626799999999998e-05	T	359	chr17	39665181	39665182	17	17	.	39665182	0.681319	0.330695	0.319137	0.330695	1.23408	0	G	T	-1.23408
metaanalysis	GCST90132223	7	rs931992	17	37821435	G	T	4.159935	-4.2372559999999995	0.005928172	1	negative	3.183384e-05	2.2626799999999998e-05	T	359	chr17	39665181	39665182	17	17	.	39665182	0.681319	0.330695	0.319137	0.330695	1.23408	0	G	T	-1.23408
metaanalysis	PGC2019ALCUSE	1	rs12151653	2	145726656	T	C	-3.175913	-3.3845699999999996	0.03679071	1	positive	0.001493656	0.0007128992	C	361	chr2	144969088	144969089	2	2	.	144969089	0.28022	0.679476	-0.097663	0.679476	0.574906	0	C	T	0.574906
metaanalysis	PGC2019ALCUSE	2	rs6435568	2	211285002	A	G	-4.148979	3.968087	0.0022917610000000002	1	negative	3.339612e-05	7.245176e-05	A	362	chr2	210420277	210420278	2	2	.	210420278	0.60989	-0.000903469	0.532164	-0.532164	-0.741627	0	A	G	-0.741627
metaanalysis	PGC2019ALCUSE	2	rs2370948	2	211331248	C	T	3.790265	-3.660047	0.007128209	0	negative	0.000150487	0.00025216919999999996	T	363	chr2	210466523	210466524	2	2	.	210466524	0.489011	0.59572	0.123177	0.59572	0.994096	0	T	C	0.994096
metaanalysis	PGC2019ALCUSE	2	rs2887913	2	211420207	C	A	-3.843088	4.515442	0.004901667	0	negative	0.00012149610000000001	6.318497e-06	C	364	chr2	210555482	210555483	2	2	.	210555483	0.362637	0.0929762	0.413883	-0.413883	-1.51912	0	A	C	1.51912
metaanalysis	PGC2019ALCUSE	3	rs9851444	3	85576706	C	T	4.641041	4.025066000000001	0.001842154	0	positive	3.466585e-06	5.6959399999999995e-05	C	366	chr3	85527555	85527556	3	3	.	85527556	0.164835	-1.29894	-0.244008	0.244008	-0.349076	0	T	C	0.349076
metaanalysis	PGC2019ALCUSE	3	rs9851444	3	85576706	C	T	4.641041	4.025066000000001	0.001842154	0	positive	3.466585e-06	5.6959399999999995e-05	C	366	chr3	85527555	85527556	3	3	.	85527556	0.164835	-1.29894	-0.244008	0.244008	-0.349076	0	T	C	0.349076
metaanalysis	PGC2019ALCUSE	3	rs6807666	3	85594428	A	C	8.170031	4.919135	4.239169e-05	1	positive	3.0831029999999997e-16	8.692772e-07	A	367	chr3	85545277	85545278	3	3	.	85545278	0.686813	0.21298	0.458686	-0.458686	-0.341297	0	A	C	-0.341297
metaanalysis	PGC2019ALCUSE	3	rs2325026	3	85747834	G	T	-3.280613	-3.44596	0.02734694	0	positive	0.001035818	0.0005690354	T	368	chr3	85698683	85698684	3	3	.	85698684	0.395604	0.292917	0.263589	0.292917	0.0501727	0	T	G	0.0501727
metaanalysis	PGC2019ALCUSE	4	rs2866409	4	103554261	G	T	-3.4658010000000004	3.868336	0.01583479	1	negative	0.0005286551	0.0001095807	G	369	chr4	102633103	102633104	4	4	.	102633104	0.505495	0.240759	0.309683	-0.309683	-0.775602	0	T	G	0.775602
metaanalysis	PGC2019ALCUSE	5	rs190438	5	88026902	C	T	-3.522677	3.5049650000000003	0.0133289	1	negative	0.00042721160000000003	0.0004566678	C	370	chr5	88731084	88731085	5	5	.	88731085	0.692308	0.218141	0.453813	-0.453813	-0.322152	0	C	T	-0.322152
metaanalysis	PGC2019ALCUSE	5	rs216057	5	88170331	C	T	-3.373224	3.245746	0.02890817	0	negative	0.000742936	0.001171433	C	371	chr5	88874513	88874514	5	5	.	88874514	0.467033	0.122465	0.433419	-0.433419	-1.11831	0	T	C	1.11831
metaanalysis	PGC2019ALCUSE	6	rs4339469	6	98369230	T	G	-3.800877	4.076206	0.005613201	0	negative	0.0001441849	4.577645e-05	T	372	chr6	97921353	97921354	6	6	.	97921354	0.615385	-0.020116	0.955238	-0.955238	-1.58638	0	T	G	-1.58638
metaanalysis	PGC2019ALCUSE	6	rs9398724	6	98601586	A	G	-3.565092	3.151376	0.03850784	0	negative	0.0003637284	0.001625034	A	374	chr6	98153709	98153710	6	6	.	98153710	0.263736	0.587764	-0.123539	0.587764	0.333465	0	G	A	-0.333465
metaanalysis	PGC2019ALCUSE	7	rs11039165	11	47312689	G	A	-3.4466639999999997	4.044034	0.01679464	1	negative	0.0005675541	5.25392e-05	G	375	chr11	47291137	47291138	11	11	.	47291138	0.241758	0.892896	-0.090883	0.892896	0.982533	0	A	G	-0.982533
metaanalysis	PGC2019ALCUSE	8	rs9806441	15	98370458	G	A	3.2177569999999998	-3.171047	0.04295349	1	negative	0.001291972	0.0015189070000000001	A	376	chr15	97827227	97827228	15	15	.	97827228	0.186813	-0.252799	0.363366	-0.363366	-1.83367	0	A	G	-1.83367
metaanalysis	PGC2019ALCUSE	9	rs17177078	16	24810681	T	C	-3.34677	-4.069707	0.02255379	1	positive	0.0008175888	4.7072219999999994e-05	C	377	chr16	24799359	24799360	16	16	.	24799360	0.0604396	-1.00136	-0.239746	0.239746	0.446945	0	C	T	0.446945
metaanalysis	PGC2019ALCUSE	10	rs7187776	16	28857645	G	A	-3.4584550000000003	-3.410791	0.01692823	1	positive	0.0005432828	0.0006477465	A	378	chr16	28846323	28846324	16	16	.	28846324	0.351648	0.560915	0.13735	0.560915	0.485718	0	A	G	0.485718
metaanalysis	PGC2019ALCUSE	11	rs854774	17	18051975	T	C	3.2574650000000003	-3.488349	0.02927987	0	negative	0.001124121	0.000486014	C	379	chr17	18148660	18148661	17	17	.	18148661	0.769231	-0.0435061	0.742535	-0.742535	-0.767824	0	T	C	0.767824
metaanalysis	PGC2019ALCUSE	11	rs854772	17	18055229	G	A	3.4054309999999997	-3.5034330000000002	0.01897591	1	negative	0.0006605978999999999	0.0004593021	A	380	chr17	18151914	18151915	17	17	.	18151915	0.626374	0.282583	0.351941	-0.351941	-0.357252	0	G	A	0.357252
metaanalysis	PGC2019ALCUSE	12	rs7208487	17	37543449	G	T	4.091739	-3.814026	0.004088491	1	negative	4.281511e-05	0.0001367213	T	381	chr17	39387195	39387196	17	17	.	39387196	0.148352	-1.36544	-0.0891669	0.0891669	-0.581099	0	T	G	-0.581099
metaanalysis	PGC2019ALCUSE	12	rs7208487	17	37543449	G	T	4.091739	-3.814026	0.004088491	1	negative	4.281511e-05	0.0001367213	T	381	chr17	39387195	39387196	17	17	.	39387196	0.148352	-1.36544	-0.0891669	0.0891669	-0.581099	0	T	G	-0.581099
metaanalysis	PGC2019ALCUSE	13	rs110402	17	43880047	A	G	-3.416205	3.596464	0.01833073	0	negative	0.0006350043	0.0003225717	A	382	chr17	45802680	45802681	17	17	.	45802681	0.472527	0.449377	-0.125135	0.449377	0.664994	0	G	A	-0.664994
metaanalysis	PGC2019ALCUSE	13	rs110402	17	43880047	A	G	-3.416205	3.596464	0.01833073	0	negative	0.0006350043	0.0003225717	A	382	chr17	45802680	45802681	17	17	.	45802681	0.472527	0.449377	-0.125135	0.449377	0.664994	0	G	A	-0.664994
metaanalysis	PGC2019ALCUSE	14	rs4823070	22	30488207	A	G	-3.6643190000000003	3.121841	0.04216249	0	negative	0.0002479974	0.001797239	A	385	chr22	30092217	30092218	22	22	.	30092218	0.203297	0.797343	-0.205699	0.797343	0.769718	0	G	A	-0.769718
metaanalysis	PGC2019ALCUSE	14	rs4823070	22	30488207	A	G	-3.6643190000000003	3.121841	0.04216249	0	negative	0.0002479974	0.001797239	A	385	chr22	30092217	30092218	22	22	.	30092218	0.203297	0.797343	-0.205699	0.797343	0.769718	0	G	A	-0.769718
metaanalysis	PGC2019AN	1	rs11165712	1	97198560	T	C	4.117466	-3.528525	0.0364222	1	negative	3.830615e-05	0.0004178824	C	386	chr1	96733003	96733004	1	1	.	96733004	0.379121	0.499872	0.215277	0.499872	0.416666	0	C	T	0.416666
metaanalysis	PGC2019AN	2	rs2271960	3	49878078	C	T	3.610132	-3.6669419999999997	0.02297208	0	negative	0.0003060407	0.00024546830000000004	T	387	chr3	49840644	49840645	3	3	.	49840645	0.5	0.231982	0.428217	-0.428217	-0.971366	0	T	C	-0.971366
metaanalysis	PGC2019AN	2	rs2071206	3	50160109	A	G	-4.368232	3.7924	0.01463593	1	negative	1.252566e-05	0.0001491983	A	388	chr3	50122675	50122676	3	3	.	50122676	0.456044	0.441834	0.176806	0.441834	0.573954	0	G	A	-0.573954
metaanalysis	PGC2019AN	3	rs2885078	3	94165939	A	C	3.348555	-3.5504839999999995	0.04906362	1	negative	0.0008123405999999999	0.0003845239	C	389	chr3	94447094	94447095	3	3	.	94447095	0.225275	0.926471	-0.0641524	0.926471	1.08635	0	C	A	1.08635
metaanalysis	PGC2019ASD	1	rs13033247	2	140203973	G	A	-3.2850620000000004	-3.371328	0.03708043	1	positive	0.001019598	0.0007480678999999999	A	391	chr2	139446402	139446403	2	2	.	139446403	0.214286	0.818301	0.0061956	0.818301	0.803772	0	A	G	0.803772
metaanalysis	PGC2019ASD	2	rs228611	4	103561709	A	G	3.2955900000000002	3.3990150000000003	0.03580468	1	positive	0.0009821529	0.0006762899	A	392	chr4	102640551	102640552	4	4	.	102640552	0.483516	0.631795	0.0776215	0.631795	1.06442	0	G	A	-1.06442
metaanalysis	PGC2019ASD	3	rs4716324	6	18984596	T	C	3.4999910000000005	3.699589	0.0179873	1	positive	0.00046527419999999996	0.0002159493	T	393	chr6	18984364	18984365	6	6	.	18984365	0.642857	0.191638	0.108155	0.191638	0.738038	0	T	C	0.738038
metaanalysis	PGC2019ASD	4	rs9401458	6	98458340	T	C	-4.103242	3.460006	0.02499987	0	negative	4.074013e-05	0.0005401642	T	394	chr6	98010463	98010464	6	6	.	98010464	0.401099	0.391789	0.0836404	0.391789	0.286627	0	C	T	-0.286627
metaanalysis	PGC2019ASD	4	rs12202969	6	98576223	G	A	4.502741	-4.459541000000001	0.000619025	1	negative	6.708266e-06	8.213529999999999e-06	A	395	chr6	98128346	98128347	6	6	.	98128347	0.489011	0.592063	-0.12009	0.592063	0.986968	0	G	A	-0.986968
metaanalysis	PGC2019ASD	4	rs9375247	6	98607366	G	A	3.356559	-3.227408	0.04928216	0	negative	0.0007891879	0.001249172	A	396	chr6	98159489	98159490	6	6	.	98159490	0.148352	0.235934	0.0771725	0.235934	-0.223667	0	A	G	-0.223667
metaanalysis	PGC2019ASD	5	rs8072451	17	43893716	T	C	4.687286	4.265073999999999	0.001374561	1	positive	2.768513e-06	1.9983579999999998e-05	T	397	chr17	45816349	45816350	17	17	.	45816350	0.247253	0.447615	-0.253229	0.447615	-0.0440224	0	C	T	0.0440224
metaanalysis	PGC2019MDD	1	rs74547540	1	177033211	A	G	-3.418015	3.7206080000000004	0.03625148	1	negative	0.0006307957	0.0001987437	A	398	chr1	177064074	177064075	1	1	.	177064075	0.0549451	-1.68214	0.185342	-0.185342	-1.47108	0	G	A	1.47108
metaanalysis	PGC2019MDD	2	rs16841842	1	197611682	A	C	-3.580435	-4.626635	0.02313899	1	positive	0.00034302199999999996	3.7165480000000004e-06	C	399	chr1	197642551	197642552	1	1	.	197642552	0.159341	0.556273	-0.0651705	0.556273	0.431116	0	C	A	0.431116
metaanalysis	PGC2019MDD	2	rs16841842	1	197611682	A	C	-3.580435	-4.626635	0.02313899	1	positive	0.00034302199999999996	3.7165480000000004e-06	C	399	chr1	197642551	197642552	1	1	.	197642552	0.159341	0.556273	-0.0651705	0.556273	0.431116	0	C	A	0.431116
metaanalysis	PGC2019MDD	3	rs10206997	2	22138930	A	G	4.2533449999999995	-3.562759	0.01739444	1	negative	2.1060050000000002e-05	0.0003669781	G	400	chr2	21916057	21916058	2	2	.	21916058	0.549451	0.0113607	0.49239	-0.49239	-0.899588	0	G	A	-0.899588
metaanalysis	PGC2019MDD	4	rs1484663	2	22802175	T	C	-3.611387	3.4169959999999997	0.02562308	1	negative	0.0003045635	0.0006331624	T	401	chr2	22579302	22579303	2	2	.	22579303	0.32967	0.313001	0.17317	0.313001	-0.123588	0	C	T	0.123588
metaanalysis	PGC2019MDD	5	rs9880742	3	82190013	C	T	3.477933	-3.334976	0.03150738	1	negative	0.0005052961000000001	0.0008530682000000001	T	402	chr3	82140861	82140862	3	3	.	82140862	0.0714286	-1.39669	-0.216019	0.216019	0.283729	0	T	C	0.283729
metaanalysis	PGC2019MDD	6	rs6766743	3	117609293	C	T	3.345278	4.729883	0.04372086	1	positive	0.0008220012	2.246496e-06	C	403	chr3	117890445	117890446	3	3	.	117890446	0.258242	0.834191	-0.0773935	0.834191	0.875441	0	T	C	-0.875441
metaanalysis	PGC2019MDD	7	rs11726962	4	79920205	C	T	3.294608	3.343279	0.04945378	1	positive	0.0009855912	0.0008279464999999999	C	404	chr4	78999050	78999051	4	4	.	78999051	0.0604396	-1.46657	0.259402	-0.259402	-1.80486	0	T	C	1.80486
metaanalysis	PGC2019MDD	9	rs1422679	5	164663019	C	T	-4.139558999999999	-4.526171	0.003240375	1	positive	3.479748e-05	6.006196e-06	T	406	chr5	165236012	165236013	5	5	.	165236013	0.406593	0.305906	0.21447	0.305906	0.111882	0	T	C	0.111882
metaanalysis	PGC2019MDD	9	rs35245192	5	164762240	G	A	-3.4344120000000005	-3.774394	0.03479049	0	positive	0.0005938405000000001	0.00016039709999999998	A	407	chr5	165335233	165335234	5	5	.	165335234	0.313187	0.711964	-0.0320339	0.711964	0.715862	0	A	G	0.715862
metaanalysis	PGC2019MDD	10	rs3130975	6	31081838	T	C	3.953339	-3.434273	0.02455728	1	negative	7.706806999999999e-05	0.0005941455	C	408	chr6	31114060	31114061	6	6	.	31114061	0.302198	0.260163	0.372361	-0.372361	-1.68697	0	C	T	-1.68697
metaanalysis	PGC2019MDD	10	rs3130976	6	31081940	C	T	4.3216529999999995	-3.182409	0.04487402	0	negative	1.548648e-05	0.001460554	T	409	chr6	31114162	31114163	6	6	.	31114163	0.208791	0.890333	0.11418	0.890333	0.98649	0	T	C	0.98649
metaanalysis	PGC2019MDD	10	rs3130976	6	31081940	C	T	4.3216529999999995	-3.182409	0.04487402	0	negative	1.548648e-05	0.001460554	T	409	chr6	31114162	31114163	6	6	.	31114163	0.208791	0.890333	0.11418	0.890333	0.98649	0	T	C	0.98649
metaanalysis	PGC2019MDD	11	rs9479138	6	152215199	T	G	6.753463000000001	3.365963	0.02917694	1	positive	1.443576e-11	0.0007627699	T	410	chr6	151894063	151894064	6	6	.	151894064	0.686813	0.30068	0.0250236	0.30068	1.17418	0	T	G	1.17418
metaanalysis	PGC2019MDD	12	rs2214107	7	114942799	A	G	-4.476886	3.866858	0.00685318	1	negative	7.5739530000000004e-06	0.0001102466	A	411	chr7	115302744	115302745	7	7	.	115302745	0.71978	0.273736	0.327709	-0.327709	-0.00302816	0	A	G	-0.00302816
metaanalysis	PGC2019MDD	12	rs1527743	7	115029890	A	G	-3.5627190000000004	3.3694889999999997	0.02893289	0	negative	0.000367033	0.000753077	A	412	chr7	115389835	115389836	7	7	.	115389836	0.587912	0.62549	-0.20897	0.62549	1.35517	0	A	G	1.35517
metaanalysis	PGC2019MDD	14	rs3896224	10	106467853	G	A	-3.3437129999999997	-4.986241000000001	0.04389904	0	positive	0.0008266513000000001	6.156525e-07	A	414	chr10	104708094	104708095	10	10	.	104708095	0.368132	0.366178	0.0980527	0.366178	0.0980673	0	A	G	0.0980673
metaanalysis	PGC2019MDD	14	rs962908	10	106540656	T	C	3.6620269999999997	3.594875	0.01801887	1	positive	0.0002502278	0.00032454740000000004	T	415	chr10	104780897	104780898	10	10	.	104780898	0.708791	-0.140357	0.776219	-0.776219	-0.974318	0	T	C	-0.974318
metaanalysis	PGC2019MDD	15	rs324808	12	83962860	C	T	-3.545514	-3.9696480000000003	0.02555628	0	positive	0.0003918482	7.197897e-05	T	416	chr12	83569080	83569081	12	12	.	83569081	0.417582	0.617628	0.0656969	0.617628	0.790357	0	T	C	0.790357
metaanalysis	PGC2019MDD	15	rs324808	12	83962860	C	T	-3.545514	-3.9696480000000003	0.02555628	0	positive	0.0003918482	7.197897e-05	T	416	chr12	83569080	83569081	12	12	.	83569081	0.417582	0.617628	0.0656969	0.617628	0.790357	0	T	C	0.790357
metaanalysis	PGC2019MDD	15	rs1606183	12	84011789	G	A	-3.3617519999999996	-3.424529	0.04193849	0	positive	0.0007744973	0.0006158663	A	417	chr12	83618009	83618010	12	12	.	83618010	0.357143	0.474293	0.0870311	0.474293	0.307364	0	A	G	0.307364
metaanalysis	PGC2019MDD	15	rs1497343	12	84097138	T	C	4.124383	3.8126629999999997	0.008193986	1	positive	3.717297e-05	0.0001374778	T	418	chr12	83703358	83703359	12	12	.	83703359	0.461538	0.387844	0.453044	-0.453044	-1.15698	0	C	T	1.15698
metaanalysis	PGC2019MDD	16	rs6561712	13	53880809	T	C	3.478705	3.4223470000000002	0.03081331	1	positive	0.0005038426	0.00062083	T	419	chr13	53306673	53306674	13	13	.	53306674	0.620879	0.413886	0.13969	0.413886	1.13068	0	T	C	1.13068
metaanalysis	PGC2019MDD	17	rs1323986	13	93999772	A	G	3.4293980000000004	3.305164	0.03523794	1	positive	0.0006049226	0.0009492083999999999	A	420	chr13	93347518	93347519	13	13	.	93347519	0.230769	0.11713	0.235012	-0.235012	-1.61868	0	G	A	1.61868
metaanalysis	PGC2019MDD	18	rs9961847	18	35181225	G	A	3.4693910000000003	4.4000900000000005	0.03165333	1	positive	0.0005216388	1.0820610000000002e-05	G	421	chr18	37601261	37601262	18	18	.	37601262	0.637363	0.607971	0.0425896	0.607971	1.54386	0	G	A	1.54386
metaanalysis	PGC2019MDD	19	rs4144686	18	53251725	A	G	-3.4774839999999996	-3.324619	0.03231899	1	positive	0.0005061439	0.0008853943	G	422	chr18	55584493	55584494	18	18	.	55584494	0.214286	-1.15181	-0.295475	0.295475	-0.418021	0	G	A	-0.418021
metaanalysis	PGC2019MDD	19	rs4144686	18	53251725	A	G	-3.4774839999999996	-3.324619	0.03231899	1	positive	0.0005061439	0.0008853943	G	422	chr18	55584493	55584494	18	18	.	55584494	0.214286	-1.15181	-0.295475	0.295475	-0.418021	0	G	A	-0.418021
metaanalysis	PGC2019PTSD	1	rs11733040	4	137480493	A	G	3.441146	3.490786	0.04564123	1	positive	0.000579255	0.00048160129999999995	A	423	chr4	136559337	136559338	4	4	.	136559338	0.412088	-0.317461	0.572716	-0.572716	-1.62947	0	G	A	1.62947
metaanalysis	PGC2019PTSD	2	rs17503711	5	152602565	G	A	3.611073	3.899572	0.0256774	1	positive	0.0003049328	9.636280999999999e-05	G	424	chr5	153223004	153223005	5	5	.	153223005	0.445055	0.582982	-0.031298	0.582982	0.793263	0	A	G	-0.793263
metaanalysis	PGC2021ALZwoUKBB	1	rs4574296	3	86347434	A	G	5.052958	3.316997	0.04592975	1	positive	4.350186e-07	0.0009099064	A	425	chr3	86298283	86298284	3	3	.	86298284	0.901099	-0.121013	-1.39064	-0.121013	0.081254	0	A	G	0.081254
metaanalysis	PGC2021ALZwoUKBB	2	rs61749636	5	141033870	G	T	3.9230160000000005	-3.650811	0.01317865	1	negative	8.744735e-05	0.0002614132	T	426	chr5	141654302	141654303	5	5	.	141654303	0.115385	1.38419	-0.404848	1.38419	3.27532	1	T	G	3.27532
metaanalysis	PGC2021ALZwoUKBB	2	rs61749636	5	141033870	G	T	3.9230160000000005	-3.650811	0.01317865	1	negative	8.744735e-05	0.0002614132	T	426	chr5	141654302	141654303	5	5	.	141654303	0.115385	1.38419	-0.404848	1.38419	3.27532	1	T	G	3.27532
metaanalysis	PGC2021ALZwoUKBB	4	rs7499192	16	31281751	T	C	3.6836900000000004	-3.416838	0.03211667	1	negative	0.0002298814	0.0006335293	C	428	chr16	31270429	31270430	16	16	.	31270430	0.697802	-0.0802868	0.496984	-0.496984	-0.409694	0	T	C	0.409694
metaanalysis	PGC2022SCZ	1	rs3748848	1	153901302	G	A	4.465184	3.627151	0.008104386	1	positive	8.000004e-06	0.0002865654	G	431	chr1	153928825	153928826	1	1	.	153928826	0.263736	0.1833	-0.0406547	0.1833	-0.591742	0	A	G	0.591742
metaanalysis	PGC2022SCZ	2	rs1396724	2	22668907	C	T	-3.411197	3.687842	0.0409715	1	negative	0.0006467838	0.0002261639	C	432	chr2	22446034	22446035	2	2	.	22446035	0.714286	0.0357216	0.524258	-0.524258	-0.408005	0	C	T	-0.408005
metaanalysis	PGC2022SCZ	3	rs6741380	2	198165121	A	G	3.5871510000000004	4.689842	0.0261678	1	positive	0.000334311	2.73416e-06	A	433	chr2	197300396	197300397	2	2	.	197300397	0.28022	0.242518	0.0987287	0.242518	-0.400096	0	G	A	0.400096
metaanalysis	PGC2022SCZ	4	rs4072458	3	36862680	T	C	3.3306480000000005	-3.762568	0.04978131	0	negative	0.0008664415	0.0001681773	C	434	chr3	36821188	36821189	3	3	.	36821189	0.527473	0.1772	0.315204	-0.315204	-0.632167	0	T	C	0.632167
metaanalysis	PGC2022SCZ	4	rs4624519	3	36862980	T	C	-3.8336129999999997	5.067583	0.01313442	1	negative	0.0001262747	4.0289940000000003e-07	T	435	chr3	36821488	36821489	3	3	.	36821489	0.324176	0.630062	0.0330748	0.630062	0.562231	0	C	T	-0.562231
metaanalysis	PGC2022SCZ	4	rs4624519	3	36862980	T	C	-3.8336129999999997	5.067583	0.01313442	1	negative	0.0001262747	4.0289940000000003e-07	T	435	chr3	36821488	36821489	3	3	.	36821489	0.324176	0.630062	0.0330748	0.630062	0.562231	0	C	T	-0.562231
metaanalysis	PGC2022SCZ	5	rs6765484	3	50041313	T	C	-4.6794720000000005	3.4525010000000003	0.01391889	1	negative	2.876145e-06	0.0005554162	T	436	chr3	50003879	50003880	3	3	.	50003880	0.456044	0.466751	0.154042	0.466751	0.622772	0	C	T	-0.622772
metaanalysis	PGC2022SCZ	6	rs62282542	3	177362709	G	A	-3.973874	-3.930484	0.008598081	1	positive	7.071305e-05	8.477519e-05	A	437	chr3	177644920	177644921	3	3	.	177644921	0.0714286	-1.21672	-0.0103762	0.0103762	-0.561993	0	A	G	-0.561993
metaanalysis	PGC2022SCZ	7	rs13108018	4	30828614	C	A	-4.114237999999999	-3.662752	0.0072126180000000005	1	positive	3.8846e-05	0.00024951979999999997	A	438	chr4	30826991	30826992	4	4	.	30826992	0.5	0.451682	0.201548	0.451682	0.481823	0	C	A	-0.481823
metaanalysis	PGC2022SCZ	8	rs740076	5	137788607	G	A	-3.712942	3.5545709999999997	0.01856735	1	negative	0.00020486419999999998	0.0003785968	G	439	chr5	138452917	138452918	5	5	.	138452918	0.401099	0.593281	0.0308772	0.593281	0.696599	0	A	G	-0.696599
metaanalysis	PGC2022SCZ	8	rs740076	5	137788607	G	A	-3.712942	3.5545709999999997	0.01856735	1	negative	0.00020486419999999998	0.0003785968	G	439	chr5	138452917	138452918	5	5	.	138452918	0.401099	0.593281	0.0308772	0.593281	0.696599	0	A	G	-0.696599
metaanalysis	PGC2022SCZ	11	rs2071295	6	32038700	T	C	-4.194967	3.83912	0.004077288	0	negative	2.729114e-05	0.0001234761	T	444	chr6	32070922	32070923	6	6	.	32070923	0.313187	0.871118	-0.0367958	0.871118	1.0603	0	C	T	-1.0603
metaanalysis	PGC2022SCZ	13	rs3106189	6	33282002	T	C	-3.376344	3.503885	0.04464942	0	negative	0.0007345603	0.00045852269999999997	T	446	chr6	33314224	33314225	6	6	.	33314225	0.521978	0.1107	0.503551	-0.503551	-0.986494	0	C	T	0.986494
metaanalysis	PGC2022SCZ	14	rs10251192	7	115026459	C	T	-3.610446	3.354325	0.02457348	1	negative	0.0003056714	0.0007955878	C	448	chr7	115386404	115386405	7	7	.	115386405	0.587912	0.584609	-0.143674	0.584609	1.27761	0	C	T	1.27761
metaanalysis	PGC2022SCZ	14	rs12535499	7	115081492	C	T	-3.637461	3.062608	0.04272207	0	negative	0.0002753392	0.0021941720000000003	C	449	chr7	115441437	115441438	7	7	.	115441438	0.736264	0.253316	0.340692	-0.340692	0.00594309	0	C	T	0.00594309
metaanalysis	PGC2022SCZ	15	rs902300	10	106535179	A	G	3.7731779999999997	3.7412199999999998	0.01565779	1	positive	0.00016118100000000001	0.0001831291	A	450	chr10	104775420	104775421	10	10	.	104775421	0.708791	-0.0831708	0.841068	-0.841068	-1.10727	0	A	G	-1.10727
metaanalysis	PGC2022SCZ	16	rs10160701	11	46551918	T	C	3.9187809999999996	5.807677	0.01020559	0	positive	8.89981e-05	6.334554e-09	T	451	chr11	46530367	46530368	11	11	.	46530368	0.203297	0.146379	0.164296	-0.164296	-1.47199	0	C	T	1.47199
metaanalysis	PGC2022SCZ	16	rs10160701	11	46551918	T	C	3.9187809999999996	5.807677	0.01020559	0	positive	8.89981e-05	6.334554e-09	T	451	chr11	46530367	46530368	11	11	.	46530368	0.203297	0.146379	0.164296	-0.164296	-1.47199	0	C	T	1.47199
metaanalysis	PGC2022SCZ	16	rs6485690	11	46798631	A	G	4.413922	3.5630260000000002	0.009904849	1	positive	1.015145e-05	0.00036660379999999996	A	452	chr11	46777080	46777081	11	11	.	46777081	0.626374	0.552618	0.0545575	0.552618	1.40022	0	A	G	1.40022
metaanalysis	PGC2022SCZ	17	rs952408	12	75353279	A	G	-3.6390839999999995	-3.407689	0.02278139	1	positive	0.0002736099	0.0006551546	G	453	chr12	74959498	74959499	12	12	.	74959499	0.664835	0.423174	-0.248594	0.423174	1.32347	0	A	G	-1.32347
metaanalysis	PGC2022SCZ	18	rs11634320	15	85172183	A	C	-3.752275	-4.908457	0.01665404	1	positive	0.0001752372	9.179589e-07	C	454	chr15	84628951	84628952	15	15	.	84628952	0.241758	0.733538	-0.0483693	0.733538	0.615147	0	C	A	0.615147
metaanalysis	PGC2022SCZ	18	rs11634320	15	85172183	A	C	-3.752275	-4.908457	0.01665404	1	positive	0.0001752372	9.179589e-07	C	454	chr15	84628951	84628952	15	15	.	84628952	0.241758	0.733538	-0.0483693	0.733538	0.615147	0	C	A	0.615147
metaanalysis	PGC2022SCZ	18	rs2292463	15	85175750	A	G	-3.590621	-3.689246	0.02591766	0	positive	0.00032989129999999996	0.0002249195	G	455	chr15	84632518	84632519	15	15	.	84632519	0.582418	0.128226	0.3958	-0.3958	-0.582433	0	A	G	0.582433
metaanalysis	PGC2022SCZ	19	rs8049897	16	90024202	A	G	-4.488473	-3.388935	0.01685779	1	positive	7.17355e-06	0.0007016459	G	456	chr16	89957793	89957794	16	16	.	89957794	0.192308	0.663471	0.156498	0.663471	0.503178	0	G	A	0.503178
metaanalysis	PGC2022SCZ	19	rs8049897	16	90024202	A	G	-4.488473	-3.388935	0.01685779	1	positive	7.17355e-06	0.0007016459	G	456	chr16	89957793	89957794	16	16	.	89957794	0.192308	0.663471	0.156498	0.663471	0.503178	0	G	A	0.503178
metaanalysis	PGC2022SCZ	20	rs9972882	17	37807698	A	C	3.498257	3.3256339999999995	0.03298785	1	positive	0.00046831	0.000882176	A	457	chr17	39651444	39651445	17	17	.	39651445	0.758242	0.0833858	0.655271	-0.655271	-0.613843	0	A	C	-0.613843
metaanalysis	PGC2022SCZ	21	rs17763086	17	43905481	G	T	4.814333	-4.528491000000001	0.00033704760000000003	1	negative	1.476925e-06	5.940642e-06	T	458	chr17	45828114	45828115	17	17	.	45828115	0.247253	0.599377	-0.15568	0.599377	0.305851	0	T	G	0.305851
metaanalysis	PGC2022SCZ	22	rs34603418	18	53252889	T	C	-3.504551	-4.681132	0.03247341	1	positive	0.00045737839999999996	2.8529480000000003e-06	C	459	chr18	55585657	55585658	18	18	.	55585658	0.214286	-1.1457	-0.325349	0.325349	-0.348209	0	C	T	-0.348209
