trait_code,disease_code,locusnum,rsid,chr,pos,A1,A2,zscore_fertility_gwas,zscore_disease_gwas,conjFDR,is_locus_lead,pleiotropy_sign,pval_fertility_gwas,pval_disease_gwas,disease_risk_allele
metaanalysis,1135,1,rs228617,4,103580788,T,C,-3.895261,-3.421322,3.266707e-02,1,positive,9.809309e-05,6.231750e-04,C
metaanalysis,1135,2,rs2734335,6,31893944,G,A,3.391484,-3.611490,4.759685e-02,0,negative,6.951530e-04,3.044434e-04,A
metaanalysis,1135,2,rs2239689,6,32030284,A,G,-4.126186,3.622053,1.884588e-02,1,negative,3.688290e-05,2.922738e-04,A
metaanalysis,1135,3,rs1681738,10,118563000,T,G,-3.566065,3.344619,3.976217e-02,1,negative,3.623819e-04,8.239562e-04,T
metaanalysis,1135,3,rs1626678,10,118576146,A,G,-3.390399,3.870295,4.774629e-02,0,negative,6.979102e-04,1.087039e-04,A
metaanalysis,1135,4,rs174560,11,61581764,C,T,-3.935026,3.808368,1.060602e-02,0,negative,8.318774e-05,1.398871e-04,C
metaanalysis,1135,4,rs968567,11,61595564,T,C,-4.140956,4.173820,4.054828e-03,1,negative,3.458608e-05,2.995342e-05,T
metaanalysis,1135,5,rs12943264,17,47418698,C,T,3.712788,3.890214,1.815417e-02,1,positive,2.049889e-04,1.001559e-04,C
metaanalysis,1135,6,rs4144686,18,53251725,A,G,-3.477484,3.371072,3.722217e-02,1,negative,5.061439e-04,7.487638e-04,A
metaanalysis,2029,1,rs16841842,1,197611682,A,C,-3.580435,6.298374,3.987355e-02,1,negative,3.430220e-04,3.007840e-10,A
metaanalysis,2029,2,rs11713193,3,49924424,A,G,4.828864,-4.653727,3.468184e-04,1,negative,1.373140e-06,3.259878e-06,G
metaanalysis,2029,2,rs7061,3,50114515,C,T,4.478183,-4.320264,1.712343e-03,0,negative,7.528109e-06,1.558429e-05,T
metaanalysis,2029,3,rs2071293,6,32062687,A,G,-4.287481,-4.305053,3.745543e-03,1,positive,1.807108e-05,1.669460e-05,G
metaanalysis,2029,4,rs61876897,11,19525327,G,A,-3.691233,3.265817,3.001182e-02,1,negative,2.231694e-04,1.091489e-03,G
metaanalysis,2029,5,rs174556,11,61580635,T,C,-4.219699,4.269127,4.857667e-03,1,negative,2.446292e-05,1.962393e-05,T
metaanalysis,2029,6,rs12892609,14,97323184,T,G,3.535278,3.529806,4.513624e-02,1,positive,4.073470e-04,4.158649e-04,T
metaanalysis,2029,7,rs17640009,16,28595700,G,A,-3.501666,6.291872,4.956599e-02,1,negative,4.623594e-04,3.136606e-10,G
metaanalysis,2029,8,rs9646419,17,37597185,A,G,3.894442,-3.048313,4.990936e-02,0,negative,9.842514e-05,2.301299e-03,G
metaanalysis,2029,8,rs1877031,17,37814080,G,A,4.138776,-3.591839,9.000855e-03,1,negative,3.491638e-05,3.283526e-04,A
metaanalysis,2029,9,rs62056790,17,43975417,A,G,3.819768,-3.103775,4.283019e-02,1,negative,1.335770e-04,1.910683e-03,G
metaanalysis,2029,10,rs1667337,19,37467512,A,G,-4.033159,4.147014,9.635093e-03,1,negative,5.503200e-05,3.368392e-05,A
metaanalysis,2029,10,rs11673192,19,37572490,G,A,3.677297,-3.330727,3.015822e-02,0,negative,2.357181e-04,8.661956e-04,A
metaanalysis,2029,11,rs193477,22,30451486,T,C,-3.811499,4.436662,2.007602e-02,1,negative,1.381265e-04,9.136454e-06,T
metaanalysis,2029,11,rs9620943,22,30467766,T,C,-3.688695,3.971431,2.918230e-02,0,negative,2.254075e-04,7.144225e-05,T
metaanalysis,2030,1,rs16841842,1,197611682,A,C,-3.580435,3.285186,3.340917e-02,1,negative,3.430220e-04,1.019151e-03,A
metaanalysis,2030,2,rs11713193,3,49924424,A,G,4.828864,-5.135615,2.307734e-04,1,negative,1.373140e-06,2.812226e-07,G
metaanalysis,2030,2,rs7061,3,50114515,C,T,4.478183,-5.425441,1.163877e-03,0,negative,7.528109e-06,5.781173e-08,T
metaanalysis,2030,3,rs7632056,3,85659025,A,G,6.403816,-3.457920,1.937876e-02,0,negative,1.515411e-10,5.443628e-04,G
metaanalysis,2030,3,rs13082188,3,85674658,C,T,4.091739,-3.900108,5.690655e-03,1,negative,4.281511e-05,9.614988e-05,T
metaanalysis,2030,4,rs228614,4,103578637,A,G,3.772208,-3.450970,1.982648e-02,1,negative,1.618093e-04,5.585766e-04,G
metaanalysis,2030,5,rs3094215,6,31084684,G,A,3.727510,6.253495,2.005747e-02,0,positive,1.933811e-04,4.013661e-10,G
metaanalysis,2030,6,rs2071293,6,32062687,A,G,-4.287481,-4.224724,2.626127e-03,1,positive,1.807108e-05,2.392341e-05,G
metaanalysis,2030,7,rs1520933,8,64664272,C,T,3.904455,3.831318,1.120105e-02,1,positive,9.443808e-05,1.274587e-04,C
metaanalysis,2030,7,rs16930838,8,64989407,C,T,4.608901,3.502816,1.673628e-02,0,positive,4.048029e-06,4.603681e-04,C
metaanalysis,2030,8,rs17640009,16,28595700,G,A,-3.501666,4.081005,3.917896e-02,1,negative,4.623594e-04,4.484144e-05,G
metaanalysis,2030,9,rs9303274,17,37836353,T,C,3.580529,-3.497234,3.132682e-02,1,negative,3.428994e-04,4.701086e-04,C
metaanalysis,2030,10,rs11078930,17,38141955,T,C,-3.777097,5.099011,1.709543e-02,1,negative,1.586669e-04,3.414325e-07,T
metaanalysis,2030,11,rs193477,22,30451486,T,C,-3.811499,3.590958,1.533877e-02,0,negative,1.381265e-04,3.294649e-04,T
metaanalysis,2030,11,rs9620943,22,30467766,T,C,-3.688695,4.871757,2.267822e-02,0,negative,2.254075e-04,1.106101e-06,T
metaanalysis,2030,11,rs2023682,22,30599570,G,A,-3.863264,3.591300,1.290851e-02,1,negative,1.118821e-04,3.290328e-04,G
metaanalysis,2052,1,rs3130976,6,31081940,C,T,4.321653,4.621078,3.167752e-03,1,positive,1.548648e-05,3.817521e-06,C
metaanalysis,2052,1,rs3130552,6,31082127,A,G,4.059811,3.899796,1.025053e-02,0,positive,4.911242e-05,9.627377e-05,A
metaanalysis,2,1,rs228617,4,103580788,T,C,-3.895261,-3.995189,7.064982e-03,1,positive,9.809309e-05,6.464258e-05,C
metaanalysis,2,2,rs664366,5,88055761,A,G,-3.569721,-4.052670,2.106764e-02,0,positive,3.573614e-04,5.063650e-05,G
metaanalysis,2,2,rs4518438,5,88157552,T,C,-3.752096,-3.834366,1.172791e-02,1,positive,1.753625e-04,1.258886e-04,C
metaanalysis,2,3,rs12246611,10,106674031,A,G,-3.261426,-3.903661,4.997557e-02,1,positive,1.108534e-03,9.474858e-05,G
metaanalysis,3437,1,rs3130552,6,31082127,A,G,4.059811,-3.852655,1.118474e-02,1,negative,4.911242e-05,1.168440e-04,G
metaanalysis,3437,2,rs194682,6,32914613,T,C,-3.803491,-4.253846,2.062164e-02,0,positive,1.426711e-04,2.101295e-05,C
metaanalysis,3437,3,rs2479102,9,126683955,C,T,-3.546172,3.723518,4.889168e-02,1,negative,3.908712e-04,1.964655e-04,C
metaanalysis,3437,4,rs4794036,17,47369099,A,G,3.588687,3.503844,4.284693e-02,1,positive,3.323469e-04,4.585937e-04,A
metaanalysis,3437,5,rs6063071,20,45737763,C,A,3.692797,3.523250,3.536344e-02,1,positive,2.218014e-04,4.262887e-04,C
metaanalysis,3666,1,rs174549,11,61571382,A,G,-4.112758,-4.024215,4.772150e-03,1,positive,3.909609e-05,5.716568e-05,G
metaanalysis,3670,1,rs13099794,3,86277776,T,C,4.353685,3.496280,4.543009e-02,0,positive,1.338679e-05,4.717935e-04,T
metaanalysis,3670,1,rs60279733,3,86472656,C,T,4.446393,3.614631,2.994705e-02,1,positive,8.732415e-06,3.007756e-04,C
metaanalysis,3670,2,rs11078710,17,7777041,A,C,3.620882,3.777401,2.032973e-02,1,positive,2.936001e-04,1.584735e-04,A
metaanalysis,3671,1,rs2291487,11,46456344,T,C,3.748715,-3.553629,3.054165e-02,1,negative,1.777433e-04,3.799545e-04,C
metaanalysis,3671,2,rs174559,11,61581656,A,G,-3.818139,-3.403361,4.786485e-02,1,positive,1.344620e-04,6.656227e-04,G
metaanalysis,3671,3,rs110402,17,43880047,A,G,-3.416205,-4.089157,4.309233e-02,0,positive,6.350043e-04,4.329430e-05,G
metaanalysis,3671,3,rs74998289,17,43913558,G,T,3.687016,3.684009,2.030477e-02,1,positive,2.268991e-04,2.295944e-04,G
metaanalysis,3675,1,rs174560,11,61581764,C,T,-3.935026,3.768730,1.833668e-02,1,negative,8.318774e-05,1.640804e-04,C
metaanalysis,3675,2,rs3910952,19,38292369,C,T,-3.520945,3.548422,4.358048e-02,1,negative,4.300121e-04,3.875473e-04,C
metaanalysis,3685,1,rs4624519,3,36862980,T,C,-3.833613,-3.483418,2.128473e-02,1,positive,1.262747e-04,4.950548e-04,C
metaanalysis,3685,1,rs9985296,3,36889621,T,C,3.702379,4.161208,2.555248e-02,0,positive,2.135873e-04,3.165690e-05,T
metaanalysis,3685,2,rs3130976,6,31081940,C,T,4.321653,12.452284,2.912348e-03,1,positive,1.548648e-05,1.359004e-35,C
metaanalysis,3685,2,rs3130978,6,31082188,A,G,4.248264,14.822569,3.916478e-03,0,positive,2.154339e-05,1.047017e-49,A
metaanalysis,3685,2,rs3094215,6,31084684,G,A,3.727510,9.437027,2.360230e-02,0,positive,1.933811e-04,3.835060e-21,G
metaanalysis,3685,3,rs2071293,6,32062687,A,G,-4.287481,4.882873,3.353912e-03,0,negative,1.807108e-05,1.045513e-06,A
metaanalysis,3685,4,rs9369425,6,43810974,G,A,3.846413,-3.494931,2.054421e-02,1,negative,1.198596e-04,4.741844e-04,A
metaanalysis,3685,5,rs174556,11,61580635,T,C,-4.219699,-4.601189,4.366509e-03,1,positive,2.446292e-05,4.200857e-06,C
metaanalysis,3685,5,rs968567,11,61595564,T,C,-4.140956,-4.345183,5.895656e-03,0,positive,3.458608e-05,1.391594e-05,C
metaanalysis,3685,6,rs11078710,17,7777041,A,C,3.620882,3.499310,3.277504e-02,1,positive,2.936001e-04,4.664634e-04,A
metaanalysis,3685,7,rs5995257,22,22285987,C,T,-3.584293,-3.551907,3.659670e-02,1,positive,3.379926e-04,3.824495e-04,T
metaanalysis,3685,8,rs193477,22,30451486,T,C,-3.811499,-5.323411,1.816501e-02,0,positive,1.381265e-04,1.018392e-07,C
metaanalysis,3685,8,rs4820827,22,30477589,T,C,3.969140,4.391276,1.083061e-02,1,positive,7.213256e-05,1.126874e-05,T
metaanalysis,3685,8,rs4823070,22,30488207,A,G,-3.664319,-3.239595,4.556375e-02,0,positive,2.479974e-04,1.196996e-03,G
metaanalysis,3685,8,rs2023682,22,30599570,G,A,-3.863264,-3.276618,4.083547e-02,0,positive,1.118821e-04,1.050584e-03,A
metaanalysis,3687,1,rs11713193,3,49924424,A,G,4.828864,3.536663,3.344260e-02,1,positive,1.373140e-06,4.052165e-04,A
metaanalysis,3687,2,rs17640009,16,28595700,G,A,-3.501666,3.602871,3.477939e-02,1,negative,4.623594e-04,3.147223e-04,G
metaanalysis,3688,1,rs12943264,17,47418698,C,T,3.712788,3.934597,3.446115e-02,1,positive,2.049889e-04,8.333645e-05,C
metaanalysis,3691,1,rs6719,1,154179679,C,T,4.083156,-3.769958,1.095504e-02,1,negative,4.442816e-05,1.632748e-04,T
metaanalysis,3691,2,rs10496880,2,142237435,C,T,4.163286,4.185715,6.950181e-03,1,positive,3.136997e-05,2.842694e-05,C
metaanalysis,3691,3,rs10865958,3,49858142,G,A,3.848786,3.907093,2.159854e-02,1,positive,1.187047e-04,9.341307e-05,G
metaanalysis,3691,4,rs2071293,6,32062687,A,G,-4.287481,3.709505,1.316028e-02,1,negative,1.807108e-05,2.076648e-04,A
metaanalysis,3691,5,rs9472138,6,43811762,T,C,3.936364,-3.911840,1.604010e-02,1,negative,8.272543e-05,9.159552e-05,C
metaanalysis,3691,6,rs11078710,17,7777041,A,C,3.620882,3.393396,4.411163e-02,1,positive,2.936001e-04,6.903167e-04,A
metaanalysis,3691,7,rs12943264,17,47418698,C,T,3.712788,5.401428,3.336322e-02,1,positive,2.049889e-04,6.611258e-08,C
metaanalysis,3693,1,rs12943264,17,47418698,C,T,3.712788,4.015156,2.817241e-02,1,positive,2.049889e-04,5.940638e-05,C
metaanalysis,3698,1,rs9599406,13,69681627,G,A,-3.797647,3.767716,1.945679e-02,1,negative,1.460764e-04,1.647478e-04,G
metaanalysis,4039,1,rs4624519,3,36862980,T,C,-3.833613,5.546237,9.102228e-03,1,negative,1.262747e-04,2.918832e-08,T
metaanalysis,4039,1,rs9985296,3,36889621,T,C,3.702379,-4.675929,1.428148e-02,0,negative,2.135873e-04,2.926256e-06,C
metaanalysis,4039,2,rs1248857,3,85018612,G,A,-3.743985,-3.232534,4.558672e-02,0,positive,1.811247e-04,1.226975e-03,A
metaanalysis,4039,2,rs11127900,3,85594599,A,G,8.391260,3.359255,3.251771e-02,1,positive,4.809609e-17,7.815285e-04,A
metaanalysis,4039,3,rs3130976,6,31081940,C,T,4.321653,-3.273392,4.108487e-02,1,negative,1.548648e-05,1.062648e-03,T
metaanalysis,4039,4,rs9388090,6,98527087,T,C,-4.089335,4.118846,3.597194e-03,0,negative,4.326119e-05,3.807746e-05,T
metaanalysis,4039,4,rs1487445,6,98565211,C,T,4.825482,-4.789254,1.370788e-04,1,negative,1.396649e-06,1.674027e-06,T
metaanalysis,4039,5,rs174537,11,61552680,T,G,-3.927182,4.036983,6.564165e-03,1,negative,8.594701e-05,5.414297e-05,T
metaanalysis,4039,6,rs11634320,15,85172183,A,C,-3.752275,-3.893069,1.208564e-02,1,positive,1.752372e-04,9.898396e-05,C
metaanalysis,4039,6,rs1107179,15,85198362,G,T,-3.537103,-3.266483,4.184958e-02,0,positive,4.045416e-04,1.088922e-03,T
metaanalysis,4039,7,rs11078930,17,38141955,T,C,-3.777097,-3.706580,1.105764e-02,1,positive,1.586669e-04,2.100770e-04,C
metaanalysis,4039,8,rs5995257,22,22285987,C,T,-3.584293,-3.646479,2.101499e-02,1,positive,3.379926e-04,2.658579e-04,T
metaanalysis,4039,9,rs1985725,22,31618597,G,A,3.802835,3.291161,3.912091e-02,1,positive,1.430496e-04,9.977481e-04,G
metaanalysis,4085,1,rs2943657,2,227123439,C,T,-3.896368,-11.796066,3.093962e-02,1,positive,9.764604e-05,4.089880e-32,T
metaanalysis,4085,2,rs2071293,6,32062687,A,G,-4.287481,4.290723,6.516137e-03,1,negative,1.807108e-05,1.780921e-05,A
metaanalysis,4085,3,rs9472138,6,43811762,T,C,3.936364,5.903649,2.677567e-02,1,positive,8.272543e-05,3.555489e-09,T
metaanalysis,4085,4,rs1877031,17,37814080,G,A,4.138776,3.582430,2.297479e-02,1,positive,3.491638e-05,3.404130e-04,G
metaanalysis,4085,5,rs2023682,22,30599570,G,A,-3.863264,4.432688,3.491990e-02,1,negative,1.118821e-04,9.306536e-06,G
metaanalysis,4266,1,rs228616,4,103579691,A,G,3.977331,3.313244,3.192122e-02,1,positive,6.969300e-05,9.222036e-04,A
metaanalysis,4266,2,rs3130976,6,31081940,C,T,4.321653,7.254466,4.298400e-03,1,positive,1.548648e-05,4.032506e-13,C
metaanalysis,4266,3,rs2071293,6,32062687,A,G,-4.287481,5.293191,4.976205e-03,0,negative,1.807108e-05,1.202003e-07,A
metaanalysis,4266,4,rs209474,6,32924584,G,A,-3.871330,-5.211790,2.297460e-02,0,positive,1.082430e-04,1.870271e-07,A
metaanalysis,4266,5,rs12369778,12,88966413,T,G,3.677297,3.654857,4.129200e-02,1,positive,2.357181e-04,2.573250e-04,T
metaanalysis,4266,6,rs7208487,17,37543449,G,T,4.091739,7.865282,1.073142e-02,0,positive,4.281511e-05,3.682682e-15,G
metaanalysis,4266,6,rs10491128,17,37551988,A,G,3.731283,8.244420,3.530685e-02,0,positive,1.905069e-04,1.659631e-16,A
metaanalysis,4266,6,rs931992,17,37821435,G,T,4.159935,13.527916,8.262182e-03,1,positive,3.183384e-05,1.070145e-41,G
metaanalysis,4266,7,rs11078930,17,38141955,T,C,-3.777097,-11.031134,3.073273e-02,1,positive,1.586669e-04,2.704328e-28,C
metaanalysis,4266,8,rs199443,17,44819565,T,C,4.881604,-5.049479,3.055691e-04,1,negative,1.052264e-06,4.430167e-07,C
metaanalysis,4266,9,rs12943264,17,47418698,C,T,3.712788,5.786499,3.724615e-02,1,positive,2.049889e-04,7.186831e-09,C
metaanalysis,4266,10,rs1667337,19,37467512,A,G,-4.033159,3.583310,1.328354e-02,1,negative,5.503200e-05,3.392670e-04,A
metaanalysis,4267,1,rs7521303,1,154011605,C,T,3.751023,3.531445,2.084694e-02,1,positive,1.761144e-04,4.132965e-04,C
metaanalysis,4267,1,rs6719,1,154179679,C,T,4.083156,3.388105,3.367396e-02,0,positive,4.442816e-05,7.037741e-04,C
metaanalysis,4267,2,rs3130976,6,31081940,C,T,4.321653,4.974327,2.458944e-03,1,positive,1.548648e-05,6.547465e-07,C
metaanalysis,4267,3,rs2071293,6,32062687,A,G,-4.287481,5.339442,2.846006e-03,0,negative,1.807108e-05,9.323290e-08,A
metaanalysis,4267,4,rs11146313,10,134100004,T,C,4.014515,3.293285,4.592503e-02,1,positive,5.956827e-05,9.902404e-04,T
metaanalysis,4267,5,rs174556,11,61580635,T,C,-4.219699,-6.632552,3.744217e-03,1,positive,2.446292e-05,3.299321e-11,C
metaanalysis,4267,5,rs968567,11,61595564,T,C,-4.140956,-4.817923,5.132752e-03,0,positive,3.458608e-05,1.450603e-06,C
metaanalysis,4267,6,rs12943264,17,47418698,C,T,3.712788,3.955527,2.357319e-02,1,positive,2.049889e-04,7.636620e-05,C
metaanalysis,4276,1,rs56319427,1,22396998,C,T,-3.888844,-3.952373,9.388414e-03,0,positive,1.007230e-04,7.738008e-05,T
metaanalysis,4276,1,rs1046310,1,22443887,G,T,-4.039748,-3.943432,7.710066e-03,1,positive,5.350855e-05,8.032366e-05,T
metaanalysis,4290,1,rs10917130,1,22371065,G,T,-3.210283,-3.234692,4.630683e-02,0,positive,1.326043e-03,1.217739e-03,T
metaanalysis,4290,1,rs7544210,1,22455142,G,A,-3.967399,-3.766306,5.867525e-03,1,positive,7.266142e-05,1.656807e-04,A
metaanalysis,4290,2,rs6668257,1,57804974,T,C,-3.952741,-4.035628,5.756165e-03,1,positive,7.726115e-05,5.445644e-05,C
metaanalysis,4290,3,rs993531,2,58951109,T,G,3.837015,-5.661281,8.239446e-03,1,negative,1.245388e-04,1.502472e-08,G
metaanalysis,4290,4,rs10865420,2,76490931,G,A,3.636999,-3.314686,2.534148e-02,1,negative,2.758333e-04,9.174627e-04,A
metaanalysis,4290,5,rs10932550,2,215448251,C,T,3.309339,-3.701894,3.298323e-02,1,negative,9.351637e-04,2.139956e-04,T
metaanalysis,4290,6,rs9855607,3,35617372,G,A,-3.270163,-3.661409,3.609957e-02,1,positive,1.074856e-03,2.508318e-04,A
metaanalysis,4290,7,rs73077175,3,49774658,A,G,-3.411450,-5.302637,2.585926e-02,0,positive,6.461830e-04,1.141420e-07,G
metaanalysis,4290,7,rs11713193,3,49924424,A,G,4.828864,5.074763,1.580264e-04,1,positive,1.373140e-06,3.879784e-07,A
metaanalysis,4290,7,rs2247510,3,50126215,C,A,4.420349,3.200445,3.561776e-02,0,positive,9.854149e-06,1.372154e-03,C
metaanalysis,4290,8,rs1512929,3,86265219,C,T,3.517884,3.309359,2.573886e-02,1,positive,4.350029e-04,9.350994e-04,C
metaanalysis,4290,9,rs10008936,4,105321464,A,G,-3.577647,-4.667419,1.704924e-02,1,positive,3.467006e-04,3.050066e-06,G
metaanalysis,4290,10,rs664366,5,88055761,A,G,-3.569721,3.836429,1.740651e-02,1,negative,3.573614e-04,1.248360e-04,A
metaanalysis,4290,11,rs9401491,6,98481904,A,G,3.298350,3.132772,4.705292e-02,1,positive,9.725474e-04,1.731637e-03,A
metaanalysis,4290,12,rs10215554,7,3598282,T,C,-3.769894,-3.322937,2.472485e-02,1,positive,1.633170e-04,8.907511e-04,C
metaanalysis,4290,13,rs17551174,9,23817548,G,A,-4.446291,-4.275060,9.185811e-04,1,positive,8.736563e-06,1.910857e-05,A
metaanalysis,4290,14,rs1493829,12,74984758,C,A,-3.260100,-3.234692,4.152584e-02,1,positive,1.113730e-03,1.217739e-03,A
metaanalysis,4290,15,rs10779014,12,83982559,A,G,4.014617,3.825140,4.772543e-03,1,positive,5.954230e-05,1.306979e-04,A
metaanalysis,4290,15,rs10779037,12,84129119,T,C,-3.439294,-3.510698,2.419392e-02,0,positive,5.832341e-04,4.469318e-04,C
metaanalysis,4290,15,rs922161,12,84163323,A,C,-3.150004,-3.895566,4.710173e-02,0,positive,1.632681e-03,9.796955e-05,C
metaanalysis,4290,16,rs9536375,13,53817816,A,G,3.216715,5.533296,4.068052e-02,0,positive,1.296673e-03,3.142689e-08,A
metaanalysis,4290,16,rs6561712,13,53880809,T,C,3.478705,5.097165,2.189745e-02,1,positive,5.038426e-04,3.447786e-07,T
metaanalysis,4290,17,rs1340724,13,69580065,T,C,3.474739,-3.337451,2.363690e-02,1,negative,5.113509e-04,8.455053e-04,C
metaanalysis,4290,18,rs3759667,14,55658421,G,A,3.792142,-3.918504,9.427048e-03,1,negative,1.493532e-04,8.910033e-05,A
metaanalysis,4290,19,rs11634320,15,85172183,A,C,-3.752275,3.472485,1.551358e-02,1,negative,1.752372e-04,5.156632e-04,A
metaanalysis,4290,20,rs2938134,17,50243397,C,A,3.685209,3.400093,1.949925e-02,1,positive,2.285147e-04,6.736295e-04,C
metaanalysis,4290,21,rs1667337,19,37467512,A,G,-4.033159,-4.091360,4.425014e-03,1,positive,5.503200e-05,4.288499e-05,G
metaanalysis,4290,21,rs11673192,19,37572490,G,A,3.677297,4.726055,1.305016e-02,0,positive,2.357181e-04,2.289237e-06,G
metaanalysis,4290,21,rs3859549,19,38306876,T,C,3.867208,3.694518,7.539493e-03,0,positive,1.100885e-04,2.203039e-04,T
metaanalysis,4307,1,rs66766977,1,22431092,T,C,-4.016165,-3.314257,4.442851e-02,1,positive,5.915282e-05,9.188696e-04,C
metaanalysis,4307,2,rs6761233,2,154837081,A,G,3.665473,3.397890,3.474158e-02,1,positive,2.468819e-04,6.790772e-04,A
metaanalysis,4307,3,rs73077175,3,49774658,A,G,-3.411450,-3.485106,4.531023e-02,0,positive,6.461830e-04,4.919426e-04,G
metaanalysis,4307,3,rs11713193,3,49924424,A,G,4.828864,5.383305,1.590504e-04,1,positive,1.373140e-06,7.313055e-08,A
metaanalysis,4307,3,rs7061,3,50114515,C,T,4.478183,4.852047,8.319557e-04,0,positive,7.528109e-06,1.221937e-06,C
metaanalysis,4307,4,rs2139890,17,43541627,A,C,3.588206,3.282308,4.855612e-02,1,positive,3.329607e-04,1.029610e-03,A
metaanalysis,4311,1,rs10737462,1,22444975,T,C,-4.078072,-4.387930,6.878960e-03,1,positive,4.541078e-05,1.144347e-05,C
metaanalysis,4311,2,rs13400680,2,225300696,G,A,3.732609,3.344770,4.035184e-02,1,positive,1.895068e-04,8.235091e-04,G
metaanalysis,4311,3,rs1348606,4,95856369,G,A,3.590233,3.735505,3.749770e-02,1,positive,3.303825e-04,1.873387e-04,G
metaanalysis,4311,4,rs4458695,6,98528404,A,G,-4.242475,-5.375751,3.561543e-03,1,positive,2.210683e-05,7.626396e-08,G
metaanalysis,4311,4,rs9401593,6,98549801,A,C,4.826217,3.610519,1.719305e-02,0,positive,1.391508e-06,3.055846e-04,A
metaanalysis,4311,5,rs10160701,11,46551918,T,C,3.918781,-3.632167,1.600722e-02,1,negative,8.899810e-05,2.810515e-04,C
metaanalysis,4333,1,rs12434073,14,46921265,A,G,3.725078,3.688504,2.541928e-02,1,positive,1.952548e-04,2.255765e-04,A
metaanalysis,BCAC2020BC,1,rs10865958,3,49858142,G,A,3.848786,3.694178,3.003335e-02,1,positive,1.187047e-04,2.205989e-04,G
metaanalysis,BCAC2020BC,2,rs7678766,4,68011953,G,T,3.843806,-3.301637,3.769019e-02,1,negative,1.211409e-04,9.612234e-04,T
metaanalysis,BCAC2020BC,3,rs3130978,6,31082188,A,G,4.248264,-3.623600,1.255142e-02,1,negative,2.154339e-05,2.905307e-04,G
metaanalysis,BCAC2020BC,4,rs3020410,6,152266377,A,C,3.769702,-3.264366,4.244852e-02,1,negative,1.634426e-04,1.097094e-03,C
metaanalysis,BCAC2020BC,5,rs34285050,15,40994584,G,A,-3.976935,-4.026403,1.949518e-02,1,positive,6.980924e-05,5.663663e-05,A
metaanalysis,BCAC2020BC,6,rs17631303,17,43516402,G,A,4.942925,-4.735693,2.900814e-04,1,negative,7.695916e-07,2.183078e-06,A
metaanalysis,BCAC2020BC,6,rs199504,17,44861003,C,T,4.618897,-4.280274,1.421462e-03,0,negative,3.857857e-06,1.866631e-05,T
metaanalysis,CMDKP2018AF,1,rs228613,4,103577465,C,T,4.009579,-3.933219,1.435687e-02,1,negative,6.082702e-05,8.381592e-05,T
metaanalysis,CMDKP2018AF,2,rs12514307,5,137612143,C,T,3.907851,6.670441,2.041239e-02,1,positive,9.312064e-05,2.550366e-11,C
metaanalysis,CMDKP2018AF,2,rs740076,5,137788607,G,A,-3.712942,-6.540702,3.778558e-02,0,positive,2.048642e-04,6.123075e-11,A
metaanalysis,CMDKP2018AF,3,rs10491128,17,37551988,A,G,3.731283,3.588329,3.578125e-02,0,positive,1.905069e-04,3.328040e-04,A
metaanalysis,CMDKP2018AF,3,rs931992,17,37821435,G,T,4.159935,4.079751,8.207418e-03,1,positive,3.183384e-05,4.508394e-05,G
metaanalysis,CMDKP2018AF,4,rs11078930,17,38141955,T,C,-3.777097,-3.502403,3.102513e-02,1,positive,1.586669e-04,4.610822e-04,C
metaanalysis,CMDKP2018AF,5,rs199439,17,44793503,G,A,4.881132,4.403926,7.585630e-04,1,positive,1.054785e-06,1.063090e-05,G
metaanalysis,GCST003763,1,rs4820827,22,30477589,T,C,3.969140,-3.924727,8.284968e-03,1,negative,7.213256e-05,8.682820e-05,C
metaanalysis,GCST008057,1,rs17190597,2,58874385,T,C,3.580249,4.104409,2.385476e-02,1,positive,3.432673e-04,4.053502e-05,T
metaanalysis,GCST008057,1,rs75786554,2,59000603,T,C,3.418223,3.315108,4.062904e-02,0,positive,6.303147e-04,9.160779e-04,T
metaanalysis,GCST008057,2,rs73183114,3,105166451,A,G,-3.889398,-3.711311,1.197783e-02,1,positive,1.004933e-04,2.061889e-04,G
metaanalysis,GCST008057,3,rs769066,8,53145698,C,T,4.892835,-3.321265,3.992319e-02,1,negative,9.939360e-07,8.961045e-04,T
metaanalysis,GCST008057,4,rs17640009,16,28595700,G,A,-3.501666,3.759957,3.015087e-02,1,negative,4.623594e-04,1.699427e-04,G
metaanalysis,GCST008057,5,rs1807508,22,30395834,T,C,3.930471,-3.574445,1.860926e-02,1,negative,8.477949e-05,3.509718e-04,C
metaanalysis,GCST009131,1,rs413967,4,103583196,A,G,3.990883,-4.272972,8.663989e-03,1,negative,6.582786e-05,1.928844e-05,G
metaanalysis,GCST009131,2,rs3130552,6,31082127,A,G,4.059811,3.456456,4.723763e-02,0,positive,4.911242e-05,5.473277e-04,A
metaanalysis,GCST009131,2,rs1042146,6,31083169,G,A,3.705204,3.562510,3.249801e-02,0,positive,2.112207e-04,3.673253e-04,G
metaanalysis,GCST009131,3,rs2071295,6,32038700,T,C,-4.194967,6.696959,3.598557e-03,1,negative,2.729114e-05,2.128006e-11,T
metaanalysis,GCST009131,4,rs209475,6,32925585,A,G,-3.732941,3.472915,4.452878e-02,0,negative,1.892568e-04,5.148392e-04,A
metaanalysis,GCST009131,5,rs10491128,17,37551988,A,G,3.731283,-3.719793,2.435993e-02,1,negative,1.905069e-04,1.993863e-04,G
metaanalysis,GCST009131,5,rs9303274,17,37836353,T,C,3.580529,-3.635859,4.229563e-02,0,negative,3.428994e-04,2.770560e-04,C
metaanalysis,GCST009158,1,rs10737462,1,22444975,T,C,-4.078072,7.513135,5.705610e-03,0,negative,4.541078e-05,5.772812e-14,T
metaanalysis,GCST009158,1,rs59709264,1,22449325,G,A,-4.143246,4.276455,4.416495e-03,1,negative,3.424245e-05,1.898931e-05,G
metaanalysis,GCST009158,2,rs6780368,3,128122039,T,C,-3.643067,3.977940,2.674179e-02,1,negative,2.694085e-04,6.951504e-05,T
metaanalysis,GCST009158,3,rs228617,4,103580788,T,C,-3.895261,-3.395298,3.829329e-02,1,positive,9.809309e-05,6.855404e-04,C
metaanalysis,GCST009158,4,rs174556,11,61580635,T,C,-4.219699,3.405329,3.706036e-02,1,negative,2.446292e-05,6.608440e-04,T
metaanalysis,GCST009541,1,rs3811696,3,49761605,C,T,3.695808,3.733714,2.195500e-02,1,positive,2.191889e-04,1.886771e-04,C
metaanalysis,GCST009541,2,rs7611991,3,85759558,A,G,3.925072,3.916051,9.649567e-03,1,positive,8.670370e-05,9.001134e-05,A
metaanalysis,GCST009541,3,rs10510025,10,118650996,T,C,4.834331,3.509744,4.162614e-02,1,positive,1.335938e-06,4.485382e-04,T
metaanalysis,GCST009541,4,rs1446169,11,25082947,C,T,-3.488409,-3.502789,4.329420e-02,1,positive,4.859048e-04,4.604144e-04,T
metaanalysis,GCST010003,1,rs858943,2,50952084,T,C,3.573155,-4.106770,4.527380e-02,1,negative,3.527062e-04,4.012297e-05,C
metaanalysis,GCST010003,2,rs7615640,3,23857931,A,C,-3.992520,3.277474,1.356591e-02,1,negative,6.537494e-05,1.047404e-03,A
metaanalysis,GCST010003,2,rs6793391,3,24030134,T,G,-3.799796,3.874821,2.369534e-02,0,negative,1.448155e-04,1.067031e-04,T
metaanalysis,GCST010003,2,rs12491272,3,24139282,T,C,-3.956759,4.217175,1.450405e-02,0,negative,7.597363e-05,2.473822e-05,T
metaanalysis,GCST010003,3,rs11713193,3,49924424,A,G,4.828864,-6.115006,4.562679e-04,1,negative,1.373140e-06,9.655363e-10,G
metaanalysis,GCST010003,3,rs2624826,3,50155468,T,G,4.420470,-3.633546,4.744038e-03,0,negative,9.848641e-06,2.795527e-04,G
metaanalysis,GCST010003,4,rs9841488,3,82142100,C,T,4.045821,-3.635473,1.079457e-02,1,negative,5.214015e-05,2.774706e-04,T
metaanalysis,GCST010003,4,rs9849917,3,82148677,C,T,4.048234,-3.347493,1.116272e-02,0,negative,5.160550e-05,8.154609e-04,T
metaanalysis,GCST010003,4,rs6548811,3,82421725,T,G,4.434186,-2.957109,3.057723e-02,1,negative,9.242096e-06,3.105386e-03,G
metaanalysis,GCST010003,5,rs1248857,3,85018612,G,A,-3.743985,3.615354,2.796495e-02,0,negative,1.811247e-04,2.999371e-04,G
metaanalysis,GCST010003,5,rs17515586,3,85569172,A,G,7.848918,-6.423592,4.181079e-08,1,negative,4.196415e-15,1.330956e-10,G
metaanalysis,GCST010003,5,rs62253963,3,85593642,A,G,-6.213342,3.967533,1.542081e-03,0,negative,5.186925e-10,7.262050e-05,A
metaanalysis,GCST010003,5,rs11713902,3,85604425,T,C,4.812007,-4.510839,4.929045e-04,0,negative,1.494223e-06,6.457160e-06,C
metaanalysis,GCST010003,5,rs17460569,3,85619451,G,A,5.067794,-2.805093,4.364519e-02,0,negative,4.024528e-07,5.030206e-03,A
metaanalysis,GCST010003,5,rs1375563,3,85657946,C,T,5.304378,-3.497341,7.223573e-03,0,negative,1.130576e-07,4.699202e-04,T
metaanalysis,GCST010003,5,rs4507269,3,85690143,A,G,-4.434830,3.059470,2.390522e-02,0,negative,9.214495e-06,2.217289e-03,A
metaanalysis,GCST010003,6,rs2137493,3,86266171,A,G,4.299585,-3.204445,1.651079e-02,0,negative,1.711183e-05,1.353230e-03,G
metaanalysis,GCST010003,6,rs13099202,3,86277433,T,C,4.117545,-2.913701,3.399041e-02,0,negative,3.829298e-05,3.571722e-03,C
metaanalysis,GCST010003,6,rs10212461,3,86465130,C,T,4.995076,-3.234155,1.523686e-02,1,negative,5.881273e-07,1.220033e-03,T
metaanalysis,GCST010003,6,rs6764500,3,86466607,T,C,4.201929,-3.023796,2.601313e-02,0,negative,2.646506e-05,2.496243e-03,C
metaanalysis,GCST010003,7,rs9853248,3,86530640,C,A,3.555723,-3.473948,4.741391e-02,1,negative,3.769409e-04,5.128599e-04,A
metaanalysis,GCST010003,8,rs13103903,4,30634116,A,G,4.251639,-3.053699,2.424767e-02,0,negative,2.122121e-05,2.260389e-03,G
metaanalysis,GCST010003,8,rs9291547,4,30749654,G,A,-3.692939,3.411567,3.242369e-02,0,negative,2.216770e-04,6.459062e-04,G
metaanalysis,GCST010003,8,rs1374658,4,30836892,C,T,-4.303293,3.113827,2.085873e-02,1,negative,1.682778e-05,1.846776e-03,C
metaanalysis,GCST010003,9,rs7665764,4,80681293,G,A,3.653787,3.131543,3.983285e-02,1,positive,2.584007e-04,1.738904e-03,G
metaanalysis,GCST010003,10,rs664366,5,88055761,A,G,-3.569721,3.314564,4.569607e-02,0,negative,3.573614e-04,9.178627e-04,A
metaanalysis,GCST010003,10,rs4518438,5,88157552,T,C,-3.752096,3.707065,2.730925e-02,1,negative,1.753625e-04,2.096753e-04,T
metaanalysis,GCST010003,11,rs2071293,6,32062687,A,G,-4.287481,-3.770149,4.534334e-03,1,positive,1.807108e-05,1.631503e-04,G
metaanalysis,GCST010003,12,rs453590,6,33403422,T,C,4.005980,3.158054,1.857785e-02,0,positive,6.176081e-05,1.588261e-03,T
metaanalysis,GCST010003,13,rs9369425,6,43810974,G,A,3.846413,3.029982,2.564912e-02,1,positive,1.198596e-04,2.445680e-03,G
metaanalysis,GCST010003,14,rs4458695,6,98528404,A,G,-4.242475,4.280305,5.371476e-03,0,negative,2.210683e-05,1.866375e-05,A
metaanalysis,GCST010003,14,rs9375188,6,98555272,C,T,4.827039,-5.738474,4.602398e-04,1,negative,1.385778e-06,9.553350e-09,T
metaanalysis,GCST010003,14,rs9401770,6,98748008,A,G,-3.758259,2.998455,3.267595e-02,0,negative,1.710996e-04,2.713519e-03,A
metaanalysis,GCST010003,15,rs11761422,7,21818103,A,C,-3.659377,2.972540,4.326865e-02,1,negative,2.528292e-04,2.953467e-03,A
metaanalysis,GCST010003,16,rs35944461,8,990572,T,C,-3.842499,2.868881,3.770374e-02,1,negative,1.217878e-04,4.119269e-03,T
metaanalysis,GCST010003,17,rs7460521,8,64971829,T,C,3.844552,3.055317,2.458952e-02,1,positive,1.207730e-04,2.248229e-03,T
metaanalysis,GCST010003,18,rs17581567,10,52359689,T,G,4.206302,-3.037142,2.522701e-02,1,negative,2.595834e-05,2.388327e-03,G
metaanalysis,GCST010003,19,rs4917923,10,102867417,T,C,-4.261631,3.986573,4.984612e-03,1,negative,2.029403e-05,6.703441e-05,T
metaanalysis,GCST010003,20,rs2451464,10,106555151,T,C,3.737302,-2.822196,4.204795e-02,1,negative,1.860053e-04,4.769602e-03,C
metaanalysis,GCST010003,21,rs1681739,10,118563329,T,C,-3.712326,3.164423,3.319934e-02,1,negative,2.053629e-04,1.553910e-03,T
metaanalysis,GCST010003,22,rs174556,11,61580635,T,C,-4.219699,3.757898,5.829385e-03,1,negative,2.446292e-05,1.713468e-04,T
metaanalysis,GCST010003,23,rs9524027,13,94023553,G,T,3.967272,4.403892,1.403371e-02,1,positive,7.270011e-05,1.063258e-05,G
metaanalysis,GCST010003,23,rs1359200,13,94025367,A,G,3.851949,3.298523,2.021273e-02,0,positive,1.171812e-04,9.719492e-04,A
metaanalysis,GCST010003,24,rs10131576,14,56528456,T,C,3.639084,-3.263668,3.837413e-02,1,negative,2.736099e-04,1.099799e-03,C
metaanalysis,GCST010003,25,rs1995171,16,51579526,T,G,-3.541115,3.291053,4.920466e-02,1,negative,3.984406e-04,9.981308e-04,T
metaanalysis,GCST010003,26,rs7208487,17,37543449,G,T,4.091739,4.707632,9.232444e-03,0,positive,4.281511e-05,2.506111e-06,G
metaanalysis,GCST010003,26,rs10491128,17,37551988,A,G,3.731283,6.424138,2.898920e-02,0,positive,1.905069e-04,1.326184e-10,A
metaanalysis,GCST010003,26,rs931992,17,37821435,G,T,4.159935,5.393187,7.236329e-03,1,positive,3.183384e-05,6.921882e-08,G
metaanalysis,GCST010003,27,rs17631303,17,43516402,G,A,4.942925,-4.762084,2.645392e-04,1,negative,7.695916e-07,1.916040e-06,A
metaanalysis,GCST010003,27,rs199504,17,44861003,C,T,4.618897,-5.132574,1.171509e-03,0,negative,3.857857e-06,2.858057e-07,T
metaanalysis,GCST010003,28,rs12943264,17,47418698,C,T,3.712788,-6.629976,3.056783e-02,1,negative,2.049889e-04,3.357408e-11,T
metaanalysis,GCST010003,29,rs1644679,19,37482068,T,G,-3.750845,2.807426,4.340993e-02,0,negative,1.762397e-04,4.993917e-03,T
metaanalysis,GCST010003,29,rs11673192,19,37572490,G,A,3.677297,-3.019061,4.010614e-02,1,negative,2.357181e-04,2.535595e-03,A
metaanalysis,GCST010003,30,rs6081353,20,18731760,G,A,-3.586099,3.058369,4.983475e-02,1,negative,3.356611e-04,2.225450e-03,G
metaanalysis,GCST011364,1,rs2972147,2,227099854,T,C,-3.863819,-3.737149,1.584253e-02,1,positive,1.116277e-04,1.861183e-04,C
metaanalysis,GCST011364,2,rs695238,3,49869158,C,A,3.777690,3.620315,2.131428e-02,0,positive,1.582897e-04,2.942450e-04,C
metaanalysis,GCST011364,2,rs2013208,3,50129399,T,C,-4.708874,-3.877463,8.879949e-03,1,positive,2.490887e-06,1.055515e-04,C
metaanalysis,GCST011364,3,rs72638313,4,68036556,T,C,3.892094,3.590523,2.299999e-02,1,positive,9.938278e-05,3.300154e-04,T
metaanalysis,GCST011364,4,rs2136724,5,84326295,T,G,-4.025075,-3.729667,1.476233e-02,1,positive,5.695712e-05,1.917333e-04,G
metaanalysis,GCST011364,5,rs10091619,8,64662693,A,G,3.878012,-3.368318,4.349774e-02,1,negative,1.053135e-04,7.562837e-04,G
metaanalysis,GCST011364,6,rs1877031,17,37814080,G,A,4.138776,3.452462,3.455411e-02,1,positive,3.491638e-05,5.554956e-04,G
metaanalysis,GCST011364,7,rs12943264,17,47418698,C,T,3.712788,5.243536,2.658702e-02,1,positive,2.049889e-04,1.575277e-07,C
metaanalysis,GCST90011766,1,rs1248857,3,85018612,G,A,-3.743985,4.337387,1.712188e-02,0,negative,1.811247e-04,1.441864e-05,G
metaanalysis,GCST90011766,1,rs9851444,3,85576706,C,T,4.641041,-3.252659,4.137552e-02,0,negative,3.466585e-06,1.143308e-03,T
metaanalysis,GCST90011766,1,rs12629607,3,85583608,T,C,8.252437,-4.011067,3.950014e-03,1,negative,1.551972e-16,6.044491e-05,C
metaanalysis,GCST90011766,2,rs10769191,11,46157060,G,A,3.626923,3.287800,3.754777e-02,1,positive,2.868184e-04,1.009737e-03,G
metaanalysis,GCST90011766,3,rs6485690,11,46798631,A,G,4.413922,3.970231,4.594035e-03,1,positive,1.015145e-05,7.180312e-05,A
metaanalysis,GCST90011766,4,rs7298744,12,26936608,C,T,-4.013642,-3.379270,2.937902e-02,1,positive,5.978894e-05,7.267872e-04,T
metaanalysis,GCST90011766,5,rs324808,12,83962860,C,T,-3.545514,6.147750,3.237367e-02,0,negative,3.918482e-04,7.858991e-10,C
metaanalysis,GCST90011766,5,rs1497346,12,84097599,T,C,4.289481,-6.323886,2.361978e-03,1,negative,1.790908e-05,2.550654e-10,C
metaanalysis,GCST90011766,6,rs17631303,17,43516402,G,A,4.942925,3.529173,1.922654e-02,0,positive,7.695916e-07,4.168606e-04,G
metaanalysis,GCST90011766,6,rs199504,17,44861003,C,T,4.618897,3.982048,4.400033e-03,1,positive,3.857857e-06,6.832389e-05,C
metaanalysis,GCST90011808,1,rs7521303,1,154011605,C,T,3.751023,3.643593,3.528018e-02,1,positive,1.761144e-04,2.688586e-04,C
metaanalysis,GCST90011808,2,rs3130552,6,31082127,A,G,4.059811,-4.081525,9.250752e-03,0,negative,4.911242e-05,4.474108e-05,G
metaanalysis,GCST90011808,3,rs2071293,6,32062687,A,G,-4.287481,4.185144,3.888082e-03,1,negative,1.807108e-05,2.849853e-05,A
metaanalysis,GCST90011808,4,rs729281,12,50196394,C,T,-3.908749,3.748614,2.404853e-02,1,negative,9.277519e-05,1.778144e-04,C
metaanalysis,GCST90011809,1,rs2407204,12,88943759,G,A,3.616466,-3.687040,3.265518e-02,1,negative,2.986522e-04,2.268780e-04,A
metaanalysis,GCST90011809,2,rs9529457,13,69504512,G,A,-3.554108,-3.489371,3.975237e-02,1,positive,3.792638e-04,4.841591e-04,A
metaanalysis,GCST90011809,3,rs1006548,16,89844043,C,T,4.108828,-6.048811,5.050145e-03,1,negative,3.976712e-05,1.459184e-09,T
metaanalysis,GCST90011809,4,rs8049897,16,90024202,A,G,-4.488473,13.723587,8.786470e-04,1,negative,7.173550e-06,7.334482e-43,A
metaanalysis,GCST90011809,4,rs4785763,16,90066936,A,C,-3.874765,9.927559,1.314101e-02,0,negative,1.067276e-04,3.158949e-23,A
metaanalysis,GCST90011816,1,rs56319427,1,22396998,C,T,-3.888844,4.251995,7.169939e-03,1,negative,1.007230e-04,2.118745e-05,C
metaanalysis,GCST90011816,1,rs66766977,1,22431092,T,C,-4.016165,3.876288,7.182858e-03,0,negative,5.915282e-05,1.060622e-04,T
metaanalysis,GCST90011816,2,rs1877031,17,37814080,G,A,4.138776,-3.660218,1.642573e-02,1,negative,3.491638e-05,2.520011e-04,A
metaanalysis,GCST90011819,1,rs3130976,6,31081940,C,T,4.321653,3.522596,4.212371e-02,0,positive,1.548648e-05,4.273429e-04,C
metaanalysis,GCST90011819,1,rs3130978,6,31082188,A,G,4.248264,4.814818,2.345131e-03,1,positive,2.154339e-05,1.473338e-06,A
metaanalysis,GCST90011820,1,rs17837951,1,22388872,T,C,-3.874707,3.997715,1.075297e-02,1,negative,1.067531e-04,6.395687e-05,T
metaanalysis,GCST90011820,2,rs969177,10,106549350,T,C,3.704905,3.587823,2.739220e-02,1,positive,2.114699e-04,3.334509e-04,T
metaanalysis,GCST90013410,1,rs61749636,5,141033870,G,T,3.923016,3.380634,3.808450e-02,1,positive,8.744735e-05,7.231888e-04,G
metaanalysis,GCST90013410,2,rs10160701,11,46551918,T,C,3.918781,-3.339773,4.309960e-02,0,negative,8.899810e-05,8.384686e-04,C
metaanalysis,GCST90013410,2,rs11600668,11,47193566,A,G,3.929563,-3.922473,1.673216e-02,1,negative,8.510029e-05,8.764462e-05,G
metaanalysis,GCST90013410,3,rs1075366,12,50192009,C,T,-3.933253,4.042894,1.649624e-02,1,negative,8.380402e-05,5.279545e-05,C
metaanalysis,GCST90013410,4,rs1006548,16,89844043,C,T,4.108828,-8.236677,8.303652e-03,1,negative,3.976712e-05,1.770603e-16,T
metaanalysis,GCST90013410,5,rs8049897,16,90024202,A,G,-4.488473,13.958285,1.554395e-03,1,negative,7.173550e-06,2.800939e-44,A
metaanalysis,GCST90013410,5,rs4785763,16,90066936,A,C,-3.874765,11.058494,2.040977e-02,0,negative,1.067276e-04,1.994181e-28,A
metaanalysis,GCST90014023,1,rs3130976,6,31081940,C,T,4.321653,18.523176,4.086253e-03,1,positive,1.548648e-05,1.342769e-76,C
metaanalysis,GCST90014023,1,rs3130978,6,31082188,A,G,4.248264,11.463552,5.494017e-03,0,positive,2.154339e-05,2.010952e-30,A
metaanalysis,GCST90014023,1,rs3094215,6,31084684,G,A,3.727510,5.252920,3.283803e-02,0,positive,1.933811e-04,1.497065e-07,G
metaanalysis,GCST90014023,2,rs2071293,6,32062687,A,G,-4.287481,9.194662,4.705072e-03,0,negative,1.807108e-05,3.761758e-20,A
metaanalysis,GCST90014023,3,rs209474,6,32924584,G,A,-3.871330,13.621358,2.099454e-02,0,negative,1.082430e-04,2.989555e-42,G
metaanalysis,GCST90014023,4,rs211456,6,33389381,T,G,4.146723,-5.853613,8.093671e-03,0,negative,3.372680e-05,4.810065e-09,G
metaanalysis,GCST90014023,5,rs11038914,11,46561301,T,C,3.814683,3.321761,2.797918e-02,1,positive,1.363578e-04,8.945141e-04,T
metaanalysis,GCST90014023,6,rs968567,11,61595564,T,C,-4.140956,-3.852883,8.273726e-03,1,positive,3.458608e-05,1.167352e-04,C
metaanalysis,GCST90014023,7,rs4924500,15,41015751,G,A,-3.970593,-3.174184,4.455536e-02,1,positive,7.169390e-05,1.502582e-03,A
metaanalysis,GCST90014023,8,rs11078930,17,38141955,T,C,-3.777097,3.943132,2.817172e-02,1,negative,1.586669e-04,8.042443e-05,T
metaanalysis,GCST90014023,9,rs17631303,17,43516402,G,A,4.942925,-6.027051,2.278987e-04,1,negative,7.695916e-07,1.669782e-09,A
metaanalysis,GCST90014023,9,rs199504,17,44861003,C,T,4.618897,-4.075939,1.446971e-03,0,negative,3.857857e-06,4.582904e-05,T
metaanalysis,GCST90014023,10,rs193477,22,30451486,T,C,-3.811499,-7.980461,2.539887e-02,0,positive,1.381265e-04,1.457883e-15,C
metaanalysis,GCST90014023,10,rs9620943,22,30467766,T,C,-3.688695,-6.262877,3.696796e-02,0,positive,2.254075e-04,3.779377e-10,C
metaanalysis,GCST90014023,10,rs4820827,22,30477589,T,C,3.969140,8.838836,1.520349e-02,1,positive,7.213256e-05,9.672109e-19,T
metaanalysis,GCST90014023,10,rs2023682,22,30599570,G,A,-3.863264,-6.117383,2.155324e-02,0,positive,1.118821e-04,9.512444e-10,A
metaanalysis,GCST90061440,1,rs16841842,1,197611682,A,C,-3.580435,8.001969,3.810531e-02,1,negative,3.430220e-04,1.224455e-15,A
metaanalysis,GCST90061440,2,rs9882735,3,24014059,C,T,-3.664319,-3.485109,3.100929e-02,0,positive,2.479974e-04,4.919371e-04,T
metaanalysis,GCST90061440,2,rs12491272,3,24139282,T,C,-3.956759,-3.481501,1.389088e-02,1,positive,7.597363e-05,4.986127e-04,C
metaanalysis,GCST90061440,3,rs228613,4,103577465,C,T,4.009579,-8.463262,1.179392e-02,1,negative,6.082702e-05,2.599997e-17,T
metaanalysis,GCST90061440,4,rs3130978,6,31082188,A,G,4.248264,6.646573,5.189270e-03,1,positive,2.154339e-05,2.999961e-11,A
metaanalysis,GCST90061440,5,rs209474,6,32924584,G,A,-3.871330,7.222521,1.787519e-02,0,negative,1.082430e-04,5.103244e-13,G
metaanalysis,GCST90061440,6,rs1416226,10,43904207,A,G,-3.952422,3.438350,1.406576e-02,1,negative,7.736412e-05,5.852707e-04,A
metaanalysis,GCST90061440,7,rs7951579,11,46469900,A,G,3.819535,3.115438,4.011424e-02,0,positive,1.337035e-04,1.836720e-03,A
metaanalysis,GCST90061440,7,rs11600668,11,47193566,A,G,3.929563,3.601579,1.508357e-02,1,positive,8.510029e-05,3.162906e-04,A
metaanalysis,GCST90061440,8,rs7208487,17,37543449,G,T,4.091739,-5.918797,9.039658e-03,0,negative,4.281511e-05,3.243052e-09,T
metaanalysis,GCST90061440,8,rs10491128,17,37551988,A,G,3.731283,-6.317564,2.616452e-02,0,negative,1.905069e-04,2.657178e-10,G
metaanalysis,GCST90061440,8,rs931992,17,37821435,G,T,4.159935,-7.516231,7.131889e-03,1,negative,3.183384e-05,5.637804e-14,T
metaanalysis,GCST90061440,9,rs11078930,17,38141955,T,C,-3.777097,5.254380,2.314533e-02,1,negative,1.586669e-04,1.485241e-07,T
metaanalysis,GCST90061440,10,rs17631303,17,43516402,G,A,4.942925,-5.961849,2.218590e-04,1,negative,7.695916e-07,2.494001e-09,A
metaanalysis,GCST90061440,10,rs199504,17,44861003,C,T,4.618897,-5.716285,1.091561e-03,0,negative,3.857857e-06,1.088784e-08,T
metaanalysis,GCST90061440,11,rs35359524,17,50291040,T,C,3.746076,3.924845,2.519324e-02,1,positive,1.796221e-04,8.678548e-05,T
metaanalysis,GCST90061440,12,rs2033268,19,37562618,A,G,3.640951,-3.251504,3.582495e-02,0,negative,2.716330e-04,1.147962e-03,G
metaanalysis,GCST90061440,12,rs3859549,19,38306876,T,C,3.867208,-3.298361,2.189336e-02,1,negative,1.100885e-04,9.725099e-04,C
metaanalysis,GCST90061440,13,rs4820827,22,30477589,T,C,3.969140,3.780031,1.339064e-02,1,positive,7.213256e-05,1.568088e-04,T
metaanalysis,GCST90129439,1,rs17190597,2,58874385,T,C,3.580249,3.702305,3.090333e-02,1,positive,3.432673e-04,2.136497e-04,T
metaanalysis,GCST90129442,1,rs62263929,3,85678223,T,C,-6.326322,-4.661617,3.677435e-04,1,positive,2.510743e-10,3.137352e-06,C
metaanalysis,GCST90129442,1,rs62261676,3,85698577,G,A,-4.037306,-3.438467,2.478418e-02,0,positive,5.406861e-05,5.850185e-04,A
metaanalysis,GCST90129442,1,rs11914525,3,85880768,G,A,-4.502123,-4.369500,1.327315e-03,0,positive,6.727789e-06,1.245313e-05,A
metaanalysis,GCST90129442,2,rs61749636,5,141033870,G,T,3.923016,3.442635,2.453819e-02,1,positive,8.744735e-05,5.760764e-04,G
metaanalysis,GCST90129442,3,rs9472138,6,43811762,T,C,3.936364,-3.281366,3.596968e-02,1,negative,8.272543e-05,1.033057e-03,C
metaanalysis,GCST90129442,4,rs10870288,10,134105957,T,C,3.696096,3.287275,3.545141e-02,1,positive,2.189400e-04,1.011619e-03,T
metaanalysis,GCST90129442,5,rs174560,11,61581764,C,T,-3.935026,3.894354,7.942538e-03,1,negative,8.318774e-05,9.846057e-05,C
metaanalysis,GCST90129442,5,rs968567,11,61595564,T,C,-4.140956,3.622376,1.555522e-02,0,negative,3.458608e-05,2.919098e-04,T
metaanalysis,GCST90129442,6,rs9859,12,48176900,T,G,3.405183,3.473794,4.104228e-02,1,positive,6.611983e-04,5.131543e-04,T
metaanalysis,GCST90129442,7,rs2201718,12,83925736,C,T,-3.427299,-3.240198,4.176970e-02,1,positive,6.096184e-04,1.194469e-03,T
metaanalysis,GCST90129442,8,rs3859549,19,38306876,T,C,3.867208,4.214034,1.002854e-02,1,positive,1.100885e-04,2.508496e-05,T
metaanalysis,GCST90132223,1,rs13135505,4,137487523,A,G,3.621317,3.310574,4.757984e-02,1,positive,2.931070e-04,9.310483e-04,A
metaanalysis,GCST90132223,2,rs3130976,6,31081940,C,T,4.321653,8.107669,2.967413e-03,1,positive,1.548648e-05,5.160013e-16,C
metaanalysis,GCST90132223,2,rs3130978,6,31082188,A,G,4.248264,7.410776,4.104205e-03,0,positive,2.154339e-05,1.255628e-13,A
metaanalysis,GCST90132223,3,rs2071293,6,32062687,A,G,-4.287481,29.270905,3.463249e-03,0,negative,1.807108e-05,2.433959e-188,A
metaanalysis,GCST90132223,4,rs209474,6,32924584,G,A,-3.871330,11.514483,1.789583e-02,0,negative,1.082430e-04,1.115267e-30,G
metaanalysis,GCST90132223,5,rs211456,6,33389381,T,G,4.146723,-9.722720,6.283047e-03,0,negative,3.372680e-05,2.412484e-22,G
metaanalysis,GCST90132223,6,rs174556,11,61580635,T,C,-4.219699,-4.401401,4.623244e-03,1,positive,2.446292e-05,1.075540e-05,C
metaanalysis,GCST90132223,6,rs968567,11,61595564,T,C,-4.140956,-4.939672,6.437611e-03,0,positive,3.458608e-05,7.825413e-07,C
metaanalysis,GCST90132223,7,rs10491128,17,37551988,A,G,3.731283,-3.724081,2.861967e-02,0,negative,1.905069e-04,1.960284e-04,G
metaanalysis,GCST90132223,7,rs9646419,17,37597185,A,G,3.894442,-3.495199,2.710908e-02,0,negative,9.842514e-05,4.737079e-04,G
metaanalysis,GCST90132223,7,rs931992,17,37821435,G,T,4.159935,-4.237256,5.928172e-03,1,negative,3.183384e-05,2.262680e-05,T
metaanalysis,GCST90132223,8,rs193477,22,30451486,T,C,-3.811499,-3.869488,2.199382e-02,1,positive,1.381265e-04,1.090642e-04,C
metaanalysis,PGC2019ALCUSE,1,rs12151653,2,145726656,T,C,-3.175913,-3.384570,3.679071e-02,1,positive,1.493656e-03,7.128992e-04,C
metaanalysis,PGC2019ALCUSE,2,rs6435568,2,211285002,A,G,-4.148979,3.968087,2.291761e-03,1,negative,3.339612e-05,7.245176e-05,A
metaanalysis,PGC2019ALCUSE,2,rs2370948,2,211331248,C,T,3.790265,-3.660047,7.128209e-03,0,negative,1.504870e-04,2.521692e-04,T
metaanalysis,PGC2019ALCUSE,2,rs2887913,2,211420207,C,A,-3.843088,4.515442,4.901667e-03,0,negative,1.214961e-04,6.318497e-06,C
metaanalysis,PGC2019ALCUSE,3,rs1248857,3,85018612,G,A,-3.743985,-4.495076,6.714011e-03,0,positive,1.811247e-04,6.954518e-06,A
metaanalysis,PGC2019ALCUSE,3,rs9851444,3,85576706,C,T,4.641041,4.025066,1.842154e-03,0,positive,3.466585e-06,5.695940e-05,C
metaanalysis,PGC2019ALCUSE,3,rs6807666,3,85594428,A,C,8.170031,4.919135,4.239169e-05,1,positive,3.083103e-16,8.692772e-07,A
metaanalysis,PGC2019ALCUSE,3,rs2325026,3,85747834,G,T,-3.280613,-3.445960,2.734694e-02,0,positive,1.035818e-03,5.690354e-04,T
metaanalysis,PGC2019ALCUSE,4,rs2866409,4,103554261,G,T,-3.465801,3.868336,1.583479e-02,1,negative,5.286551e-04,1.095807e-04,G
metaanalysis,PGC2019ALCUSE,5,rs190438,5,88026902,C,T,-3.522677,3.504965,1.332890e-02,1,negative,4.272116e-04,4.566678e-04,C
metaanalysis,PGC2019ALCUSE,5,rs216057,5,88170331,C,T,-3.373224,3.245746,2.890817e-02,0,negative,7.429360e-04,1.171433e-03,C
metaanalysis,PGC2019ALCUSE,6,rs4339469,6,98369230,T,G,-3.800877,4.076206,5.613201e-03,0,negative,1.441849e-04,4.577645e-05,T
metaanalysis,PGC2019ALCUSE,6,rs12202969,6,98576223,G,A,4.502741,-3.850763,3.564229e-03,1,negative,6.708266e-06,1.177506e-04,A
metaanalysis,PGC2019ALCUSE,6,rs9398724,6,98601586,A,G,-3.565092,3.151376,3.850784e-02,0,negative,3.637284e-04,1.625034e-03,A
metaanalysis,PGC2019ALCUSE,7,rs11039165,11,47312689,G,A,-3.446664,4.044034,1.679464e-02,1,negative,5.675541e-04,5.253920e-05,G
metaanalysis,PGC2019ALCUSE,8,rs9806441,15,98370458,G,A,3.217757,-3.171047,4.295349e-02,1,negative,1.291972e-03,1.518907e-03,A
metaanalysis,PGC2019ALCUSE,9,rs17177078,16,24810681,T,C,-3.346770,-4.069707,2.255379e-02,1,positive,8.175888e-04,4.707222e-05,C
metaanalysis,PGC2019ALCUSE,10,rs7187776,16,28857645,G,A,-3.458455,-3.410791,1.692823e-02,1,positive,5.432828e-04,6.477465e-04,A
metaanalysis,PGC2019ALCUSE,11,rs854774,17,18051975,T,C,3.257465,-3.488349,2.927987e-02,0,negative,1.124121e-03,4.860140e-04,C
metaanalysis,PGC2019ALCUSE,11,rs854772,17,18055229,G,A,3.405431,-3.503433,1.897591e-02,1,negative,6.605979e-04,4.593021e-04,A
metaanalysis,PGC2019ALCUSE,12,rs7208487,17,37543449,G,T,4.091739,-3.814026,4.088491e-03,1,negative,4.281511e-05,1.367213e-04,T
metaanalysis,PGC2019ALCUSE,13,rs110402,17,43880047,A,G,-3.416205,3.596464,1.833073e-02,0,negative,6.350043e-04,3.225717e-04,A
metaanalysis,PGC2019ALCUSE,13,rs199443,17,44819565,T,C,4.881604,-5.016781,8.195016e-05,1,negative,1.052264e-06,5.254451e-07,C
metaanalysis,PGC2019ALCUSE,14,rs193477,22,30451486,T,C,-3.811499,3.717644,5.794370e-03,1,negative,1.381265e-04,2.010893e-04,T
metaanalysis,PGC2019ALCUSE,14,rs4823070,22,30488207,A,G,-3.664319,3.121841,4.216249e-02,0,negative,2.479974e-04,1.797239e-03,A
metaanalysis,PGC2019AN,1,rs11165712,1,97198560,T,C,4.117466,-3.528525,3.642220e-02,1,negative,3.830615e-05,4.178824e-04,C
metaanalysis,PGC2019AN,2,rs2271960,3,49878078,C,T,3.610132,-3.666942,2.297208e-02,0,negative,3.060407e-04,2.454683e-04,T
metaanalysis,PGC2019AN,2,rs2071206,3,50160109,A,G,-4.368232,3.792400,1.463593e-02,1,negative,1.252566e-05,1.491983e-04,A
metaanalysis,PGC2019AN,3,rs2885078,3,94165939,A,C,3.348555,-3.550484,4.906362e-02,1,negative,8.123406e-04,3.845239e-04,C
metaanalysis,PGC2019AN,4,rs9375188,6,98555272,C,T,4.827039,-3.761632,1.641149e-02,1,negative,1.385778e-06,1.688081e-04,T
metaanalysis,PGC2019ASD,1,rs13033247,2,140203973,G,A,-3.285062,-3.371328,3.708043e-02,1,positive,1.019598e-03,7.480679e-04,A
metaanalysis,PGC2019ASD,2,rs228611,4,103561709,A,G,3.295590,3.399015,3.580468e-02,1,positive,9.821529e-04,6.762899e-04,A
metaanalysis,PGC2019ASD,3,rs4716324,6,18984596,T,C,3.499991,3.699589,1.798730e-02,1,positive,4.652742e-04,2.159493e-04,T
metaanalysis,PGC2019ASD,4,rs9401458,6,98458340,T,C,-4.103242,3.460006,2.499987e-02,0,negative,4.074013e-05,5.401642e-04,T
metaanalysis,PGC2019ASD,4,rs12202969,6,98576223,G,A,4.502741,-4.459541,6.190250e-04,1,negative,6.708266e-06,8.213530e-06,A
metaanalysis,PGC2019ASD,4,rs9375247,6,98607366,G,A,3.356559,-3.227408,4.928216e-02,0,negative,7.891879e-04,1.249172e-03,A
metaanalysis,PGC2019ASD,5,rs8072451,17,43893716,T,C,4.687286,4.265074,1.374561e-03,1,positive,2.768513e-06,1.998358e-05,T
metaanalysis,PGC2019MDD,1,rs74547540,1,177033211,A,G,-3.418015,3.720608,3.625148e-02,1,negative,6.307957e-04,1.987437e-04,A
metaanalysis,PGC2019MDD,2,rs16841842,1,197611682,A,C,-3.580435,-4.626635,2.313899e-02,1,positive,3.430220e-04,3.716548e-06,C
metaanalysis,PGC2019MDD,3,rs10206997,2,22138930,A,G,4.253345,-3.562759,1.739444e-02,1,negative,2.106005e-05,3.669781e-04,G
metaanalysis,PGC2019MDD,4,rs1484663,2,22802175,T,C,-3.611387,3.416996,2.562308e-02,1,negative,3.045635e-04,6.331624e-04,T
metaanalysis,PGC2019MDD,5,rs9880742,3,82190013,C,T,3.477933,-3.334976,3.150738e-02,1,negative,5.052961e-04,8.530682e-04,T
metaanalysis,PGC2019MDD,6,rs6766743,3,117609293,C,T,3.345278,4.729883,4.372086e-02,1,positive,8.220012e-04,2.246496e-06,C
metaanalysis,PGC2019MDD,7,rs11726962,4,79920205,C,T,3.294608,3.343279,4.945378e-02,1,positive,9.855912e-04,8.279465e-04,C
metaanalysis,PGC2019MDD,8,rs4518438,5,88157552,T,C,-3.752096,3.578472,1.664697e-02,1,negative,1.753625e-04,3.456083e-04,T
metaanalysis,PGC2019MDD,9,rs1422679,5,164663019,C,T,-4.139559,-4.526171,3.240375e-03,1,positive,3.479748e-05,6.006196e-06,T
metaanalysis,PGC2019MDD,9,rs35245192,5,164762240,G,A,-3.434412,-3.774394,3.479049e-02,0,positive,5.938405e-04,1.603971e-04,A
metaanalysis,PGC2019MDD,10,rs3130975,6,31081838,T,C,3.953339,-3.434273,2.455728e-02,1,negative,7.706807e-05,5.941455e-04,C
metaanalysis,PGC2019MDD,10,rs3130976,6,31081940,C,T,4.321653,-3.182409,4.487402e-02,0,negative,1.548648e-05,1.460554e-03,T
metaanalysis,PGC2019MDD,11,rs9479138,6,152215199,T,G,6.753463,3.365963,2.917694e-02,1,positive,1.443576e-11,7.627699e-04,T
metaanalysis,PGC2019MDD,12,rs2214107,7,114942799,A,G,-4.476886,3.866858,6.853180e-03,1,negative,7.573953e-06,1.102466e-04,A
metaanalysis,PGC2019MDD,12,rs1527743,7,115029890,A,G,-3.562719,3.369489,2.893289e-02,0,negative,3.670330e-04,7.530770e-04,A
metaanalysis,PGC2019MDD,13,rs2479102,9,126683955,C,T,-3.546172,3.819630,2.551094e-02,1,negative,3.908712e-04,1.336518e-04,C
metaanalysis,PGC2019MDD,14,rs3896224,10,106467853,G,A,-3.343713,-4.986241,4.389904e-02,0,positive,8.266513e-04,6.156525e-07,A
metaanalysis,PGC2019MDD,14,rs962908,10,106540656,T,C,3.662027,3.594875,1.801887e-02,1,positive,2.502278e-04,3.245474e-04,T
metaanalysis,PGC2019MDD,15,rs324808,12,83962860,C,T,-3.545514,-3.969648,2.555628e-02,0,positive,3.918482e-04,7.197897e-05,T
metaanalysis,PGC2019MDD,15,rs1606183,12,84011789,G,A,-3.361752,-3.424529,4.193849e-02,0,positive,7.744973e-04,6.158663e-04,A
metaanalysis,PGC2019MDD,15,rs1497343,12,84097138,T,C,4.124383,3.812663,8.193986e-03,1,positive,3.717297e-05,1.374778e-04,T
metaanalysis,PGC2019MDD,16,rs6561712,13,53880809,T,C,3.478705,3.422347,3.081331e-02,1,positive,5.038426e-04,6.208300e-04,T
metaanalysis,PGC2019MDD,17,rs1323986,13,93999772,A,G,3.429398,3.305164,3.523794e-02,1,positive,6.049226e-04,9.492084e-04,A
metaanalysis,PGC2019MDD,18,rs9961847,18,35181225,G,A,3.469391,4.400090,3.165333e-02,1,positive,5.216388e-04,1.082061e-05,G
metaanalysis,PGC2019MDD,19,rs4144686,18,53251725,A,G,-3.477484,-3.324619,3.231899e-02,1,positive,5.061439e-04,8.853943e-04,G
metaanalysis,PGC2019PTSD,1,rs11733040,4,137480493,A,G,3.441146,3.490786,4.564123e-02,1,positive,5.792550e-04,4.816013e-04,A
metaanalysis,PGC2019PTSD,2,rs17503711,5,152602565,G,A,3.611073,3.899572,2.567740e-02,1,positive,3.049328e-04,9.636281e-05,G
metaanalysis,PGC2021ALZwoUKBB,1,rs4574296,3,86347434,A,G,5.052958,3.316997,4.592975e-02,1,positive,4.350186e-07,9.099064e-04,A
metaanalysis,PGC2021ALZwoUKBB,2,rs61749636,5,141033870,G,T,3.923016,-3.650811,1.317865e-02,1,negative,8.744735e-05,2.614132e-04,T
metaanalysis,PGC2021ALZwoUKBB,3,rs2071293,6,32062687,A,G,-4.287481,-5.038858,3.191143e-03,1,positive,1.807108e-05,4.683167e-07,G
metaanalysis,PGC2021ALZwoUKBB,4,rs7499192,16,31281751,T,C,3.683690,-3.416838,3.211667e-02,1,negative,2.298814e-04,6.335293e-04,C
metaanalysis,PGC2021ALZwoUKBB,5,rs199443,17,44819565,T,C,4.881604,-4.806919,2.024478e-04,1,negative,1.052264e-06,1.532741e-06,C
metaanalysis,PGC2021ALZwoUKBB,6,rs12943264,17,47418698,C,T,3.712788,4.372238,2.725370e-02,1,positive,2.049889e-04,1.229796e-05,C
metaanalysis,PGC2022SCZ,1,rs3748848,1,153901302,G,A,4.465184,3.627151,8.104386e-03,1,positive,8.000004e-06,2.865654e-04,G
metaanalysis,PGC2022SCZ,2,rs1396724,2,22668907,C,T,-3.411197,3.687842,4.097150e-02,1,negative,6.467838e-04,2.261639e-04,C
metaanalysis,PGC2022SCZ,3,rs6741380,2,198165121,A,G,3.587151,4.689842,2.616780e-02,1,positive,3.343110e-04,2.734160e-06,A
metaanalysis,PGC2022SCZ,4,rs4072458,3,36862680,T,C,3.330648,-3.762568,4.978131e-02,0,negative,8.664415e-04,1.681773e-04,C
metaanalysis,PGC2022SCZ,4,rs4624519,3,36862980,T,C,-3.833613,5.067583,1.313442e-02,1,negative,1.262747e-04,4.028994e-07,T
metaanalysis,PGC2022SCZ,5,rs6765484,3,50041313,T,C,-4.679472,3.452501,1.391889e-02,1,negative,2.876145e-06,5.554162e-04,T
metaanalysis,PGC2022SCZ,6,rs62282542,3,177362709,G,A,-3.973874,-3.930484,8.598081e-03,1,positive,7.071305e-05,8.477519e-05,A
metaanalysis,PGC2022SCZ,7,rs13108018,4,30828614,C,A,-4.114238,-3.662752,7.212618e-03,1,positive,3.884600e-05,2.495198e-04,A
metaanalysis,PGC2022SCZ,8,rs740076,5,137788607,G,A,-3.712942,3.554571,1.856735e-02,1,negative,2.048642e-04,3.785968e-04,G
metaanalysis,PGC2022SCZ,9,rs17503711,5,152602565,G,A,3.611073,3.637088,2.453435e-02,1,positive,3.049328e-04,2.757373e-04,G
metaanalysis,PGC2022SCZ,10,rs3130976,6,31081940,C,T,4.321653,-5.404268,2.534838e-03,1,negative,1.548648e-05,6.507376e-08,T
metaanalysis,PGC2022SCZ,10,rs3130552,6,31082127,A,G,4.059811,-3.632823,7.961646e-03,0,negative,4.911242e-05,2.803370e-04,G
metaanalysis,PGC2022SCZ,11,rs2734335,6,31893944,G,A,3.391484,-4.520610,4.305582e-02,0,negative,6.951530e-04,6.166180e-06,A
metaanalysis,PGC2022SCZ,11,rs2071295,6,32038700,T,C,-4.194967,3.839120,4.077288e-03,0,negative,2.729114e-05,1.234761e-04,T
metaanalysis,PGC2022SCZ,12,rs209474,6,32924584,G,A,-3.871330,4.657687,1.177831e-02,0,negative,1.082430e-04,3.197822e-06,G
metaanalysis,PGC2022SCZ,13,rs3106189,6,33282002,T,C,-3.376344,3.503885,4.464942e-02,0,negative,7.345603e-04,4.585227e-04,T
metaanalysis,PGC2022SCZ,13,rs211456,6,33389381,T,G,4.146723,-3.944001,4.836478e-03,0,negative,3.372680e-05,8.013342e-05,G
metaanalysis,PGC2022SCZ,14,rs10251192,7,115026459,C,T,-3.610446,3.354325,2.457348e-02,1,negative,3.056714e-04,7.955878e-04,C
metaanalysis,PGC2022SCZ,14,rs12535499,7,115081492,C,T,-3.637461,3.062608,4.272207e-02,0,negative,2.753392e-04,2.194172e-03,C
metaanalysis,PGC2022SCZ,15,rs902300,10,106535179,A,G,3.773178,3.741220,1.565779e-02,1,positive,1.611810e-04,1.831291e-04,A
metaanalysis,PGC2022SCZ,16,rs10160701,11,46551918,T,C,3.918781,5.807677,1.020559e-02,0,positive,8.899810e-05,6.334554e-09,T
metaanalysis,PGC2022SCZ,16,rs6485690,11,46798631,A,G,4.413922,3.563026,9.904849e-03,1,positive,1.015145e-05,3.666038e-04,A
metaanalysis,PGC2022SCZ,17,rs952408,12,75353279,A,G,-3.639084,-3.407689,2.278139e-02,1,positive,2.736099e-04,6.551546e-04,G
metaanalysis,PGC2022SCZ,18,rs11634320,15,85172183,A,C,-3.752275,-4.908457,1.665404e-02,1,positive,1.752372e-04,9.179589e-07,C
metaanalysis,PGC2022SCZ,18,rs2292463,15,85175750,A,G,-3.590621,-3.689246,2.591766e-02,0,positive,3.298913e-04,2.249195e-04,G
metaanalysis,PGC2022SCZ,19,rs8049897,16,90024202,A,G,-4.488473,-3.388935,1.685779e-02,1,positive,7.173550e-06,7.016459e-04,G
metaanalysis,PGC2022SCZ,20,rs9972882,17,37807698,A,C,3.498257,3.325634,3.298785e-02,1,positive,4.683100e-04,8.821760e-04,A
metaanalysis,PGC2022SCZ,21,rs17763086,17,43905481,G,T,4.814333,-4.528491,3.370476e-04,1,negative,1.476925e-06,5.940642e-06,T
metaanalysis,PGC2022SCZ,22,rs34603418,18,53252889,T,C,-3.504551,-4.681132,3.247341e-02,1,positive,4.573784e-04,2.852948e-06,C
