trait_code,disease_code,locusnum,rsid,chr,pos,A1,A2,zscore_fertility_gwas,zscore_disease_gwas,conjFDR,is_locus_lead,pleiotropy_sign,pval_fertility_gwas,pval_disease_gwas,disease_risk_allele,Z_PLIFESPAN,A1_PLIFESPAN,Z_RiskAllele
metaanalysis,1135,1,rs228617,4,103580788,T,C,-3.895261,-3.421322,0.03266707,1,positive,9.809309000000002e-05,0.000623175,C,-0.5929200088402387,C,-0.5929200088402387
metaanalysis,1135,2,rs2734335,6,31893944,G,A,3.3914839999999997,-3.6114900000000003,0.04759685,0,negative,0.000695153,0.0003044434,A,-0.8793473221972603,A,-0.8793473221972603
metaanalysis,1135,2,rs2239689,6,32030284,A,G,-4.126186,3.6220529999999997,0.01884588,1,negative,3.68829e-05,0.0002922738,A,-1.9298064728263424,A,-1.9298064728263424
metaanalysis,1135,3,rs1681738,10,118563000,T,G,-3.566065,3.3446190000000002,0.03976217,1,negative,0.00036238190000000003,0.0008239562,T,-0.0983969324234819,T,-0.0983969324234819
metaanalysis,1135,3,rs1626678,10,118576146,A,G,-3.390399,3.8702949999999996,0.04774629,0,negative,0.0006979102,0.00010870389999999999,A,1.1986785375192617,A,1.1986785375192617
metaanalysis,1135,4,rs174560,11,61581764,C,T,-3.935026,3.808368,0.01060602,0,negative,8.318774e-05,0.0001398871,C,1.3883083487029342,C,1.3883083487029342
metaanalysis,1135,4,rs968567,11,61595564,T,C,-4.140956,4.17382,0.004054828,1,negative,3.4586079999999996e-05,2.995342e-05,T,0.8508386761219855,T,0.8508386761219855
metaanalysis,1135,5,rs12943264,17,47418698,C,T,3.7127879999999998,3.890214,0.01815417,1,positive,0.0002049889,0.0001001559,C,-1.5587790802991484,C,-1.5587790802991484
metaanalysis,1135,6,rs4144686,18,53251725,A,G,-3.4774839999999996,3.3710720000000003,0.03722217,1,negative,0.0005061439,0.0007487638,A,0.08348579682233992,A,0.08348579682233992
metaanalysis,2029,1,rs16841842,1,197611682,A,C,-3.580435,6.298374,0.03987355,1,negative,0.00034302199999999996,3.00784e-10,A,-3.2799171123911406,A,-3.2799171123911406
metaanalysis,2029,2,rs11713193,3,49924424,A,G,4.828864,-4.653727,0.00034681839999999996,1,negative,1.3731399999999999e-06,3.2598779999999997e-06,G,-3.5704432860339685,A,3.5704432860339685
metaanalysis,2029,2,rs7061,3,50114515,C,T,4.4781830000000005,-4.320264,0.0017123429999999999,0,negative,7.528109e-06,1.558429e-05,T,2.632225763577945,T,2.632225763577945
metaanalysis,2029,3,rs2071293,6,32062687,A,G,-4.287481,-4.305053,0.003745543,1,positive,1.807108e-05,1.66946e-05,G,-2.053011924653528,A,2.053011924653528
metaanalysis,2029,4,rs61876897,11,19525327,G,A,-3.691233,3.2658169999999997,0.03001182,1,negative,0.00022316939999999998,0.001091489,G,0.4914263748455094,G,0.4914263748455094
metaanalysis,2029,5,rs174556,11,61580635,T,C,-4.219698999999999,4.269127,0.004857667,1,negative,2.446292e-05,1.962393e-05,T,1.5119775622969878,T,1.5119775622969878
metaanalysis,2029,6,rs12892609,14,97323184,T,G,3.535278,3.5298059999999998,0.04513624,1,positive,0.00040734699999999996,0.0004158649,T,1.3947322531975708,T,1.3947322531975708
metaanalysis,2029,7,rs17640009,16,28595700,G,A,-3.501666,6.291872,0.04956599,1,negative,0.0004623594,3.136606e-10,G,-3.182580442827573,G,-3.182580442827573
metaanalysis,2029,8,rs9646419,17,37597185,A,G,3.8944419999999997,-3.0483130000000003,0.04990936,0,negative,9.842514000000002e-05,0.002301299,G,0.8410739342116414,G,0.8410739342116414
metaanalysis,2029,8,rs1877031,17,37814080,G,A,4.138776,-3.591839,0.009000855,1,negative,3.491638e-05,0.0003283526,A,1.9240555656312648,A,1.9240555656312648
metaanalysis,2029,9,rs62056790,17,43975417,A,G,3.819768,-3.103775,0.04283019,1,negative,0.000133577,0.0019106829999999998,G,2.8229147041718208,A,-2.8229147041718208
metaanalysis,2029,10,rs1667337,19,37467512,A,G,-4.0331589999999995,4.1470139999999995,0.009635093,1,negative,5.5032e-05,3.3683920000000006e-05,A,-0.7981690396535179,G,0.7981690396535179
metaanalysis,2029,10,rs11673192,19,37572490,G,A,3.6772970000000003,-3.3307269999999995,0.03015822,0,negative,0.0002357181,0.0008661955999999999,A,-0.8629095367928902,G,0.8629095367928902
metaanalysis,2029,11,rs193477,22,30451486,T,C,-3.811499,4.436662,0.02007602,1,negative,0.0001381265,9.136454e-06,T,0.6501070542141135,T,0.6501070542141135
metaanalysis,2029,11,rs9620943,22,30467766,T,C,-3.6886949999999996,3.971431,0.0291823,0,negative,0.0002254075,7.144225e-05,T,0.5552738097113068,T,0.5552738097113068
metaanalysis,2030,3,rs7632056,3,85659025,A,G,6.403816,-3.4579199999999997,0.01937876,0,negative,1.515411e-10,0.0005443628,G,-0.45339804139033,G,-0.45339804139033
metaanalysis,2030,3,rs13082188,3,85674658,C,T,4.091739,-3.9001080000000004,0.005690655,1,negative,4.281511e-05,9.614988000000001e-05,T,0.6622333173908574,C,-0.6622333173908574
metaanalysis,2030,4,rs228614,4,103578637,A,G,3.772208,-3.45097,0.01982648,1,negative,0.0001618093,0.0005585766000000001,G,-1.0416705645119375,A,1.0416705645119375
metaanalysis,2030,5,rs3094215,6,31084684,G,A,3.7275099999999997,6.253495,0.02005747,0,positive,0.00019338110000000002,4.013661e-10,G,2.336753091425613,A,-2.336753091425613
metaanalysis,2030,7,rs1520933,8,64664272,C,T,3.9044550000000005,3.831318,0.01120105,1,positive,9.443808000000001e-05,0.00012745870000000002,C,-0.7656609000657876,C,-0.7656609000657876
metaanalysis,2030,7,rs16930838,8,64989407,C,T,4.608901,3.502816,0.01673628,0,positive,4.048029e-06,0.0004603681,C,-0.548119206174466,C,-0.548119206174466
metaanalysis,2030,9,rs9303274,17,37836353,T,C,3.5805290000000003,-3.4972339999999997,0.03132682,1,negative,0.0003428994,0.0004701086,C,1.836718849185035,C,1.836718849185035
metaanalysis,2030,10,rs11078930,17,38141955,T,C,-3.777097,5.099011,0.01709543,1,negative,0.0001586669,3.414325e-07,T,0.4858946325549278,T,0.4858946325549278
metaanalysis,2030,11,rs2023682,22,30599570,G,A,-3.863264,3.5913,0.01290851,1,negative,0.00011188209999999999,0.0003290328,G,0.8203111439760139,G,0.8203111439760139
metaanalysis,2052,1,rs3130976,6,31081940,C,T,4.3216529999999995,4.621078,0.0031677520000000002,1,positive,1.548648e-05,3.817521e-06,C,-3.181242582833552,C,-3.181242582833552
metaanalysis,2052,1,rs3130552,6,31082127,A,G,4.059811,3.899796,0.01025053,0,positive,4.911242e-05,9.627377e-05,A,-2.225619011190075,A,-2.225619011190075
metaanalysis,2,2,rs664366,5,88055761,A,G,-3.569721,-4.05267,0.02106764,0,positive,0.00035736139999999997,5.0636499999999995e-05,G,-0.6085298237766189,G,-0.6085298237766189
metaanalysis,2,2,rs4518438,5,88157552,T,C,-3.752096,-3.834366,0.01172791,1,positive,0.0001753625,0.0001258886,C,0.3450530842907897,C,0.3450530842907897
metaanalysis,2,3,rs12246611,10,106674031,A,G,-3.2614259999999997,-3.903661,0.04997557,1,positive,0.001108534,9.474858000000001e-05,G,2.2454059015806203,A,-2.2454059015806203
metaanalysis,3437,2,rs194682,6,32914613,T,C,-3.803491,-4.253846,0.02062164,0,positive,0.0001426711,2.101295e-05,C,-0.5105319401567323,T,0.5105319401567323
metaanalysis,3437,3,rs2479102,9,126683955,C,T,-3.5461720000000003,3.723518,0.04889168,1,negative,0.0003908712,0.0001964655,C,-0.009369081574443813,C,-0.009369081574443813
metaanalysis,3437,4,rs4794036,17,47369099,A,G,3.588687,3.5038440000000004,0.04284693,1,positive,0.0003323469,0.0004585937,A,1.5338334762436436,G,-1.5338334762436436
metaanalysis,3437,5,rs6063071,20,45737763,C,A,3.692797,3.52325,0.03536344,1,positive,0.0002218014,0.0004262887,C,-0.40980893520243616,C,-0.40980893520243616
metaanalysis,3666,1,rs174549,11,61571382,A,G,-4.112758,-4.024215,0.00477215,1,positive,3.9096090000000006e-05,5.716568e-05,G,1.4754397331605598,A,-1.4754397331605598
metaanalysis,3670,1,rs13099794,3,86277776,T,C,4.353685,3.4962800000000005,0.04543009,0,positive,1.3386789999999998e-05,0.0004717935,T,0.3069510748463717,C,-0.3069510748463717
metaanalysis,3670,1,rs60279733,3,86472656,C,T,4.446393,3.6146309999999997,0.02994705,1,positive,8.732414999999999e-06,0.0003007756,C,-1.225096102889731,C,-1.225096102889731
metaanalysis,3670,2,rs11078710,17,7777041,A,C,3.620882,3.7774010000000002,0.02032973,1,positive,0.00029360009999999996,0.0001584735,A,-1.8608634719614088,A,-1.8608634719614088
metaanalysis,3671,1,rs2291487,11,46456344,T,C,3.7487150000000002,-3.553629,0.03054165,1,negative,0.00017774330000000003,0.00037995449999999996,C,-2.229548229548229,T,2.229548229548229
metaanalysis,3671,2,rs174559,11,61581656,A,G,-3.818139,-3.403361,0.04786485,1,positive,0.00013446200000000001,0.0006656227000000001,G,1.1885968871145056,A,-1.1885968871145056
metaanalysis,3671,3,rs110402,17,43880047,A,G,-3.416205,-4.089157,0.04309233,0,positive,0.0006350043,4.32943e-05,G,-1.6612007801749649,A,1.6612007801749649
metaanalysis,3671,3,rs74998289,17,43913558,G,T,3.6870160000000003,3.6840089999999996,0.02030477,1,positive,0.0002268991,0.00022959439999999998,G,2.9115640719245497,G,2.9115640719245497
metaanalysis,3675,2,rs3910952,19,38292369,C,T,-3.5209449999999998,3.548422,0.04358048,1,negative,0.0004300121,0.0003875473,C,0.5416050123653522,T,-0.5416050123653522
metaanalysis,3685,1,rs4624519,3,36862980,T,C,-3.8336129999999997,-3.483418,0.02128473,1,positive,0.0001262747,0.0004950548,C,1.5757272815662264,T,-1.5757272815662264
metaanalysis,3685,1,rs9985296,3,36889621,T,C,3.702379,4.161208,0.02555248,0,positive,0.0002135873,3.16569e-05,T,2.211271391677469,C,-2.211271391677469
metaanalysis,3685,2,rs3130978,6,31082188,A,G,4.248264,14.822569,0.003916478,0,positive,2.154339e-05,1.047017e-49,A,-2.7701060065536613,A,-2.7701060065536613
metaanalysis,3685,4,rs9369425,6,43810974,G,A,3.8464129999999996,-3.494931,0.02054421,1,negative,0.0001198596,0.0004741844,A,-1.0357027535996193,A,-1.0357027535996193
metaanalysis,3685,7,rs5995257,22,22285987,C,T,-3.584293,-3.551907,0.0365967,1,positive,0.0003379926,0.0003824495,T,-0.9838179714616274,C,0.9838179714616274
metaanalysis,3685,8,rs4820827,22,30477589,T,C,3.9691400000000003,4.391276,0.01083061,1,positive,7.213255999999999e-05,1.126874e-05,T,0.1765441537596897,C,-0.1765441537596897
metaanalysis,3685,8,rs4823070,22,30488207,A,G,-3.6643190000000003,-3.239595,0.04556375,0,positive,0.0002479974,0.001196996,G,0.5679721935482432,A,-0.5679721935482432
metaanalysis,3691,1,rs6719,1,154179679,C,T,4.083156,-3.7699580000000004,0.01095504,1,negative,4.442816e-05,0.00016327479999999998,T,0.4561538145642332,C,-0.4561538145642332
metaanalysis,3691,2,rs10496880,2,142237435,C,T,4.163286,4.185715,0.006950181,1,positive,3.1369970000000004e-05,2.8426940000000003e-05,C,-2.6132415353653324,C,-2.6132415353653324
metaanalysis,3691,3,rs10865958,3,49858142,G,A,3.848786,3.907093,0.02159854,1,positive,0.00011870469999999999,9.341306999999999e-05,G,-3.5535059182735624,G,-3.5535059182735624
metaanalysis,3691,5,rs9472138,6,43811762,T,C,3.9363639999999998,-3.91184,0.0160401,1,negative,8.272543e-05,9.159552e-05,C,1.0689411820241692,T,-1.0689411820241692
metaanalysis,3698,1,rs9599406,13,69681627,G,A,-3.797647,3.7677160000000005,0.01945679,1,negative,0.0001460764,0.0001647478,G,-0.21239816600845585,G,-0.21239816600845585
metaanalysis,4039,2,rs1248857,3,85018612,G,A,-3.743985,-3.232534,0.04558672,0,positive,0.0001811247,0.001226975,A,0.07020482773084223,A,0.07020482773084223
metaanalysis,4039,2,rs11127900,3,85594599,A,G,8.39126,3.359255,0.03251771,1,positive,4.809609e-17,0.0007815285,A,0.389564955894146,G,-0.389564955894146
metaanalysis,4039,4,rs9388090,6,98527087,T,C,-4.089335,4.118846,0.003597194,0,negative,4.3261190000000004e-05,3.807745999999999e-05,T,3.6326547550780175,T,3.6326547550780175
metaanalysis,4039,4,rs1487445,6,98565211,C,T,4.825482,-4.789254,0.00013707879999999998,1,negative,1.396649e-06,1.674027e-06,T,2.52247191011236,T,2.52247191011236
metaanalysis,4039,5,rs174537,11,61552680,T,G,-3.927182,4.036983,0.006564165,1,negative,8.594701e-05,5.414297e-05,T,2.181315437832978,T,2.181315437832978
metaanalysis,4039,6,rs11634320,15,85172183,A,C,-3.752275,-3.893069,0.01208564,1,positive,0.0001752372,9.898396000000001e-05,C,-1.2588054528650643,A,1.2588054528650643
metaanalysis,4039,6,rs1107179,15,85198362,G,T,-3.5371029999999997,-3.266483,0.04184958,0,positive,0.00040454160000000006,0.001088922,T,1.2344279193049623,T,1.2344279193049623
metaanalysis,4039,9,rs1985725,22,31618597,G,A,3.802835,3.2911610000000002,0.03912091,1,positive,0.00014304959999999998,0.0009977481,G,-0.6400707078215301,A,0.6400707078215301
metaanalysis,4085,1,rs2943657,2,227123439,C,T,-3.896368,-11.796066,0.03093962,1,positive,9.764604e-05,4.0898799999999997e-32,T,-2.0110905174572964,T,-2.0110905174572964
metaanalysis,4266,1,rs228616,4,103579691,A,G,3.977331,3.313244,0.03192122,1,positive,6.9693e-05,0.0009222036,A,-1.0354051376736804,A,-1.0354051376736804
metaanalysis,4266,4,rs209474,6,32924584,G,A,-3.8713300000000004,-5.211790000000001,0.0229746,0,positive,0.00010824299999999999,1.870271e-07,A,-0.1270633502270586,G,0.1270633502270586
metaanalysis,4266,5,rs12369778,12,88966413,T,G,3.6772970000000003,3.654857,0.041292,1,positive,0.0002357181,0.000257325,T,1.1775414414359755,G,-1.1775414414359755
metaanalysis,4266,6,rs7208487,17,37543449,G,T,4.091739,7.8652820000000006,0.01073142,0,positive,4.281511e-05,3.682682e-15,G,-0.7616214417017799,G,-0.7616214417017799
metaanalysis,4266,6,rs10491128,17,37551988,A,G,3.7312830000000003,8.24442,0.03530685,0,positive,0.0001905069,1.659631e-16,A,-2.2875118146115447,A,-2.2875118146115447
metaanalysis,4266,6,rs931992,17,37821435,G,T,4.159935,13.527916000000001,0.008262182,1,positive,3.183384e-05,1.0701449999999998e-41,G,1.7451954937044405,T,-1.7451954937044405
metaanalysis,4266,8,rs199443,17,44819565,T,C,4.881604,-5.049479,0.0003055691,1,negative,1.052264e-06,4.430167e-07,C,3.455211181430565,T,-3.455211181430565
metaanalysis,4267,1,rs7521303,1,154011605,C,T,3.7510230000000004,3.5314449999999997,0.02084694,1,positive,0.00017611439999999998,0.0004132965,C,1.2219013090604396,C,1.2219013090604396
metaanalysis,4267,4,rs11146313,10,134100004,T,C,4.014515,3.293285,0.04592503,1,positive,5.9568269999999995e-05,0.0009902404,T,-1.9476379793024765,T,-1.9476379793024765
metaanalysis,4276,1,rs56319427,1,22396998,C,T,-3.888844,-3.952373,0.009388414,0,positive,0.00010072299999999999,7.738008000000001e-05,T,1.7442860384504035,C,-1.7442860384504035
metaanalysis,4276,1,rs1046310,1,22443887,G,T,-4.039748,-3.943432,0.007710066,1,positive,5.3508549999999994e-05,8.032366e-05,T,-1.7665085320351823,T,-1.7665085320351823
metaanalysis,4290,1,rs10917130,1,22371065,G,T,-3.210283,-3.234692,0.04630683,0,positive,0.0013260429999999998,0.001217739,T,2.16200462826251,G,-2.16200462826251
metaanalysis,4290,1,rs7544210,1,22455142,G,A,-3.967399,-3.7663059999999997,0.005867525,1,positive,7.266142e-05,0.0001656807,A,-2.02265655387009,A,-2.02265655387009
metaanalysis,4290,2,rs6668257,1,57804974,T,C,-3.9527410000000005,-4.035628,0.005756165,1,positive,7.726115e-05,5.4456440000000005e-05,C,-0.18700876924776647,T,0.18700876924776647
metaanalysis,4290,3,rs993531,2,58951109,T,G,3.837015,-5.661281,0.008239446,1,negative,0.0001245388,1.502472e-08,G,-1.7140412455639749,T,1.7140412455639749
metaanalysis,4290,4,rs10865420,2,76490931,G,A,3.636999,-3.314686,0.02534148,1,negative,0.0002758333,0.0009174627,A,-1.3590549423828628,G,1.3590549423828628
metaanalysis,4290,5,rs10932550,2,215448251,C,T,3.309339,-3.7018940000000002,0.03298323,1,negative,0.0009351636999999999,0.00021399560000000001,T,-1.919129665370968,T,-1.919129665370968
metaanalysis,4290,6,rs9855607,3,35617372,G,A,-3.270163,-3.6614089999999995,0.03609957,1,positive,0.0010748560000000001,0.0002508318,A,-1.4058190709046456,A,-1.4058190709046456
metaanalysis,4290,7,rs73077175,3,49774658,A,G,-3.41145,-5.302637,0.02585926,0,positive,0.000646183,1.1414199999999999e-07,G,3.2889650020506607,A,-3.2889650020506607
metaanalysis,4290,7,rs2247510,3,50126215,C,A,4.420349,3.200445,0.03561776,0,positive,9.854149e-06,0.001372154,C,2.530092885166489,A,-2.530092885166489
metaanalysis,4290,8,rs1512929,3,86265219,C,T,3.5178839999999996,3.3093589999999997,0.02573886,1,positive,0.0004350029,0.0009350994,C,0.5665898087981636,T,-0.5665898087981636
metaanalysis,4290,9,rs10008936,4,105321464,A,G,-3.5776470000000002,-4.667419000000001,0.01704924,1,positive,0.00034670059999999996,3.0500659999999997e-06,G,3.011131443565929,G,3.011131443565929
metaanalysis,4290,11,rs9401491,6,98481904,A,G,3.29835,3.132772,0.04705292,1,positive,0.0009725474000000001,0.001731637,A,-0.6783371926717973,A,-0.6783371926717973
metaanalysis,4290,12,rs10215554,7,3598282,T,C,-3.7698940000000003,-3.3229370000000005,0.02472485,1,positive,0.000163317,0.0008907511,C,2.898068901861545,T,-2.898068901861545
metaanalysis,4290,13,rs17551174,9,23817548,G,A,-4.446291,-4.27506,0.0009185811,1,positive,8.736562999999999e-06,1.9108570000000003e-05,A,-0.7042099041965646,G,0.7042099041965646
metaanalysis,4290,14,rs1493829,12,74984758,C,A,-3.2601,-3.234692,0.04152584,1,positive,0.00111373,0.001217739,A,1.0040265153845065,A,1.0040265153845065
metaanalysis,4290,15,rs10779014,12,83982559,A,G,4.014616999999999,3.82514,0.004772543,1,positive,5.9542299999999994e-05,0.00013069790000000002,A,3.153554208301555,G,-3.153554208301555
metaanalysis,4290,15,rs10779037,12,84129119,T,C,-3.4392940000000003,-3.5106980000000005,0.02419392,0,positive,0.0005832341,0.0004469318,C,-2.55160737160676,C,-2.55160737160676
metaanalysis,4290,15,rs922161,12,84163323,A,C,-3.150004,-3.8955660000000005,0.04710173,0,positive,0.001632681,9.796955e-05,C,-2.710778882899929,C,-2.710778882899929
metaanalysis,4290,16,rs9536375,13,53817816,A,G,3.216715,5.533296,0.04068052,0,positive,0.001296673,3.142689e-08,A,0.3488881014403923,A,0.3488881014403923
metaanalysis,4290,16,rs6561712,13,53880809,T,C,3.478705,5.097165,0.02189745,1,positive,0.0005038426,3.447786e-07,T,-0.7316599635873647,C,0.7316599635873647
metaanalysis,4290,17,rs1340724,13,69580065,T,C,3.474739,-3.337451,0.0236369,1,negative,0.0005113508999999999,0.0008455053,C,-1.8437597540789783,C,-1.8437597540789783
metaanalysis,4290,18,rs3759667,14,55658421,G,A,3.7921419999999997,-3.918504,0.009427048,1,negative,0.0001493532,8.910033000000001e-05,A,0.1123534702772273,G,-0.1123534702772273
metaanalysis,4290,20,rs2938134,17,50243397,C,A,3.6852089999999995,3.400093,0.01949925,1,positive,0.00022851470000000002,0.0006736295,C,1.3686506654488837,A,-1.3686506654488837
metaanalysis,4290,21,rs3859549,19,38306876,T,C,3.867208,3.694518,0.007539493,0,positive,0.0001100885,0.0002203039,T,-1.096577956282922,T,-1.096577956282922
metaanalysis,4307,1,rs66766977,1,22431092,T,C,-4.016165,-3.314257,0.04442851,1,positive,5.9152819999999995e-05,0.0009188696000000001,C,-1.6911404038682958,C,-1.6911404038682958
metaanalysis,4307,2,rs6761233,2,154837081,A,G,3.6654730000000004,3.3978900000000003,0.03474158,1,positive,0.0002468819,0.0006790772,A,-1.8511888133594063,G,1.8511888133594063
metaanalysis,4307,4,rs2139890,17,43541627,A,C,3.5882059999999996,3.282308,0.04855612,1,positive,0.0003329607,0.00102961,A,3.117083738217622,A,3.117083738217622
metaanalysis,4311,1,rs10737462,1,22444975,T,C,-4.078072,-4.38793,0.00687896,1,positive,4.5410779999999994e-05,1.144347e-05,C,0.7880198567806099,T,-0.7880198567806099
metaanalysis,4311,2,rs13400680,2,225300696,G,A,3.7326089999999996,3.3447699999999996,0.04035184,1,positive,0.0001895068,0.0008235091000000001,G,-0.053245528514546565,G,-0.053245528514546565
metaanalysis,4311,3,rs1348606,4,95856369,G,A,3.590233,3.7355050000000003,0.0374977,1,positive,0.0003303825,0.0001873387,G,0.4624122263527468,G,0.4624122263527468
metaanalysis,4311,4,rs4458695,6,98528404,A,G,-4.242475,-5.375751,0.003561543,1,positive,2.210683e-05,7.626396e-08,G,3.7466235697593255,A,-3.7466235697593255
metaanalysis,4311,4,rs9401593,6,98549801,A,C,4.826217,3.610519,0.01719305,0,positive,1.391508e-06,0.0003055846,A,2.1806187454897694,C,-2.1806187454897694
metaanalysis,4311,5,rs10160701,11,46551918,T,C,3.9187809999999996,-3.632167,0.01600722,1,negative,8.89981e-05,0.0002810515,C,-2.10603325415677,T,2.10603325415677
metaanalysis,4333,1,rs12434073,14,46921265,A,G,3.725078,3.688504,0.02541928,1,positive,0.00019525479999999999,0.00022557650000000002,A,-0.5352254667377501,A,-0.5352254667377501
metaanalysis,BCAC2020BC,2,rs7678766,4,68011953,G,T,3.843806,-3.3016370000000004,0.03769019,1,negative,0.0001211409,0.0009612234,T,-2.464030850384562,G,2.464030850384562
metaanalysis,BCAC2020BC,4,rs3020410,6,152266377,A,C,3.7697019999999997,-3.264366,0.04244852,1,negative,0.0001634426,0.0010970939999999998,C,-0.267547426087744,C,-0.267547426087744
metaanalysis,BCAC2020BC,5,rs34285050,15,40994584,G,A,-3.9769349999999997,-4.026403,0.01949518,1,positive,6.980924e-05,5.663663000000001e-05,A,0.7242383364204129,G,-0.7242383364204129
metaanalysis,BCAC2020BC,6,rs17631303,17,43516402,G,A,4.942925,-4.735693,0.0002900814,1,negative,7.695915999999999e-07,2.1830779999999997e-06,A,3.185592425333246,G,-3.185592425333246
metaanalysis,BCAC2020BC,6,rs199504,17,44861003,C,T,4.6188970000000005,-4.2802739999999995,0.001421462,0,negative,3.857857e-06,1.8666310000000002e-05,T,-3.558197656903056,T,-3.558197656903056
metaanalysis,CMDKP2018AF,1,rs228613,4,103577465,C,T,4.0095790000000004,-3.9332190000000002,0.01435687,1,negative,6.0827019999999993e-05,8.381591999999999e-05,T,-1.028117853864941,C,1.028117853864941
metaanalysis,CMDKP2018AF,2,rs12514307,5,137612143,C,T,3.9078510000000004,6.670441,0.02041239,1,positive,9.312064000000001e-05,2.5503660000000002e-11,C,-1.6888630110691665,C,-1.6888630110691665
metaanalysis,CMDKP2018AF,2,rs740076,5,137788607,G,A,-3.712942,-6.540702,0.03778558,0,positive,0.00020486419999999998,6.123075e-11,A,1.2813401449205128,G,-1.2813401449205128
metaanalysis,CMDKP2018AF,5,rs199439,17,44793503,G,A,4.881132,4.403926,0.0007585630000000001,1,positive,1.054785e-06,1.0630899999999998e-05,G,3.422567110900578,G,3.422567110900578
metaanalysis,GCST008057,1,rs17190597,2,58874385,T,C,3.580249,4.1044089999999995,0.02385476,1,positive,0.0003432673,4.053502e-05,T,-2.010892556971124,T,-2.010892556971124
metaanalysis,GCST008057,1,rs75786554,2,59000603,T,C,3.4182230000000002,3.3151080000000004,0.04062904,0,positive,0.0006303147,0.0009160778999999999,T,-2.082866850550296,T,-2.082866850550296
metaanalysis,GCST008057,2,rs73183114,3,105166451,A,G,-3.8893980000000004,-3.7113110000000002,0.01197783,1,positive,0.0001004933,0.0002061889,G,1.0383665512099831,A,-1.0383665512099831
metaanalysis,GCST008057,3,rs769066,8,53145698,C,T,4.892835,-3.3212650000000004,0.03992319,1,negative,9.93936e-07,0.0008961045,T,0.683333767146464,C,-0.683333767146464
metaanalysis,GCST008057,5,rs1807508,22,30395834,T,C,3.930471,-3.574445,0.01860926,1,negative,8.477949e-05,0.0003509718,C,-0.4175377157232319,T,0.4175377157232319
metaanalysis,GCST009131,1,rs413967,4,103583196,A,G,3.990883,-4.272972,0.008663989,1,negative,6.582786e-05,1.928844e-05,G,-0.9273093238903752,A,0.9273093238903752
metaanalysis,GCST009131,2,rs1042146,6,31083169,G,A,3.705204,3.56251,0.03249801,0,positive,0.0002112207,0.0003673253,G,2.296057534274543,A,-2.296057534274543
metaanalysis,GCST009131,3,rs2071295,6,32038700,T,C,-4.194967,6.696959,0.003598557,1,negative,2.729114e-05,2.1280060000000002e-11,T,-2.050448162042623,T,-2.050448162042623
metaanalysis,GCST009131,4,rs209475,6,32925585,A,G,-3.7329410000000003,3.472915,0.04452878,0,negative,0.0001892568,0.0005148392,A,-0.28764571996901506,A,-0.28764571996901506
metaanalysis,GCST009158,1,rs59709264,1,22449325,G,A,-4.1432459999999995,4.276455,0.004416495,1,negative,3.424245e-05,1.8989310000000002e-05,G,-1.7374346883006415,A,1.7374346883006415
metaanalysis,GCST009158,2,rs6780368,3,128122039,T,C,-3.643067,3.9779400000000003,0.02674179,1,negative,0.00026940849999999996,6.951504e-05,T,-1.3728759375802395,T,-1.3728759375802395
metaanalysis,GCST009541,1,rs3811696,3,49761605,C,T,3.695808,3.733714,0.021955,1,positive,0.0002191889,0.0001886771,C,3.5140065718773252,T,-3.5140065718773252
metaanalysis,GCST009541,2,rs7611991,3,85759558,A,G,3.925072,3.9160510000000004,0.009649567,1,positive,8.670370000000001e-05,9.001134e-05,A,0.7527246039446817,A,0.7527246039446817
metaanalysis,GCST009541,3,rs10510025,10,118650996,T,C,4.834331,3.5097440000000004,0.04162614,1,positive,1.3359379999999998e-06,0.0004485382,T,-2.1052915283655267,T,-2.1052915283655267
metaanalysis,GCST009541,4,rs1446169,11,25082947,C,T,-3.488409,-3.502789,0.0432942,1,positive,0.00048590480000000006,0.0004604144,T,0.05874970040126901,C,-0.05874970040126901
metaanalysis,GCST010003,1,rs858943,2,50952084,T,C,3.5731550000000003,-4.10677,0.0452738,1,negative,0.0003527062,4.012297e-05,C,1.3645538836454634,C,1.3645538836454634
metaanalysis,GCST010003,2,rs7615640,3,23857931,A,C,-3.99252,3.2774739999999998,0.01356591,1,negative,6.537494e-05,0.001047404,A,0.27876871465324765,C,-0.27876871465324765
metaanalysis,GCST010003,2,rs6793391,3,24030134,T,G,-3.7997959999999997,3.874821,0.02369534,0,negative,0.0001448155,0.00010670309999999999,T,-0.5935101368717274,G,0.5935101368717274
metaanalysis,GCST010003,2,rs12491272,3,24139282,T,C,-3.9567589999999995,4.217175,0.01450405,0,negative,7.597363e-05,2.473822e-05,T,0.2054239195534346,T,0.2054239195534346
metaanalysis,GCST010003,3,rs2624826,3,50155468,T,G,4.42047,-3.633546,0.004744038,0,negative,9.848641e-06,0.0002795527,G,2.595293061599296,G,2.595293061599296
metaanalysis,GCST010003,4,rs9841488,3,82142100,C,T,4.045821,-3.635473,0.01079457,1,negative,5.214015e-05,0.0002774706,T,0.5917006586065958,C,-0.5917006586065958
metaanalysis,GCST010003,4,rs9849917,3,82148677,C,T,4.048234,-3.347493,0.01116272,0,negative,5.16055e-05,0.0008154608999999999,T,-0.4537093123346192,C,0.4537093123346192
metaanalysis,GCST010003,4,rs6548811,3,82421725,T,G,4.434186,-2.957109,0.03057723,1,negative,9.242096e-06,0.003105386,G,-1.5209890389313183,T,1.5209890389313183
metaanalysis,GCST010003,5,rs17515586,3,85569172,A,G,7.848917999999999,-6.423592,4.181079e-08,1,negative,4.196415e-15,1.330956e-10,G,0.3191269183432547,G,0.3191269183432547
metaanalysis,GCST010003,5,rs62253963,3,85593642,A,G,-6.213342,3.967533,0.001542081,0,negative,5.186925e-10,7.26205e-05,A,2.007593983650248,A,2.007593983650248
metaanalysis,GCST010003,5,rs11713902,3,85604425,T,C,4.812007,-4.510839,0.0004929045,0,negative,1.494223e-06,6.45716e-06,C,0.6344733866759436,T,-0.6344733866759436
metaanalysis,GCST010003,5,rs17460569,3,85619451,G,A,5.067794,-2.805093,0.04364519,0,negative,4.024528e-07,0.005030206,A,-0.5007808726575724,G,0.5007808726575724
metaanalysis,GCST010003,5,rs1375563,3,85657946,C,T,5.304378,-3.4973410000000005,0.0072235730000000005,0,negative,1.1305760000000001e-07,0.0004699202,T,0.2077653518221108,T,0.2077653518221108
metaanalysis,GCST010003,5,rs4507269,3,85690143,A,G,-4.434830000000001,3.05947,0.02390522,0,negative,9.214495e-06,0.002217289,A,0.4754335819963928,A,0.4754335819963928
metaanalysis,GCST010003,6,rs2137493,3,86266171,A,G,4.2995849999999995,-3.204445,0.01651079,0,negative,1.711183e-05,0.00135323,G,0.2600790217139113,G,0.2600790217139113
metaanalysis,GCST010003,6,rs13099202,3,86277433,T,C,4.117545,-2.9137009999999997,0.03399041,0,negative,3.829298e-05,0.0035717220000000003,C,0.5298610638924774,C,0.5298610638924774
metaanalysis,GCST010003,6,rs10212461,3,86465130,C,T,4.995076,-3.234155,0.01523686,1,negative,5.881273000000001e-07,0.001220033,T,-1.1701617812362108,C,1.1701617812362108
metaanalysis,GCST010003,6,rs6764500,3,86466607,T,C,4.201929,-3.023796,0.02601313,0,negative,2.646506e-05,0.002496243,C,1.595688308470836,C,1.595688308470836
metaanalysis,GCST010003,7,rs9853248,3,86530640,C,A,3.5557230000000004,-3.4739480000000005,0.04741391,1,negative,0.00037694089999999996,0.0005128598999999999,A,0.463724042465945,C,-0.463724042465945
metaanalysis,GCST010003,8,rs13103903,4,30634116,A,G,4.251639,-3.053699,0.02424767,0,negative,2.122121e-05,0.002260389,G,0.15654012150819194,A,-0.15654012150819194
metaanalysis,GCST010003,8,rs9291547,4,30749654,G,A,-3.692939,3.411567,0.03242369,0,negative,0.000221677,0.0006459062,G,-0.5618223790008818,G,-0.5618223790008818
metaanalysis,GCST010003,8,rs1374658,4,30836892,C,T,-4.303293,3.113827,0.02085873,1,negative,1.6827779999999997e-05,0.001846776,C,1.0905000155703417,T,-1.0905000155703417
metaanalysis,GCST010003,9,rs7665764,4,80681293,G,A,3.6537870000000003,3.131543,0.03983285,1,positive,0.0002584007,0.0017389039999999999,G,-0.6902384892486901,A,0.6902384892486901
metaanalysis,GCST010003,12,rs453590,6,33403422,T,C,4.00598,3.158054,0.01857785,0,positive,6.176081000000001e-05,0.001588261,T,1.180444815334623,T,1.180444815334623
metaanalysis,GCST010003,14,rs9375188,6,98555272,C,T,4.827039,-5.738474,0.00046023980000000004,1,negative,1.385778e-06,9.55335e-09,T,2.234726488405613,T,2.234726488405613
metaanalysis,GCST010003,14,rs9401770,6,98748008,A,G,-3.758259,2.998455,0.03267595,0,negative,0.00017109959999999998,0.002713519,A,1.3031339005121174,A,1.3031339005121174
metaanalysis,GCST010003,15,rs11761422,7,21818103,A,C,-3.6593769999999997,2.97254,0.04326865,1,negative,0.0002528292,0.002953467,A,0.31453808825990176,A,0.31453808825990176
metaanalysis,GCST010003,16,rs35944461,8,990572,T,C,-3.8424989999999997,2.868881,0.03770374,1,negative,0.0001217878,0.004119269,T,-0.300105267975651,T,-0.300105267975651
metaanalysis,GCST010003,17,rs7460521,8,64971829,T,C,3.8445519999999997,3.0553169999999996,0.02458952,1,positive,0.00012077299999999999,0.002248229,T,-2.529984455534648,T,-2.529984455534648
metaanalysis,GCST010003,18,rs17581567,10,52359689,T,G,4.206302,-3.037142,0.02522701,1,negative,2.5958339999999998e-05,0.002388327,G,-0.3629361949103356,T,0.3629361949103356
metaanalysis,GCST010003,19,rs4917923,10,102867417,T,C,-4.2616309999999995,3.9865730000000004,0.004984612,1,negative,2.0294029999999998e-05,6.703441e-05,T,-0.507359423867549,T,-0.507359423867549
metaanalysis,GCST010003,20,rs2451464,10,106555151,T,C,3.7373019999999997,-2.822196,0.04204795,1,negative,0.00018600529999999999,0.004769602,C,-0.3839108359583453,C,-0.3839108359583453
metaanalysis,GCST010003,21,rs1681739,10,118563329,T,C,-3.712326,3.1644229999999998,0.03319934,1,negative,0.0002053629,0.00155391,T,-0.10855210506124252,T,-0.10855210506124252
metaanalysis,GCST010003,23,rs9524027,13,94023553,G,T,3.967272,4.403892,0.01403371,1,positive,7.270011e-05,1.063258e-05,G,-1.6436197353522886,G,-1.6436197353522886
metaanalysis,GCST010003,23,rs1359200,13,94025367,A,G,3.851949,3.2985230000000003,0.02021273,0,positive,0.0001171812,0.0009719492,A,-0.7748401006663868,G,0.7748401006663868
metaanalysis,GCST010003,24,rs10131576,14,56528456,T,C,3.6390839999999995,-3.263668,0.03837413,1,negative,0.0002736099,0.001099799,C,1.0062245139024415,C,1.0062245139024415
metaanalysis,GCST010003,25,rs1995171,16,51579526,T,G,-3.541115,3.291053,0.04920466,1,negative,0.0003984406,0.0009981308000000001,T,-0.08407650969595691,T,-0.08407650969595691
metaanalysis,GCST010003,29,rs1644679,19,37482068,T,G,-3.7508449999999995,2.807426,0.04340993,0,negative,0.0001762397,0.0049939170000000005,T,-0.9502314784796336,G,0.9502314784796336
metaanalysis,GCST010003,30,rs6081353,20,18731760,G,A,-3.586099,3.058369,0.04983475,1,negative,0.0003356611,0.00222545,G,0.3917171236307195,A,-0.3917171236307195
metaanalysis,GCST011364,1,rs2972147,2,227099854,T,C,-3.8638190000000003,-3.7371489999999996,0.01584253,1,positive,0.0001116277,0.00018611830000000003,C,-1.8038019934183809,C,-1.8038019934183809
metaanalysis,GCST011364,2,rs695238,3,49869158,C,A,3.77769,3.620315,0.02131428,0,positive,0.00015828969999999998,0.000294245,C,-3.5335156359556863,C,-3.5335156359556863
metaanalysis,GCST011364,2,rs2013208,3,50129399,T,C,-4.708874,-3.8774629999999997,0.008879949,1,positive,2.490887e-06,0.0001055515,C,2.5539729356416623,T,-2.5539729356416623
metaanalysis,GCST011364,3,rs72638313,4,68036556,T,C,3.892094,3.590523,0.02299999,1,positive,9.938278e-05,0.0003300154,T,-2.8357821922667616,T,-2.8357821922667616
metaanalysis,GCST011364,4,rs2136724,5,84326295,T,G,-4.025075,-3.7296669999999996,0.01476233,1,positive,5.695712e-05,0.00019173330000000002,G,-1.4280047414810737,G,-1.4280047414810737
metaanalysis,GCST011364,5,rs10091619,8,64662693,A,G,3.8780120000000005,-3.368318,0.04349774,1,negative,0.00010531350000000001,0.0007562837,G,-0.6608885560344472,A,0.6608885560344472
metaanalysis,GCST90011766,1,rs9851444,3,85576706,C,T,4.641041,-3.252659,0.04137552,0,negative,3.466585e-06,0.001143308,T,0.7531550369735992,C,-0.7531550369735992
metaanalysis,GCST90011766,1,rs12629607,3,85583608,T,C,8.252436999999999,-4.011067,0.003950014,1,negative,1.551972e-16,6.044491e-05,C,-0.12598253599536408,C,-0.12598253599536408
metaanalysis,GCST90011766,2,rs10769191,11,46157060,G,A,3.626923,3.2878,0.03754777,1,positive,0.0002868184,0.001009737,G,1.1583574679354574,A,-1.1583574679354574
metaanalysis,GCST90011766,3,rs6485690,11,46798631,A,G,4.413922,3.9702309999999996,0.004594035,1,positive,1.015145e-05,7.180312e-05,A,2.7477734235838973,G,-2.7477734235838973
metaanalysis,GCST90011766,4,rs7298744,12,26936608,C,T,-4.013642,-3.3792699999999996,0.02937902,1,positive,5.978894e-05,0.0007267872,T,-0.17148127776163394,T,-0.17148127776163394
metaanalysis,GCST90011766,5,rs324808,12,83962860,C,T,-3.545514,6.14775,0.03237367,0,negative,0.0003918482,7.858991e-10,C,3.1258551300105424,C,3.1258551300105424
metaanalysis,GCST90011766,5,rs1497346,12,84097599,T,C,4.289480999999999,-6.323886,0.002361978,1,negative,1.790908e-05,2.550654e-10,C,-2.7538756911734588,T,2.7538756911734588
metaanalysis,GCST90011808,4,rs729281,12,50196394,C,T,-3.908749,3.748614,0.02404853,1,negative,9.277519e-05,0.0001778144,C,-0.3755496373950239,C,-0.3755496373950239
metaanalysis,GCST90011809,1,rs2407204,12,88943759,G,A,3.6164660000000004,-3.68704,0.03265518,1,negative,0.0002986522,0.000226878,A,1.2138201444021943,A,1.2138201444021943
metaanalysis,GCST90011809,2,rs9529457,13,69504512,G,A,-3.5541080000000003,-3.489371,0.03975237,1,positive,0.00037926379999999997,0.00048415910000000004,A,-0.7268436239466433,G,0.7268436239466433
metaanalysis,GCST90011809,3,rs1006548,16,89844043,C,T,4.108828,-6.048811,0.005050145,1,negative,3.976712e-05,1.459184e-09,T,-0.11714669709867608,C,0.11714669709867608
metaanalysis,GCST90011809,4,rs8049897,16,90024202,A,G,-4.488473,13.723587,0.000878647,1,negative,7.17355e-06,7.334482e-43,A,0.5431174358548918,A,0.5431174358548918
metaanalysis,GCST90011809,4,rs4785763,16,90066936,A,C,-3.874765,9.927559,0.01314101,0,negative,0.0001067276,3.158949e-23,A,-1.3658346372600154,C,1.3658346372600154
metaanalysis,GCST90011820,1,rs17837951,1,22388872,T,C,-3.874707,3.9977150000000004,0.01075297,1,negative,0.00010675309999999999,6.395687e-05,T,1.8657259060834368,T,1.8657259060834368
metaanalysis,GCST90011820,2,rs969177,10,106549350,T,C,3.704905,3.587823,0.0273922,1,positive,0.00021146990000000003,0.0003334509,T,-0.4572706782323612,C,0.4572706782323612
metaanalysis,GCST90013410,1,rs61749636,5,141033870,G,T,3.9230160000000005,3.3806339999999997,0.0380845,1,positive,8.744735e-05,0.0007231888000000001,G,-2.3390509848489236,G,-2.3390509848489236
metaanalysis,GCST90013410,2,rs11600668,11,47193566,A,G,3.929563,-3.922473,0.01673216,1,negative,8.510029e-05,8.764461999999999e-05,G,-3.1061591204634125,A,3.1061591204634125
metaanalysis,GCST90013410,3,rs1075366,12,50192009,C,T,-3.9332529999999997,4.042894,0.01649624,1,negative,8.380402e-05,5.279545e-05,C,-0.6199081532182702,C,-0.6199081532182702
metaanalysis,GCST90014023,4,rs211456,6,33389381,T,G,4.146723000000001,-5.853613,0.008093671,0,negative,3.37268e-05,4.810065e-09,G,1.2780180502414338,T,-1.2780180502414338
metaanalysis,GCST90014023,5,rs11038914,11,46561301,T,C,3.814683,3.321761,0.02797918,1,positive,0.0001363578,0.0008945141,T,-2.229576680282213,T,-2.229576680282213
metaanalysis,GCST90014023,7,rs4924500,15,41015751,G,A,-3.970593,-3.174184,0.04455536,1,positive,7.16939e-05,0.0015025820000000001,A,0.6870516597694886,G,-0.6870516597694886
metaanalysis,GCST90061440,2,rs9882735,3,24014059,C,T,-3.6643190000000003,-3.4851089999999996,0.03100929,0,positive,0.0002479974,0.0004919370999999999,T,-0.10294018188458398,T,-0.10294018188458398
metaanalysis,GCST90061440,6,rs1416226,10,43904207,A,G,-3.9524220000000003,3.43835,0.01406576,1,negative,7.736412e-05,0.0005852707,A,0.07097571820538125,G,-0.07097571820538125
metaanalysis,GCST90061440,7,rs7951579,11,46469900,A,G,3.8195349999999997,3.115438,0.04011424,0,positive,0.0001337035,0.00183672,A,-2.165860138533068,A,-2.165860138533068
metaanalysis,GCST90061440,11,rs35359524,17,50291040,T,C,3.7460760000000004,3.924845,0.02519324,1,positive,0.0001796221,8.678548000000001e-05,T,-1.0457071415443844,T,-1.0457071415443844
metaanalysis,GCST90061440,12,rs2033268,19,37562618,A,G,3.6409510000000003,-3.251504,0.03582495,0,negative,0.00027163299999999997,0.001147962,G,-1.0897803811055455,A,1.0897803811055455
metaanalysis,GCST90129442,1,rs62263929,3,85678223,T,C,-6.326322,-4.661617,0.0003677435,1,positive,2.510743e-10,3.137352e-06,C,2.169234926366729,T,-2.169234926366729
metaanalysis,GCST90129442,1,rs62261676,3,85698577,G,A,-4.037306,-3.4384669999999997,0.02478418,0,positive,5.406861e-05,0.0005850185,A,0.6327778388108135,G,-0.6327778388108135
metaanalysis,GCST90129442,1,rs11914525,3,85880768,G,A,-4.502123,-4.3695,0.001327315,0,positive,6.727789e-06,1.2453130000000002e-05,A,3.1324500018644432,G,-3.1324500018644432
metaanalysis,GCST90129442,4,rs10870288,10,134105957,T,C,3.696096,3.287275,0.03545141,1,positive,0.00021894,0.0010116189999999998,T,-2.605352138011167,T,-2.605352138011167
metaanalysis,GCST90129442,6,rs9859,12,48176900,T,G,3.405183,3.4737940000000003,0.04104228,1,positive,0.0006611983,0.0005131543,T,-0.1624681251573222,G,0.1624681251573222
metaanalysis,GCST90129442,7,rs2201718,12,83925736,C,T,-3.4272989999999997,-3.240198,0.0417697,1,positive,0.0006096184,0.0011944689999999999,T,2.4210474459462605,C,-2.4210474459462605
metaanalysis,GCST90132223,1,rs13135505,4,137487523,A,G,3.621317,3.310574,0.04757984,1,positive,0.000293107,0.0009310483000000001,A,-0.9924705646957378,A,-0.9924705646957378
metaanalysis,PGC2019ALCUSE,1,rs12151653,2,145726656,T,C,-3.175913,-3.3845699999999996,0.03679071,1,positive,0.001493656,0.0007128992,C,-0.4359031436859866,T,0.4359031436859866
metaanalysis,PGC2019ALCUSE,2,rs6435568,2,211285002,A,G,-4.148979,3.968087,0.0022917610000000002,1,negative,3.339612e-05,7.245176e-05,A,-1.6962020470149823,G,1.6962020470149823
metaanalysis,PGC2019ALCUSE,2,rs2370948,2,211331248,C,T,3.790265,-3.660047,0.007128209,0,negative,0.000150487,0.00025216919999999996,T,-0.1841509688604664,C,0.1841509688604664
metaanalysis,PGC2019ALCUSE,2,rs2887913,2,211420207,C,A,-3.843088,4.515442,0.004901667,0,negative,0.00012149610000000001,6.318497e-06,C,0.8246497119714236,C,0.8246497119714236
metaanalysis,PGC2019ALCUSE,3,rs6807666,3,85594428,A,C,8.170031,4.919135,4.239169e-05,1,positive,3.0831029999999997e-16,8.692772e-07,A,-0.16294361911935226,C,0.16294361911935226
metaanalysis,PGC2019ALCUSE,3,rs2325026,3,85747834,G,T,-3.280613,-3.44596,0.02734694,0,positive,0.001035818,0.0005690354,T,-1.3108318439750863,G,1.3108318439750863
metaanalysis,PGC2019ALCUSE,4,rs2866409,4,103554261,G,T,-3.4658010000000004,3.868336,0.01583479,1,negative,0.0005286551,0.0001095807,G,1.6475523095144098,G,1.6475523095144098
metaanalysis,PGC2019ALCUSE,5,rs190438,5,88026902,C,T,-3.522677,3.5049650000000003,0.0133289,1,negative,0.00042721160000000003,0.0004566678,C,-0.6853896875860721,T,0.6853896875860721
metaanalysis,PGC2019ALCUSE,5,rs216057,5,88170331,C,T,-3.373224,3.245746,0.02890817,0,negative,0.000742936,0.001171433,C,-0.8600194262772777,C,-0.8600194262772777
metaanalysis,PGC2019ALCUSE,6,rs4339469,6,98369230,T,G,-3.800877,4.076206,0.005613201,0,negative,0.0001441849,4.577645e-05,T,-3.3132911788017214,G,3.3132911788017214
metaanalysis,PGC2019ALCUSE,6,rs12202969,6,98576223,G,A,4.502741,-3.8507629999999997,0.0035642290000000004,1,negative,6.708266e-06,0.00011775059999999999,A,2.444249928135432,A,2.444249928135432
metaanalysis,PGC2019ALCUSE,6,rs9398724,6,98601586,A,G,-3.565092,3.151376,0.03850784,0,negative,0.0003637284,0.001625034,A,0.932453372794282,A,0.932453372794282
metaanalysis,PGC2019ALCUSE,7,rs11039165,11,47312689,G,A,-3.4466639999999997,4.044034,0.01679464,1,negative,0.0005675541,5.25392e-05,G,0.8498213488164358,G,0.8498213488164358
metaanalysis,PGC2019ALCUSE,8,rs9806441,15,98370458,G,A,3.2177569999999998,-3.171047,0.04295349,1,negative,0.001291972,0.0015189070000000001,A,-1.2446877922319306,G,1.2446877922319306
metaanalysis,PGC2019ALCUSE,9,rs17177078,16,24810681,T,C,-3.34677,-4.069707,0.02255379,1,positive,0.0008175888,4.7072219999999994e-05,C,0.8960547941255623,T,-0.8960547941255623
metaanalysis,PGC2019ALCUSE,10,rs7187776,16,28857645,G,A,-3.4584550000000003,-3.410791,0.01692823,1,positive,0.0005432828,0.0006477465,A,-2.876962822427643,G,2.876962822427643
metaanalysis,PGC2019ALCUSE,11,rs854774,17,18051975,T,C,3.2574650000000003,-3.488349,0.02927987,0,negative,0.001124121,0.000486014,C,-0.7891279933751545,C,-0.7891279933751545
metaanalysis,PGC2019ALCUSE,11,rs854772,17,18055229,G,A,3.4054309999999997,-3.5034330000000002,0.01897591,1,negative,0.0006605978999999999,0.0004593021,A,0.4854226634331346,A,0.4854226634331346
metaanalysis,PGC2019AN,1,rs11165712,1,97198560,T,C,4.117466,-3.528525,0.0364222,1,negative,3.830615e-05,0.0004178824,C,-1.4836225915575818,T,1.4836225915575818
metaanalysis,PGC2019AN,2,rs2271960,3,49878078,C,T,3.610132,-3.6669419999999997,0.02297208,0,negative,0.0003060407,0.00024546830000000004,T,-3.659475989107551,C,3.659475989107551
metaanalysis,PGC2019AN,2,rs2071206,3,50160109,A,G,-4.368232,3.7924,0.01463593,1,negative,1.252566e-05,0.0001491983,A,2.6758185490247928,A,2.6758185490247928
metaanalysis,PGC2019AN,3,rs2885078,3,94165939,A,C,3.348555,-3.5504839999999995,0.04906362,1,negative,0.0008123405999999999,0.0003845239,C,-2.7945970732309537,A,2.7945970732309537
metaanalysis,PGC2019ASD,1,rs13033247,2,140203973,G,A,-3.2850620000000004,-3.371328,0.03708043,1,positive,0.001019598,0.0007480678999999999,A,0.14772029700888842,G,-0.14772029700888842
metaanalysis,PGC2019ASD,2,rs228611,4,103561709,A,G,3.2955900000000002,3.3990150000000003,0.03580468,1,positive,0.0009821529,0.0006762899,A,-1.3505749358521246,A,-1.3505749358521246
metaanalysis,PGC2019ASD,3,rs4716324,6,18984596,T,C,3.4999910000000005,3.699589,0.0179873,1,positive,0.00046527419999999996,0.0002159493,T,-0.3369709834350657,C,0.3369709834350657
metaanalysis,PGC2019ASD,4,rs9401458,6,98458340,T,C,-4.103242,3.460006,0.02499987,0,negative,4.074013e-05,0.0005401642,T,3.608995313200267,T,3.608995313200267
metaanalysis,PGC2019ASD,4,rs9375247,6,98607366,G,A,3.356559,-3.227408,0.04928216,0,negative,0.0007891879,0.001249172,A,0.06259273342727835,G,-0.06259273342727835
metaanalysis,PGC2019ASD,5,rs8072451,17,43893716,T,C,4.687286,4.265073999999999,0.001374561,1,positive,2.768513e-06,1.9983579999999998e-05,T,2.940277475121668,T,2.940277475121668
metaanalysis,PGC2019MDD,1,rs74547540,1,177033211,A,G,-3.418015,3.7206080000000004,0.03625148,1,negative,0.0006307957,0.0001987437,A,0.1486209000806897,A,0.1486209000806897
metaanalysis,PGC2019MDD,3,rs10206997,2,22138930,A,G,4.2533449999999995,-3.562759,0.01739444,1,negative,2.1060050000000002e-05,0.0003669781,G,2.157726266163724,A,-2.157726266163724
metaanalysis,PGC2019MDD,4,rs1484663,2,22802175,T,C,-3.611387,3.4169959999999997,0.02562308,1,negative,0.0003045635,0.0006331624,T,-1.4767235290856455,T,-1.4767235290856455
metaanalysis,PGC2019MDD,5,rs9880742,3,82190013,C,T,3.477933,-3.334976,0.03150738,1,negative,0.0005052961000000001,0.0008530682000000001,T,-0.13418910654337093,C,0.13418910654337093
metaanalysis,PGC2019MDD,6,rs6766743,3,117609293,C,T,3.345278,4.729883,0.04372086,1,positive,0.0008220012,2.246496e-06,C,1.5931730829450013,C,1.5931730829450013
metaanalysis,PGC2019MDD,7,rs11726962,4,79920205,C,T,3.294608,3.343279,0.04945378,1,positive,0.0009855912,0.0008279464999999999,C,0.1814572492882809,C,0.1814572492882809
metaanalysis,PGC2019MDD,9,rs1422679,5,164663019,C,T,-4.139558999999999,-4.526171,0.003240375,1,positive,3.479748e-05,6.006196e-06,T,-1.3808470163186632,C,1.3808470163186632
metaanalysis,PGC2019MDD,9,rs35245192,5,164762240,G,A,-3.4344120000000005,-3.774394,0.03479049,0,positive,0.0005938405000000001,0.00016039709999999998,A,-0.7985492415121599,G,0.7985492415121599
metaanalysis,PGC2019MDD,10,rs3130975,6,31081838,T,C,3.953339,-3.434273,0.02455728,1,negative,7.706806999999999e-05,0.0005941455,C,-2.8702505800128653,T,2.8702505800128653
metaanalysis,PGC2019MDD,11,rs9479138,6,152215199,T,G,6.753463000000001,3.365963,0.02917694,1,positive,1.443576e-11,0.0007627699,T,-0.5417390677475247,G,0.5417390677475247
metaanalysis,PGC2019MDD,12,rs2214107,7,114942799,A,G,-4.476886,3.866858,0.00685318,1,negative,7.5739530000000004e-06,0.0001102466,A,-0.1620652272542755,G,0.1620652272542755
metaanalysis,PGC2019MDD,12,rs1527743,7,115029890,A,G,-3.5627190000000004,3.3694889999999997,0.02893289,0,negative,0.000367033,0.000753077,A,-0.3210120148351705,G,0.3210120148351705
metaanalysis,PGC2019MDD,14,rs3896224,10,106467853,G,A,-3.3437129999999997,-4.986241000000001,0.04389904,0,positive,0.0008266513000000001,6.156525e-07,A,2.140579098773088,G,-2.140579098773088
metaanalysis,PGC2019MDD,14,rs962908,10,106540656,T,C,3.6620269999999997,3.594875,0.01801887,1,positive,0.0002502278,0.00032454740000000004,T,-0.2713466774295057,C,0.2713466774295057
metaanalysis,PGC2019MDD,15,rs1606183,12,84011789,G,A,-3.3617519999999996,-3.424529,0.04193849,0,positive,0.0007744973,0.0006158663,A,3.172965873377845,G,-3.172965873377845
metaanalysis,PGC2019MDD,15,rs1497343,12,84097138,T,C,4.124383,3.8126629999999997,0.008193986,1,positive,3.717297e-05,0.0001374778,T,-2.749204113255388,T,-2.749204113255388
metaanalysis,PGC2019MDD,17,rs1323986,13,93999772,A,G,3.4293980000000004,3.305164,0.03523794,1,positive,0.0006049226,0.0009492083999999999,A,-1.916075048503989,A,-1.916075048503989
metaanalysis,PGC2019MDD,18,rs9961847,18,35181225,G,A,3.4693910000000003,4.4000900000000005,0.03165333,1,positive,0.0005216388,1.0820610000000002e-05,G,0.93059969447951,A,-0.93059969447951
metaanalysis,PGC2019PTSD,1,rs11733040,4,137480493,A,G,3.441146,3.490786,0.04564123,1,positive,0.000579255,0.00048160129999999995,A,-0.3291322227402687,A,-0.3291322227402687
metaanalysis,PGC2019PTSD,2,rs17503711,5,152602565,G,A,3.611073,3.899572,0.0256774,1,positive,0.0003049328,9.636280999999999e-05,G,0.2478960367590155,G,0.2478960367590155
metaanalysis,PGC2021ALZwoUKBB,1,rs4574296,3,86347434,A,G,5.052958,3.316997,0.04592975,1,positive,4.350186e-07,0.0009099064,A,0.8322696916739484,G,-0.8322696916739484
metaanalysis,PGC2021ALZwoUKBB,4,rs7499192,16,31281751,T,C,3.6836900000000004,-3.416838,0.03211667,1,negative,0.0002298814,0.0006335293,C,0.2873180148082843,C,0.2873180148082843
metaanalysis,PGC2022SCZ,1,rs3748848,1,153901302,G,A,4.465184,3.627151,0.008104386,1,positive,8.000004e-06,0.0002865654,G,1.5797953915470415,G,1.5797953915470415
metaanalysis,PGC2022SCZ,2,rs1396724,2,22668907,C,T,-3.411197,3.687842,0.0409715,1,negative,0.0006467838,0.0002261639,C,2.163764127160972,T,-2.163764127160972
metaanalysis,PGC2022SCZ,3,rs6741380,2,198165121,A,G,3.5871510000000004,4.689842,0.0261678,1,positive,0.000334311,2.73416e-06,A,1.8778093290077356,A,1.8778093290077356
metaanalysis,PGC2022SCZ,4,rs4072458,3,36862680,T,C,3.3306480000000005,-3.762568,0.04978131,0,negative,0.0008664415,0.0001681773,C,2.3624693681304483,C,2.3624693681304483
metaanalysis,PGC2022SCZ,5,rs6765484,3,50041313,T,C,-4.6794720000000005,3.4525010000000003,0.01391889,1,negative,2.876145e-06,0.0005554162,T,2.7376272012358545,T,2.7376272012358545
metaanalysis,PGC2022SCZ,6,rs62282542,3,177362709,G,A,-3.973874,-3.930484,0.008598081,1,positive,7.071305e-05,8.477519e-05,A,-0.3683469379133594,G,0.3683469379133594
metaanalysis,PGC2022SCZ,7,rs13108018,4,30828614,C,A,-4.114237999999999,-3.662752,0.0072126180000000005,1,positive,3.8846e-05,0.00024951979999999997,A,1.0827854193002449,A,1.0827854193002449
metaanalysis,PGC2022SCZ,13,rs3106189,6,33282002,T,C,-3.376344,3.503885,0.04464942,0,negative,0.0007345603,0.00045852269999999997,T,-0.8262702230442436,T,-0.8262702230442436
metaanalysis,PGC2022SCZ,14,rs10251192,7,115026459,C,T,-3.610446,3.354325,0.02457348,1,negative,0.0003056714,0.0007955878,C,-0.27961785740085243,T,0.27961785740085243
metaanalysis,PGC2022SCZ,14,rs12535499,7,115081492,C,T,-3.637461,3.062608,0.04272207,0,negative,0.0002753392,0.0021941720000000003,C,-0.6431829169832262,T,0.6431829169832262
metaanalysis,PGC2022SCZ,15,rs902300,10,106535179,A,G,3.7731779999999997,3.7412199999999998,0.01565779,1,positive,0.00016118100000000001,0.0001831291,A,-0.3564557907051909,G,0.3564557907051909
metaanalysis,PGC2022SCZ,17,rs952408,12,75353279,A,G,-3.6390839999999995,-3.407689,0.02278139,1,positive,0.0002736099,0.0006551546,G,-2.336318722112185,G,-2.336318722112185
metaanalysis,PGC2022SCZ,18,rs2292463,15,85175750,A,G,-3.590621,-3.689246,0.02591766,0,positive,0.00032989129999999996,0.0002249195,G,1.4134478934838746,G,1.4134478934838746
metaanalysis,PGC2022SCZ,20,rs9972882,17,37807698,A,C,3.498257,3.3256339999999995,0.03298785,1,positive,0.00046831,0.000882176,A,1.8746801450310584,C,-1.8746801450310584
metaanalysis,PGC2022SCZ,21,rs17763086,17,43905481,G,T,4.814333,-4.528491000000001,0.00033704760000000003,1,negative,1.476925e-06,5.940642e-06,T,2.888720907018916,G,-2.888720907018916
metaanalysis,PGC2022SCZ,22,rs34603418,18,53252889,T,C,-3.504551,-4.681132,0.03247341,1,positive,0.00045737839999999996,2.8529480000000003e-06,C,0.1310417870209898,T,-0.1310417870209898
