TargetTrait	DiseaseTrait	rsid	A1	A2	Zscore_Disease	Zscore_TargetTrait	conjFDR	log10conjFDR	PleiotropySign	RiskAllele	AncestralAllele(AA)	standarizediHS	RiskAllele_iHS	LongevityIncreasing_iHS
PLifespan	2029	rs1230683	A	G	-3.516924	-4.209626	0.01704029	1.768523018470255	positive	G	G	1.2609700000000001	-1.2609700000000001	-1.2609700000000001
PLifespan	2029	rs2476601	A	G	-7.518474	-3.946762	0.01024969	1.9892892695667945	positive	G	G	1.1606100000000001	-1.1606100000000001	-1.1606100000000001
PLifespan	2029	rs7513707	A	G	-5.329854	-4.7320410000000015	0.0005103093	3.292166516908062	positive	G	G	0.0591856	-0.0591856	-0.0591856
PLifespan	2029	rs2453058	T	C	-3.681765	-4.119093	0.009619463	2.016849171480506	positive	C	C	-0.475513	0.475513	0.475513
PLifespan	2029	rs10801624	T	C	4.744708	-3.83639	0.01458656	1.8360471172339212	negative	T	C	0.430004	0.430004	-0.430004
PLifespan	2029	rs17539290	C	T	4.415263	3.749432	0.01915282	1.7177672728560207	positive	C	T	-1.22194	-1.22194	-1.22194
PLifespan	2029	rs2271961	C	T	-6.172694	-3.502159	0.03979613	1.4001591591163534	positive	T	C	0.10255399999999999	0.10255399999999999	0.10255399999999999
PLifespan	2029	rs6855981	A	G	-3.258681	3.977332	0.038373500000000005	1.4159685875266124	negative	G	G	0.254083	-0.254083	0.254083
PLifespan	2029	rs3095082	A	C	-3.578555	3.881974	0.01383341	1.8590707510809663	negative	C	A	-0.69825	-0.69825	0.69825
PLifespan	2029	rs72812850	G	T	-3.440196	3.710125	0.02189671	1.6596211333873467	negative	T	G	-2.0297	-2.0297	2.0297
PLifespan	2029	rs11996727	C	T	3.428952	-3.708427	0.02266402	1.644663055241687	negative	C	C	-2.1023	2.1023	-2.1023
PLifespan	2029	rs6584023	A	G	3.466235	-3.620277	0.02821353	1.5495425727028045	negative	A	G	-1.98134	-1.98134	1.98134
PLifespan	2029	rs5752790	A	G	-3.172313	-3.819649	0.04930962	1.3070683443059952	positive	G	G	-0.11858599999999998	0.11858599999999998	0.11858599999999998
PLifespan	GCST90014023	rs2476601	A	G	29.93033	-3.946762	0.007942921	2.1000197569060655	negative	A	G	1.1606100000000001	1.1606100000000001	-1.1606100000000001
PLifespan	GCST90014023	rs7513707	A	G	20.066187	-4.7320410000000015	0.0004739328	3.3242832335541017	negative	A	G	0.0591856	0.0591856	-0.0591856
PLifespan	GCST90014023	rs2453058	T	C	5.360368	-4.119093	0.004375112	2.3590108248452384	negative	T	C	-0.475513	-0.475513	0.475513
PLifespan	GCST90014023	rs72834630	T	C	-3.179238	-3.950556	0.03022971	1.519566019080994	positive	C	C	-0.0659569	0.0659569	0.0659569
PLifespan	GCST90014023	rs233716	C	T	6.8544990000000015	-3.584449	0.025735700000000004	1.5894640146295538	negative	C	T	0.698708	0.698708	-0.698708
PLifespan	GCST90014023	rs1230682	G	A	14.86895	-3.5013970000000003	0.03256663	1.4872271799714105	negative	G	G	-0.26061599999999996	0.26061599999999996	-0.26061599999999996
PLifespan	GCST90014023	rs36064515	T	C	5.539443	-3.428906	0.03944285	1.4040317120230417	negative	T	C	0.591835	0.591835	-0.591835
PLifespan	GCST90014023	rs7536152	A	G	3.64427	-4.237516	0.006493465	2.187523495987069	negative	A	G	0.318402	0.318402	-0.318402
PLifespan	GCST90014023	rs4291493	T	C	4.423592	-3.664026	0.02021044	1.6944242313886086	negative	T	T	-1.00217	1.00217	-1.00217
PLifespan	GCST90014023	rs6716620	C	T	-3.154786	3.757542	0.03236251	1.489957802360265	negative	T	C	0.41348900000000005	0.41348900000000005	-0.41348900000000005
PLifespan	GCST90014023	rs7567607	C	T	3.688799	-3.643814	0.02155437	1.666464666362498	negative	C	T	2.75684	2.75684	-2.75684
PLifespan	GCST90014023	rs1912980	T	C	-3.308755	3.487892	0.0337435	1.4718098727886142	negative	C	C	-0.402124	0.402124	-0.402124
PLifespan	GCST90014023	rs76983985	G	A	-3.152447	3.59069	0.03259684	1.4868244992290174	negative	A	A	-0.655941	0.655941	-0.655941
PLifespan	GCST90014023	rs4498065	G	A	3.011382	-3.701571	0.04808708	1.3179715938637913	negative	G	A	0.9935370000000001	0.9935370000000001	-0.9935370000000001
PLifespan	GCST90014023	rs3772715	C	T	-3.1692150000000003	-3.782266	0.03108038	1.507513679996791	positive	T	C	0.26085	0.26085	0.26085
PLifespan	GCST90014023	rs256500	T	C	3.031118	-3.512108	0.04641439	1.3333473528779056	negative	T	C	-0.8770110000000001	-0.8770110000000001	0.8770110000000001
PLifespan	GCST90014023	rs707892	G	T	3.209528	3.649415	0.02764472	1.5583878044617527	positive	G	T	0.22425599999999998	0.22425599999999998	0.22425599999999998
PLifespan	GCST90014023	rs9263641	T	C	-5.578714	4.187082	0.003457345	2.46125728111124	negative	C	C	-0.5205489999999999	0.5205489999999999	-0.5205489999999999
PLifespan	GCST90014023	rs3819714	A	G	-25.733252	3.635622	0.02210933	1.6554244180595363	negative	G	A	-0.20854899999999998	-0.20854899999999998	0.20854899999999998
PLifespan	GCST90014023	rs6955490	A	G	3.458247	4.154717	0.01253947	1.9017208192421216	positive	A	A	2.09043	-2.09043	-2.09043
PLifespan	GCST90014023	rs10093993	T	C	3.241084	-4.030083	0.02515081	1.5994480236153843	negative	T	C	-0.152099	-0.152099	0.152099
PLifespan	GCST90014023	rs2158067	C	A	4.152406	-3.618587	0.02325964	1.6333970113282668	negative	C	A	-2.80235	-2.80235	2.80235
PLifespan	GCST90014023	rs601338	A	G	8.573159	-4.413321	0.0015619610000000002	2.806329814054266	negative	A	G	1.4991700000000001	1.4991700000000001	-1.4991700000000001
PLifespan	GCST90014023	rs281380	C	T	-6.680028999999998	3.853473	0.01096105	1.9601478411651636	negative	T	C	0.866648	0.866648	-0.866648
PLifespan	PGC2019MDD	rs10801624	T	C	-4.044802	-3.83639	0.01012332	1.9946770348063598	positive	C	C	0.430004	-0.430004	-0.430004
PLifespan	PGC2019MDD	rs12614708	A	C	4.309878	-3.194836	0.04777272	1.3208200309092089	negative	A	C	0.44894700000000004	0.44894700000000004	-0.44894700000000004
PLifespan	PGC2019MDD	rs2298967	C	T	-3.427538	4.4340160000000015	0.02922055	1.5343116138734174	negative	T	T	0.45513400000000004	-0.45513400000000004	0.45513400000000004
PLifespan	PGC2019MDD	rs363092	A	C	-4.194099	4.86236	0.002571788	2.589764834435559	negative	C	A	-0.44697200000000004	-0.44697200000000004	0.44697200000000004
PLifespan	PGC2019MDD	rs3095073	A	G	-3.2943300000000004	3.769448	0.0417646	1.3791916736888583	negative	G	A	-0.69825	-0.69825	0.69825
PLifespan	PGC2019MDD	rs1058412	T	C	3.895217	-3.255553	0.04223912	1.3742851383701997	negative	T	C	1.31956	1.31956	-1.31956
PLifespan	PGC2019MDD	rs1992455	A	G	-3.438676	3.479004	0.02837818	1.5470154609329037	negative	G	G	1.8588	-1.8588	1.8588
PLifespan	PGC2019MDD	rs6846081	A	C	-3.3907199999999995	3.292381	0.03907329	1.408120019318099	negative	C	C	0.976542	-0.976542	0.976542
PLifespan	PGC2019MDD	rs256496	T	C	3.420726	-3.733473000000001	0.029734500000000004	1.526739359975084	negative	T	T	0.153825	-0.153825	0.153825
PLifespan	PGC2019MDD	rs7458242	G	A	-3.481314	3.56642	0.02514548	1.5995400697522746	negative	A	A	-0.308261	0.308261	-0.308261
PLifespan	PGC2019MDD	rs13268621	T	G	3.44656	-4.02455	0.02778051	1.5562597856627416	negative	T	G	-0.152596	-0.152596	0.152596
PLifespan	PGC2019MDD	rs2270431	T	C	-3.374589	3.766088	0.03378722	1.471247540344903	negative	C	C	0.21901700000000002	-0.21901700000000002	0.21901700000000002
PLifespan	PGC2019MDD	rs8096225	A	C	-3.945404	3.259773	0.04187583	1.3780365719348557	negative	C	C	-0.666385	0.666385	-0.666385
PLifespan	4290	rs2271961	C	T	4.639812999999998	-3.502159	0.04477194	1.3489940869200865	negative	C	C	0.10255399999999999	-0.10255399999999999	0.10255399999999999
PLifespan	4290	rs7131255	G	A	3.967504	-3.526006	0.04216578	1.3750398615040142	negative	G	A	-0.7965270000000001	-0.7965270000000001	0.7965270000000001
PLifespan	4290	rs9899580	G	T	-3.576717	3.693552	0.02798644	1.5530523422157265	negative	T	T	1.0545200000000001	-1.0545200000000001	1.0545200000000001
PLifespan	GCST010003	rs11996727	C	T	-5.665563	-3.708427	0.03696306	1.4322320827413066	positive	T	C	-2.1023	-2.1023	-2.1023
PLifespan	GCST010003	rs157582	T	C	-3.993031	-12.082833	0.002458688	2.609296578408599	positive	C	T	-0.043499699999999995	-0.043499699999999995	-0.043499699999999995
PLifespan	GCST010003	rs2039722	G	A	3.660757	3.679843	0.03988758	1.3991623117605463	positive	G	A	-0.357827	-0.357827	-0.357827
PLifespan	GCST010003	rs3004179	A	G	4.205678	3.598799	0.04883229	1.3112929089117857	positive	A	G	1.00186	1.00186	1.00186
PLifespan	GCST010003	rs2823139	A	G	4.896962	-3.725454	0.03527871	1.4524873036457844	negative	A	G	-1.6575	-1.6575	1.6575
PLifespan	GCST010003	rs1543681	C	A	-3.892441	-3.85906	0.02402758	1.6192899680879498	positive	A	A	1.59943	-1.59943	-1.59943
PLifespan	GCST010003	rs10946808	G	A	4.05975	4.369878	0.003615353	2.441849292154364	positive	G	A	-0.545297	-0.545297	-0.545297
PLifespan	GCST010003	rs12544976	C	T	-3.775626	-4.072142	0.01182734	1.9271129183660267	positive	T	T	-0.558415	0.558415	0.558415
PLifespan	GCST010003	rs1180822	A	G	-2.9851240000000003	-3.729666	0.0453733	1.3431996333486687	positive	G	A	-0.940005	-0.940005	-0.940005
PLifespan	GCST010003	rs1056438	C	T	-3.260514	-3.866641	0.02416501	1.6168130208046818	positive	T	T	0.5620930000000001	-0.5620930000000001	-0.5620930000000001
PLifespan	GCST010003	rs2636002	G	A	2.900701	-4.390463	0.04830031	1.316050081860137	negative	G	G	-4.13631	4.13631	-4.13631
PLifespan	GCST010003	rs2033647	G	A	-3.1523790000000003	-4.135318	0.02581811	1.5880755531855462	positive	A	A	-1.36356	1.36356	1.36356
PLifespan	GCST010003	rs2648463	G	A	-4.041117	3.814939	0.02741888	1.5619502891436605	negative	A	G	-1.45546	-1.45546	1.45546
PLifespan	GCST010003	rs10936997	T	C	-2.963327	4.326593	0.04139716	1.3830294520828557	negative	C	C	1.92232	-1.92232	1.92232
PLifespan	GCST010003	rs9654581	G	T	-3.381774	-3.768664	0.03130344	1.504407934308924	positive	T	T	0.372863	-0.372863	-0.372863
PLifespan	GCST010003	rs9359339	A	G	-3.189809	-3.809117	0.03059156	1.514398375839214	positive	G	G	1.01	-1.01	-1.01
PLifespan	GCST010003	rs10108037	A	C	3.818575	-4.0304400000000005	0.0137185	1.8626933724001369	negative	A	C	-0.154289	-0.154289	0.154289
PLifespan	GCST010003	rs2513355	G	A	3.064492	3.829908	0.03227604	1.4911197549799218	positive	G	A	-1.40288	-1.40288	-1.40288
PLifespan	GCST010003	rs1116198	T	C	-4.210076	-4.258932	0.005768666	2.238924605530699	positive	C	T	0.657339	0.657339	0.657339
PLifespan	GCST010003	rs4749520	A	G	4.9116870000000015	4.21295	0.006923914000000001	2.159648335013483	positive	A	A	-0.271757	0.271757	0.271757
PLifespan	GCST010003	rs4572040	A	C	6.155071	3.919571	0.01988412	1.7014936245724384	positive	A	C	-0.0050953000000000005	-0.0050953000000000005	-0.0050953000000000005
PLifespan	GCST010003	rs7968682	G	T	-3.239047	3.893136	0.02266709	1.6446042310010505	negative	T	T	0.811164	-0.811164	0.811164
PLifespan	GCST010003	rs4899535	T	C	-3.660129	4.220083	0.006742127	2.1712030710260044	negative	C	C	0.529684	-0.529684	0.529684
PLifespan	GCST010003	rs10519198	A	C	2.9445	3.973832	0.04332682	1.363243185120552	positive	A	C	-1.60942	-1.60942	-1.60942
PLifespan	GCST010003	rs8034191	C	T	-4.1702629999999985	-9.284065	0.001362829	2.8655586335382863	positive	T	T	0.9650610000000001	-0.9650610000000001	-0.9650610000000001
PLifespan	GCST010003	rs6495314	C	A	-3.949958	-4.05031	0.01275989	1.8941530695489417	positive	A	A	1.01892	-1.01892	-1.01892
PLifespan	GCST010003	rs12905641	T	C	3.289703	3.667857	0.04113754	1.3857616824120438	positive	T	C	-0.15298499999999998	-0.15298499999999998	-0.15298499999999998
PLifespan	GCST010003	rs7195841	G	A	-4.279427	-3.829878	0.02618716	1.5819115982989818	positive	A	G	0.573893	0.573893	0.573893
PLifespan	GCST010003	rs584007	A	G	2.89094	5.143054	0.04940019	1.3062713807161734	positive	A	G	-0.43601899999999993	-0.43601899999999993	-0.43601899999999993
PLifespan	4311	rs6584023	A	G	-4.518282	-3.620277	0.01402197	1.8531909663960304	positive	G	G	-1.98134	1.98134	1.98134
PLifespan	4311	rs10786772	A	G	4.903668	3.229089	0.04417235	1.354849495355965	positive	A	G	0.122092	0.122092	0.122092
PLifespan	4311	rs10965223	G	A	3.2929	4.171967	0.02973073	1.5267944271193286	positive	G	A	0.57811	0.57811	0.57811
PLifespan	4311	rs11126666	A	G	-3.2929	-5.226529	0.02973073	1.5267944271193286	positive	G	G	-0.7376119999999999	0.7376119999999999	0.7376119999999999
PLifespan	4311	rs66469204	G	A	-3.225642	-3.635618	0.03555905	1.4490498502122013	positive	A	A	-0.635401	0.635401	0.635401
PLifespan	4311	rs2471322	C	T	-3.666188	4.4110000000000005	0.009720307	2.012320018376149	negative	T	C	-0.42736999999999997	-0.42736999999999997	0.42736999999999997
PLifespan	4311	rs2744938	G	A	3.449445	-3.625407	0.01919116	1.7168987737599277	negative	G	A	-0.296825	-0.296825	0.296825
PLifespan	4311	rs2039722	G	A	-4.972906	3.679843	0.01159188	1.9358461233622424	negative	A	A	-0.357827	0.357827	-0.357827
PLifespan	4311	rs3004179	A	G	-5.446816	3.598799	0.01496199	1.8250106398577552	negative	G	G	1.00186	-1.00186	1.00186
PLifespan	4311	rs532436	A	G	-5.458785	-4.135364	0.002378954	2.6236139554992244	positive	G	G	0.101002	-0.101002	-0.101002
PLifespan	4311	rs4073998	A	G	-3.337696	3.342725	0.03225677	1.4913791224215385	negative	G	A	0.578442	0.578442	-0.578442
PLifespan	4311	rs60613973	T	G	-3.225642	3.962267	0.03555905	1.4490498502122013	negative	G	G	-1.061	1.061	-1.061
PLifespan	4311	rs1872919	T	C	3.311173	-3.587556	0.02836229	1.5472587066972707	negative	T	C	0.128552	0.128552	-0.128552
PLifespan	4311	rs9302171	C	T	-3.203676	3.898877	0.03778135	1.4227225279632674	negative	T	C	-0.676964	-0.676964	0.676964
PLifespan	2030	rs6678151	A	C	3.501021	-3.760683	0.03463873	1.460438039405933	negative	A	C	0.509313	0.509313	-0.509313
PLifespan	2030	rs2071688	T	C	-3.450187	4.196573	0.04050868	1.392451908335942	negative	C	C	0.921696	-0.921696	0.921696
PLifespan	2030	rs9263706	T	C	-5.168692	4.203735	0.005514737	2.2584751944064347	negative	C	C	-0.303142	0.303142	-0.303142
PLifespan	2030	rs11066301	G	A	4.2321870000000015	-5.405161	0.002586846	2.5872294249135157	negative	G	A	1.58502	1.58502	-1.58502
PLifespan	GCST009158	rs11066301	G	A	-4.3118050000000006	-5.405161	0.001514057	2.819857774558873	positive	A	A	1.58502	-1.58502	-1.58502
PLifespan	GCST009158	rs113115546	T	C	-3.649961	3.594807	0.03278718	1.4842959350569433	negative	C	C	-0.307242	0.307242	-0.307242
PLifespan	GCST009158	rs60134249	A	C	-3.386432	-3.539156	0.04327618	1.3637510814998954	positive	C	C	-1.2519799999999999	1.2519799999999999	1.2519799999999999
PLifespan	GCST009158	rs755383	C	T	5.078736	3.585032	0.03375775	1.4716265074002974	positive	C	C	0.714587	-0.714587	-0.714587
PLifespan	2052	rs6912283	G	A	-3.2794160000000003	-3.4795830000000003	0.03958545	1.402464413717675	positive	A	G	2.1056	2.1056	2.1056
PLifespan	2052	rs4977756	G	A	3.425147	4.139853	0.02538677	1.595392551604072	positive	G	A	0.517491	0.517491	0.517491
PLifespan	2052	rs4977574	G	A	-3.798236	-5.926923	0.007346966	2.1338919699618777	positive	A	A	-0.253212	0.253212	0.253212
PLifespan	2052	rs11795152	G	T	3.508999	-4.256304	0.01951743	1.709577369574047	negative	G	G	0.817937	-0.817937	0.817937
PLifespan	2052	rs12708514	G	A	-3.242858	3.3338970000000003	0.04913085	1.3086457221848136	negative	A	A	-1.4504	1.4504	-1.4504
PLifespan	2052	rs10402524	C	T	-3.221991	-3.4939480000000005	0.04674981	1.3302201498421424	positive	T	C	-1.8616400000000002	-1.8616400000000002	-1.8616400000000002
PLifespan	2052	rs6859	A	G	-4.527986	-6.7175970000000005	0.0003608855	3.4426305670856707	positive	G	G	0.239592	-0.239592	-0.239592
PLifespan	2052	rs439401	T	C	3.744264	5.209107	0.008884116999999999	2.051385730614357	positive	T	C	-0.372413	-0.372413	-0.372413
PLifespan	2052	rs504963	A	G	3.936384	-4.247548	0.004431479	2.3534513043999903	negative	A	G	1.21033	1.21033	-1.21033
PLifespan	GCST90129442	rs6912283	G	A	3.49471	-3.4795830000000003	0.04647929	1.3327405146847922	negative	G	G	2.1056	-2.1056	2.1056
PLifespan	GCST90129442	rs7794705	G	A	-3.767682	4.021577	0.02022635	1.6940824819290878	negative	A	G	2.61496	2.61496	-2.61496
PLifespan	GCST90129442	rs9642727	C	A	3.698499	-3.612157	0.03140645	1.5029811509158022	negative	C	A	-0.0694186	-0.0694186	0.0694186
PLifespan	GCST90129442	rs9928317	T	G	-3.580995	-3.49602	0.04444972	1.3521309704156559	positive	G	T	-1.13832	-1.13832	-1.13832
PLifespan	3688	rs4977574	G	A	6.8877440000000005	-5.926923	1.626401e-07	6.788772367342013	negative	G	A	-0.253212	-0.253212	0.253212
PLifespan	3688	rs6859	A	G	7.65677	-6.7175970000000005	6.049319000000001e-09	8.21829351314733	negative	A	G	0.239592	0.239592	-0.239592
PLifespan	3688	rs439401	T	C	-6.887396000000002	5.209107	6.707405e-06	5.173445469720944	negative	C	C	-0.372413	0.372413	-0.372413
PLifespan	3688	rs17037427	C	A	-3.226532	2.855099	0.04265932	1.3699860715917336	negative	A	C	1.22123	1.22123	-1.22123
PLifespan	3688	rs12406667	C	T	-3.067701	2.983393	0.04165339	1.3803496473572785	negative	T	C	2.1131900000000003	2.1131900000000003	-2.1131900000000003
PLifespan	3688	rs11247937	C	T	3.009003	-3.038895	0.04029865	1.3947095024288882	negative	C	C	0.543189	-0.543189	0.543189
PLifespan	3688	rs72664318	G	A	-2.9428970000000003	3.3561400000000003	0.02796431	1.5533958921193722	negative	A	A	-0.500073	0.500073	-0.500073
PLifespan	3688	rs4970834	T	C	-11.869803	4.103971	0.0007479903	3.1261040340657384	negative	C	C	-1.21594	1.21594	-1.21594
PLifespan	3688	rs646776	C	T	-14.198441	4.494681	0.0001843818	3.7342819496037594	negative	T	T	-1.54849	1.54849	-1.54849
PLifespan	3688	rs143248105	T	C	-4.265217	3.216921	0.013411600000000001	1.8725194078515754	negative	C	C	1.3791200000000001	-1.3791200000000001	1.3791200000000001
PLifespan	3688	rs9633333	A	G	-3.209412	3.0521580000000004	0.02603305	1.5844749475045703	negative	G	G	0.570287	-0.570287	0.570287
PLifespan	3688	rs17671847	G	T	3.2912510000000004	2.985166	0.02669155	1.5736262056466923	positive	G	T	0.6983060000000001	0.6983060000000001	0.6983060000000001
PLifespan	3688	rs10189857	G	A	3.09593	-3.984608	0.01747573	1.7575646737596733	negative	G	A	0.0804424	0.0804424	-0.0804424
PLifespan	3688	rs7559813	T	C	-3.713856	2.755842	0.04848783	1.3143672516467708	negative	C	C	-1.23738	1.23738	-1.23738
PLifespan	3688	rs2290140	A	G	2.860093	-3.5433550000000005	0.03560332	1.4485095022953436	negative	A	A	0.8643719999999999	-0.8643719999999999	0.8643719999999999
PLifespan	3688	rs62155638	A	G	-3.48226	4.204321	0.0046998790000000006	2.32791332298104	negative	G	G	1.6060299999999998	-1.6060299999999998	1.6060299999999998
PLifespan	3688	rs9826367	G	A	-3.243039	2.826053	0.04454333	1.3512173188115142	negative	A	G	-0.690488	-0.690488	0.690488
PLifespan	3688	rs4378932	T	C	-3.677789	2.856585	0.03771298	1.4235091492060916	negative	C	C	-0.49103500000000005	0.49103500000000005	-0.49103500000000005
PLifespan	3688	rs361072	G	A	3.437244	-2.86861	0.03650592	1.4376367022597998	negative	G	A	-2.19382	-2.19382	2.19382
PLifespan	3688	rs56214407	T	C	-3.0331200000000003	4.061848	0.021300299999999998	1.6716142797806492	negative	C	C	1.3183200000000002	-1.3183200000000002	1.3183200000000002
PLifespan	3688	rs2798285	C	T	2.915803	-3.087857	0.04586252	1.3385420858462385	negative	C	T	-0.637792	-0.637792	0.637792
PLifespan	3688	rs2071655	G	T	-2.952801	4.840104	0.02710234	1.5669932107781692	negative	T	G	-0.370931	-0.370931	0.370931
PLifespan	3688	rs60197694	C	T	-3.495707	4.45463	0.004494606	2.347308372790718	negative	T	T	0.854468	-0.854468	0.854468
PLifespan	3688	rs113476736	C	T	3.157581	-2.8721520000000003	0.04640769	1.3334100485863793	negative	C	T	-1.28647	-1.28647	1.28647
PLifespan	3688	rs1565220	C	A	-3.3753620000000004	3.147176	0.01661379	1.779531283362632	negative	A	A	0.374219	-0.374219	0.374219
PLifespan	3688	rs1355112	C	T	2.958429	-3.273045	0.02773796	1.5569254824596144	negative	C	C	-1.26769	1.26769	-1.26769
PLifespan	3688	rs300913	C	T	2.823461	-3.38469	0.03943385	1.4041308198800917	negative	C	T	-0.30280300000000004	-0.30280300000000004	0.30280300000000004
PLifespan	3688	rs719392	G	A	3.162929	-3.440984	0.01408819	1.8511447999002957	negative	G	G	0.49829700000000005	-0.49829700000000005	0.49829700000000005
PLifespan	3688	rs16886165	G	T	3.0571770000000003	-3.309537	0.01982121	1.702869837222937	negative	G	G	0.196939	-0.196939	0.196939
PLifespan	3688	rs726501	A	G	2.759844	-3.538064	0.04695344	1.3283325840519886	negative	A	G	0.21176799999999998	0.21176799999999998	-0.21176799999999998
PLifespan	3688	rs67265526	C	T	3.442272	-2.781714	0.04553824	1.3416237583730222	negative	C	T	-0.301098	-0.301098	0.301098
PLifespan	3688	rs2074633	C	T	3.434118	-2.78906	0.04469663	1.3497252202143106	negative	C	T	-1.81155	-1.81155	1.81155
PLifespan	3688	rs138811511	T	C	-2.918974	3.317077	0.03008575	1.5216391576208383	negative	C	C	1.1497899999999999	-1.1497899999999999	1.1497899999999999
PLifespan	3688	rs10953541	T	C	-3.035153	2.951524	0.04796455	1.319079625694865	negative	C	C	0.651501	-0.651501	0.651501
PLifespan	3688	rs4512391	C	T	5.802842	-2.771338	0.04672399	1.3304600776894737	negative	C	C	1.0393	-1.0393	1.0393
PLifespan	3688	rs62560774	A	C	-5.297562	2.912073	0.03260471	1.4867196582370723	negative	C	C	1.62172	-1.62172	1.62172
PLifespan	3688	rs1333040	C	T	-6.285495	4.196748	0.0005492497	3.260230171618886	negative	T	C	-0.851642	-0.851642	0.851642
PLifespan	3688	rs2497337	C	T	-3.417643	3.159071	0.01598067	1.7964050165612588	negative	T	T	-0.18716	0.18716	-0.18716
PLifespan	3688	rs10786772	A	G	-2.808904	3.229089	0.04618825	1.3354684921752122	negative	G	G	0.122092	-0.122092	0.122092
PLifespan	3688	rs3814707	A	G	-3.753163	2.820247	0.04133478	1.38368436951656	negative	G	G	-0.729858	0.729858	-0.729858
PLifespan	3688	rs667575	G	A	-3.362363	3.27637	0.01115039	1.9527099423121568	negative	A	A	2.1108700000000002	-2.1108700000000002	2.1108700000000002
PLifespan	3688	rs4753797	T	G	-3.115769	3.533192	0.01646686	1.7833892068219102	negative	G	T	-1.50763	-1.50763	1.50763
PLifespan	3688	rs559269	A	G	-3.4743760000000004	2.818336	0.04152421	1.3816986212704117	negative	G	G	2.6846099999999997	-2.6846099999999997	2.6846099999999997
PLifespan	3688	rs180327	C	T	5.429709	-2.907188	0.03302661	1.4811360019625572	negative	C	C	-0.028307099999999998	0.028307099999999998	-0.028307099999999998
PLifespan	3688	rs10770598	C	A	-3.293429	2.914125	0.03242735	1.4890885409169559	negative	A	C	-0.45260100000000003	-0.45260100000000003	0.45260100000000003
PLifespan	3688	rs7302466	T	G	3.3256940000000004	-3.211239	0.01366569	1.8643684352755887	negative	T	T	-0.42797799999999997	0.42797799999999997	-0.42797799999999997
PLifespan	3688	rs11057841	T	C	5.470366	-3.758162	0.002307399	2.636877299924007	negative	T	C	-0.503283	-0.503283	0.503283
PLifespan	3688	rs10773111	T	C	-4.012215	3.989541	0.001088406	2.9632090727727385	negative	C	C	1.34945	-1.34945	1.34945
PLifespan	3688	rs9928413	A	G	5.128806	-4.1940870000000015	0.0005543624	3.2562062337106177	negative	A	G	0.524019	0.524019	-0.524019
PLifespan	3688	rs7186207	C	T	-4.568145	3.801256	0.002004749	2.697939994484555	negative	T	T	-0.406395	0.406395	-0.406395
PLifespan	3688	rs2000999	A	G	6.9816210000000005	-4.741779	6.402383000000001e-05	4.193658349277911	negative	A	G	1.7194200000000002	1.7194200000000002	-1.7194200000000002
PLifespan	3688	rs36061252	G	T	4.668617	-4.802786	4.820029000000001e-05	4.316950348793912	negative	G	T	0.951326	0.951326	-0.951326
PLifespan	3688	rs8051717	G	A	3.3323080000000003	-3.763599	0.008012608000000001	2.0962261036836796	negative	G	A	-1.19592	-1.19592	1.19592
PLifespan	3688	rs1557745	G	T	3.341996	-3.049885	0.02219671	1.653711391978679	negative	G	G	2.4549	-2.4549	2.4549
PLifespan	3688	rs729003	T	C	-2.907412	3.609194	0.03110581	1.5071584850800281	negative	C	C	1.3048	-1.3048	1.3048
PLifespan	3688	rs1788783	T	C	-3.176495	3.1015740000000003	0.02411781	1.61766213053256	negative	C	C	-0.21185	0.21185	-0.21185
PLifespan	3688	rs7251031	G	T	4.922093	-3.24214	0.01241782	1.905954639672296	negative	G	T	0.34107	0.34107	-0.34107
PLifespan	3688	rs10402271	G	T	6.4970360000000005	-3.532373	0.004853439	2.3139504243956592	negative	G	G	-1.8616400000000002	1.8616400000000002	-1.8616400000000002
PLifespan	3688	rs510297	C	A	4.005801	-4.493697	0.0006537614	3.184580725024972	negative	C	C	-1.1140700000000001	1.1140700000000001	-1.1140700000000001
PLifespan	3688	rs393584	A	G	-6.9984720000000005	3.126188	0.01773263	1.7512268476037403	negative	G	G	0.044400300000000004	-0.044400300000000004	0.044400300000000004
PLifespan	3688	rs157582	T	C	9.032873	-12.082833	6.049319000000001e-09	8.21829351314733	negative	T	T	-0.043499699999999995	0.043499699999999995	-0.043499699999999995
PLifespan	3688	rs2064040	A	G	-3.391808	3.158367	0.0160146	1.795483904328429	negative	G	A	-1.16324	-1.16324	1.16324
PLifespan	2	rs11210887	G	A	5.60406	-3.5192330000000003	0.01673341	1.7764155477837664	negative	G	G	-0.48810600000000004	0.48810600000000004	-0.48810600000000004
PLifespan	2	rs61768374	G	T	-6.062666	3.115905	0.04622741	1.3351004382560123	negative	T	T	-0.246731	0.246731	-0.246731
PLifespan	2	rs914348	G	A	3.555595	-3.2538560000000003	0.03344791	1.4756310140344162	negative	G	G	0.193131	-0.193131	0.193131
PLifespan	2	rs2505049	T	G	3.3846519999999995	-3.252473	0.03606954	1.4428593962659328	negative	T	G	-0.9479479999999999	-0.9479479999999999	0.9479479999999999
PLifespan	2	rs6980093	G	A	-4.30852	3.590168	0.01360951	1.8661575109558874	negative	A	A	-0.1396	0.1396	-0.1396
PLifespan	2	rs10101132	A	C	3.331319	-3.54071	0.039496699999999996	1.4034391887193698	negative	A	C	-1.48191	-1.48191	1.48191
PLifespan	2	rs1902330	A	G	-3.730158	3.5782580000000004	0.01411282	1.8503861975800941	negative	G	G	-0.5161180000000001	0.5161180000000001	-0.5161180000000001
PLifespan	2	rs770087	C	A	4.625978	-3.296049	0.030110200000000004	1.521286359777579	negative	C	C	0.934048	-0.934048	0.934048
PLifespan	2	rs4261436	T	C	-3.466383	3.334127	0.02742463	1.5618592230072994	negative	C	T	0.527044	0.527044	-0.527044
PLifespan	2	rs6493274	C	A	3.520545	-3.202232	0.03783585	1.4220965049589218	negative	C	C	-0.54676	0.54676	-0.54676
PLifespan	2	rs12900091	A	G	3.652601	-3.150379	0.04265266	1.3700538792139538	negative	A	A	-0.361284	0.361284	-0.361284
PLifespan	2	rs34139543	T	C	3.971116	-4.589297	0.004528642	2.3440320099793945	negative	T	C	1.6745299999999999	1.6745299999999999	-1.6745299999999999
PLifespan	3437	rs7558450	C	T	3.829577	3.770258	0.01976344	1.7041374604067585	positive	C	C	0.6099319999999999	-0.6099319999999999	-0.6099319999999999
PLifespan	3437	rs3818528	G	A	3.755135	-3.65697	0.02936548	1.5321628959057312	negative	G	A	-0.438791	-0.438791	0.438791
PLifespan	PGC2022SCZ	rs3818528	G	A	-4.751487	-3.65697	0.01397628	1.8546084073069775	positive	A	A	-0.438791	0.438791	0.438791
PLifespan	PGC2022SCZ	rs10189857	G	A	-3.686702	-3.984608	0.005853247	2.2326031487931064	positive	A	A	0.0804424	-0.0804424	-0.0804424
PLifespan	PGC2022SCZ	rs7497418	G	A	5.017939	3.877952	0.00683747	2.165104566159506	positive	G	A	-0.282665	-0.282665	-0.282665
PLifespan	PGC2022SCZ	rs9358919	C	T	-4.28179	-3.714559	0.01166985	1.9329347261817895	positive	T	C	-1.67524	-1.67524	-1.67524
PLifespan	PGC2022SCZ	rs9379842	C	T	4.87104	5.065918	4.996774e-05	4.30131029289732	positive	C	T	-1.0040200000000001	-1.0040200000000001	-1.0040200000000001
PLifespan	PGC2022SCZ	rs2544576	G	A	3.206249	3.818197	0.028832099999999996	1.5401237244103514	positive	G	A	-2.31922	-2.31922	-2.31922
PLifespan	PGC2022SCZ	rs4886580	G	T	3.196185	-4.019504	0.02974951	1.5265201830799244	negative	G	T	1.0163799999999998	1.0163799999999998	-1.0163799999999998
PLifespan	PGC2022SCZ	rs10088244	T	C	-4.239362	3.690596	0.0126211	1.8989027922304484	negative	C	C	-0.35936399999999996	0.35936399999999996	-0.35936399999999996
PLifespan	PGC2022SCZ	rs28768119	T	C	3.590466	-3.37781	0.03109061	1.5073707569843067	negative	T	C	-2.09934	-2.09934	2.09934
PLifespan	PGC2022SCZ	rs67562337	T	C	3.429761	3.262449	0.0413139	1.3839038060272233	positive	T	C	0.973065	0.973065	0.973065
PLifespan	PGC2022SCZ	rs4850425	T	C	-4.152704	-3.200514	0.04757029	1.3226642010077658	positive	C	C	0.0733816	-0.0733816	-0.0733816
PLifespan	PGC2022SCZ	rs55901919	T	C	-3.701341	-3.550263	0.019289700000000003	1.7146745265996461	positive	C	T	-0.418591	-0.418591	-0.418591
PLifespan	PGC2022SCZ	rs10013053	C	T	3.44803	-3.643071	0.01462161	1.8350048041484135	negative	C	T	0.546696	0.546696	-0.546696
PLifespan	PGC2022SCZ	rs462783	G	A	-4.690139	3.278259	0.03977036	1.4004404777767587	negative	A	G	-0.259241	-0.259241	0.259241
PLifespan	PGC2022SCZ	rs2764264	C	T	3.246486	3.399659	0.03162386	1.4999851212985935	positive	C	C	0.124274	-0.124274	-0.124274
PLifespan	PGC2022SCZ	rs11780471	A	G	-4.074756	4.32975	0.0013591089999999998	2.866745711626425	negative	G	G	0.0445781	-0.0445781	0.0445781
PLifespan	PGC2022SCZ	rs11776293	T	C	-4.77009	4.858905	0.0001270964	3.895866750644081	negative	C	C	-0.10621099999999999	0.10621099999999999	-0.10621099999999999
PLifespan	PGC2022SCZ	rs2741348	T	G	-3.470257	3.194564	0.04820531	1.3169051199212924	negative	G	T	0.503563	0.503563	-0.503563
PLifespan	PGC2022SCZ	rs6558008	C	A	-5.114277	4.9678510000000005	7.576332e-05	4.120541002509431	negative	A	A	-0.441054	0.441054	-0.441054
PLifespan	PGC2022SCZ	rs1330816	T	C	3.430188	-3.357436	0.03269462	1.4855237059495479	negative	T	C	-0.6147640000000001	-0.6147640000000001	0.6147640000000001
PLifespan	PGC2022SCZ	rs11191002	T	C	-3.087592	3.462854	0.04085698	1.3887337379925428	negative	C	C	2.40588	-2.40588	2.40588
PLifespan	PGC2022SCZ	rs2276265	C	T	-3.540134	-4.102622	0.009727111	2.012016128186157	positive	T	C	1.01061	1.01061	1.01061
PLifespan	PGC2022SCZ	rs52824916	T	C	-3.145853	3.910318	0.0345358	1.461730479383868	negative	C	C	0.868585	-0.868585	0.868585
PLifespan	PGC2022SCZ	rs942345	T	C	-3.068894	-3.609548	0.04323214	1.364193266266293	positive	C	T	-0.891949	-0.891949	-0.891949
PLifespan	PGC2022SCZ	rs722599	C	T	-3.462238	4.225446	0.01270937	1.8958759767713076	negative	T	T	-0.196553	0.196553	-0.196553
PLifespan	PGC2022SCZ	rs964285	A	G	-3.484604	3.179882	0.04976786	1.303051033360311	negative	G	A	0.694646	0.694646	-0.694646
PLifespan	PGC2022SCZ	rs1964678	A	G	-4.060416	6.265289	0.001433413	2.843628661117586	negative	G	A	0.000462689	0.000462689	-0.000462689
PLifespan	PGC2022SCZ	rs72738736	T	G	3.5085550000000003	-8.561297	0.01088363	1.9632262309210988	negative	T	G	1.3813799999999998	1.3813799999999998	-1.3813799999999998
PLifespan	PGC2022SCZ	rs7174348	A	G	-5.4161660000000005	4.91716	9.664017e-05	4.014842314753603	negative	G	G	0.171549	-0.171549	0.171549
PLifespan	PGC2022SCZ	rs2456020	T	C	-6.277563	6.48345	4.419019e-08	7.354674131142523	negative	C	T	-0.59207	-0.59207	0.59207
PLifespan	PGC2022SCZ	rs12914385	T	C	4.36115	-8.567179	0.0004231532	3.3735023705231195	negative	T	C	0.6369239999999999	0.6369239999999999	-0.6369239999999999
PLifespan	PGC2022SCZ	rs11072768	T	G	-5.183531	5.291917	1.47986e-05	4.829779368458679	negative	G	T	-0.5377810000000001	-0.5377810000000001	0.5377810000000001
PLifespan	PGC2022SCZ	rs12594247	T	C	-5.129186	3.352678	0.03308979	1.4803059890242085	negative	C	C	-0.188653	0.188653	-0.188653
PLifespan	PGC2022SCZ	rs485186	G	A	3.780974	-4.253716000000002	0.004143315	2.3826520477392688	negative	G	G	-1.9668	1.9668	-1.9668
PLifespan	PGC2022SCZ	rs5762774	A	G	3.084652	-3.830488	0.04123134	1.3847725505940085	negative	A	G	-0.0806852	-0.0806852	0.0806852
PLifespan	PGC2022SCZ	rs12628211	C	T	3.160047	-3.346693	0.04150217	1.3819291949894148	negative	C	C	1.20866	-1.20866	1.20866
PLifespan	3603	rs2947411	A	G	3.610052	4.352646	0.04594406	1.3377706295657394	positive	A	G	-0.47080500000000003	-0.47080500000000003	-0.47080500000000003
PLifespan	3603	rs577265	T	C	-3.96796	-3.786681	0.01319448	1.8796077208346569	positive	C	T	-0.240173	-0.240173	-0.240173
PLifespan	3666	rs61905747	C	A	3.546911	-4.385898	0.02380957	1.623248447867423	negative	C	C	-1.5712899999999999	1.5712899999999999	-1.5712899999999999
PLifespan	3666	rs2519201	G	A	4.639046	-4.448206	0.001164895	2.933713218823113	negative	G	A	1.16506	1.16506	-1.16506
PLifespan	3670	rs2662712	A	G	3.863483	-3.365636	0.04756323	1.3227286602866375	negative	A	A	-1.2947600000000001	1.2947600000000001	-1.2947600000000001
PLifespan	3675	rs1008210	T	G	-3.466871	4.116061	0.04645737	1.3329453797018878	negative	G	G	1.29112	-1.29112	1.29112
PLifespan	3685	rs9358913	G	A	-3.367862	4.190654	0.04338502	1.3626601980073199	negative	A	A	-0.425407	0.425407	-0.425407
PLifespan	3685	rs74679034	A	G	3.474239	3.56456	0.03226024	1.4913324060019877	positive	A	G	0.81904	0.81904	0.81904
PLifespan	3687	rs10913469	C	T	3.495425	-3.644188	0.02389398	1.6217115041608272	negative	C	C	-2.54446	2.54446	-2.54446
PLifespan	3687	rs2867105	T	G	-4.175596	3.958116	0.002350717	2.6287996519198478	negative	G	G	-0.47604300000000005	0.47604300000000005	-0.47604300000000005
PLifespan	3687	rs6795703	T	C	3.512539	-3.2971220000000003	0.02555073	1.5925966872927595	negative	T	C	-0.731638	-0.731638	0.731638
PLifespan	3687	rs16917325	T	C	3.313008	-3.211789	0.04883482	1.3112704087059446	negative	T	T	0.596046	-0.596046	0.596046
PLifespan	3687	rs12769128	T	C	3.487645	-3.417878	0.02446539	1.6114478568099109	negative	T	C	0.553296	0.553296	-0.553296
PLifespan	3687	rs55872725	T	C	10.29757	-3.178475	0.03569061	1.4474460293105196	negative	T	C	0.950169	0.950169	-0.950169
PLifespan	PGC2021ALZwoUKBB	rs10773111	T	C	4.494024	3.989541	0.00375241	2.4256897153330876	positive	T	C	1.34945	1.34945	1.34945
PLifespan	PGC2021ALZwoUKBB	rs1590496	T	C	3.052111	3.376474	0.04526809	1.3442078293386293	positive	T	C	0.491438	0.491438	0.491438
PLifespan	PGC2021ALZwoUKBB	rs6541247	T	C	3.290173	3.712254	0.02116983	1.674282629479802	positive	T	T	-1.56162	1.56162	1.56162
PLifespan	PGC2021ALZwoUKBB	rs2381553	G	A	3.439857	3.289228	0.03333887	1.4770491243964758	positive	G	A	0.775596	0.775596	0.775596
PLifespan	PGC2021ALZwoUKBB	rs7622481	T	C	-3.040582	-3.652974	0.04681967	1.329571651674937	positive	C	T	-0.525015	-0.525015	-0.525015
PLifespan	PGC2021ALZwoUKBB	rs4841254	G	A	-3.299926	-3.32175	0.03042949	1.5167053263812957	positive	A	G	0.837334	0.837334	0.837334
PLifespan	PGC2021ALZwoUKBB	rs11780834	G	A	3.263105	4.752237999999998	0.02326491	1.6332986231899862	positive	G	A	-0.1503	-0.1503	-0.1503
PLifespan	PGC2021ALZwoUKBB	rs10088244	T	C	3.564618	3.690596	0.009874971	2.005464171099828	positive	T	C	-0.35936399999999996	-0.35936399999999996	-0.35936399999999996
PLifespan	PGC2021ALZwoUKBB	rs5167	G	T	13.893914	-3.417819	0.02275512	1.6429208698829052	negative	G	G	0.0210878	-0.0210878	0.0210878
PLifespan	PGC2021ALZwoUKBB	rs12721076	C	T	-5.487075	3.233741	0.03921393	1.4065596307478716	negative	T	T	-0.524285	0.524285	-0.524285
PLifespan	PGC2021ALZwoUKBB	rs570794	C	T	4.0814309999999985	-4.2656800000000015	0.00142929	2.8448796448116496	negative	C	C	-2.01485	2.01485	-2.01485
PLifespan	3691	rs301805	T	G	-3.362352	3.011954	0.03857445	1.4137002574532238	negative	G	G	-0.10348299999999999	0.10348299999999999	-0.10348299999999999
PLifespan	3691	rs198389	G	A	-4.522485	3.379386	0.01722053	1.7639534863008726	negative	A	G	0.43970200000000004	0.43970200000000004	-0.43970200000000004
PLifespan	3691	rs6588636	C	T	4.3996629999999985	-3.172278	0.02771168	1.5573371446395303	negative	C	C	-0.043683	0.043683	-0.043683
PLifespan	3691	rs9437006	T	C	3.820589	-3.234228	0.02413414	1.6173681722921058	negative	T	C	-0.08766	-0.08766	0.08766
PLifespan	3691	rs55869368	T	C	-3.581092	3.85469	0.005195595	2.284364709816164	negative	C	C	-0.481761	0.481761	-0.481761
PLifespan	3691	rs17646665	G	A	-3.364578	3.382364	0.01710011	1.767001095909638	negative	A	A	0.9975370000000001	-0.9975370000000001	0.9975370000000001
PLifespan	3691	rs11552449	T	C	2.737617	-4.51774	0.04119863	1.3851172255526116	negative	T	C	-0.303292	-0.303292	0.303292
PLifespan	3691	rs539515	C	A	2.916786	-3.911399	0.02691848	1.5699494669684837	negative	C	A	1.97806	1.97806	-1.97806
PLifespan	3691	rs12123638	T	C	2.837842	3.135025	0.04993332	1.301609557322714	positive	T	C	0.165194	0.165194	0.165194
PLifespan	3691	rs1410144	T	G	3.800283	-2.975011	0.04142773	1.3827088628755615	negative	T	G	-0.43820299999999995	-0.43820299999999995	0.43820299999999995
PLifespan	3691	rs3827750	T	C	4.447288	-2.944878	0.04378486	1.3586760345899613	negative	T	C	-0.38793099999999997	-0.38793099999999997	0.38793099999999997
PLifespan	3691	rs4847007	A	G	4.399365	-3.117836	0.03116289	1.5063622733084483	negative	A	G	-1.2505600000000001	-1.2505600000000001	1.2505600000000001
PLifespan	3691	rs12714415	C	T	-3.835923	4.81615	0.001970038	2.7055253966652364	negative	T	C	-0.205871	-0.205871	0.205871
PLifespan	3691	rs1731247	A	G	10.172021	-5.2765	1.7432020000000007e-05	4.75865228448939	negative	A	G	-0.7376119999999999	-0.7376119999999999	0.7376119999999999
PLifespan	3691	rs10495901	G	T	-3.345336	2.903198	0.04726508	1.3254596026908914	negative	T	T	0.8983690000000001	-0.8983690000000001	0.8983690000000001
PLifespan	3691	rs6544653	T	C	-3.774362	3.285779	0.02143371	1.6689026496266628	negative	C	T	-1.48986	-1.48986	1.48986
PLifespan	3691	rs980183	G	A	3.638734	-3.878652	0.004860317	2.313335404223085	negative	G	A	-0.8265959999999999	-0.8265959999999999	0.8265959999999999
PLifespan	3691	rs9309333	A	G	-3.091737	3.724326	0.01731586	1.761555934147473	negative	G	G	-0.22409600000000002	0.22409600000000002	-0.22409600000000002
PLifespan	3691	rs778160	C	T	-4.291151	2.9995380000000003	0.03953671	1.4029994728142776	negative	T	T	0.9748680000000001	-0.9748680000000001	0.9748680000000001
PLifespan	3691	rs13418637	C	T	-3.286468	3.271387	0.02229984	1.6516982529772377	negative	T	T	-4.17293	4.17293	-4.17293
PLifespan	3691	rs6733135	T	C	2.766519	-3.282433	0.04030157	1.3946780350237693	negative	T	T	-0.11698900000000001	0.11698900000000001	-0.11698900000000001
PLifespan	3691	rs4078410	T	C	-3.21279	3.109449	0.03457571	1.461228893043201	negative	C	C	0.909055	-0.909055	0.909055
PLifespan	3691	rs66568612	C	T	-4.411994	-3.602186	0.009971046	2.0012592801838487	positive	T	T	0.014161700000000001	-0.014161700000000001	-0.014161700000000001
PLifespan	3691	rs7556967	A	G	4.238186	-2.959327	0.04263005	1.370284157976575	negative	A	G	-0.614404	-0.614404	0.614404
PLifespan	3691	rs1583792	C	T	-2.992323	3.799745	0.02233912	1.6509339389496633	negative	T	T	-0.769837	0.769837	-0.769837
PLifespan	3691	rs6705037	A	G	2.967043	-4.310695	0.02375667	1.6242144349862064	negative	A	G	-2.32528	-2.32528	2.32528
PLifespan	3691	rs73077175	A	G	-3.3205720000000003	3.012164	0.03855816	1.4138836988592747	negative	G	G	0.0233625	-0.0233625	0.0233625
PLifespan	3691	rs112524388	G	T	3.200601	-3.017083	0.04212596	1.3754501889585395	negative	G	T	-0.529321	-0.529321	0.529321
PLifespan	3691	rs936323	A	G	-2.873987	3.533028	0.02978934	1.525939118722966	negative	G	A	0.218396	0.218396	-0.218396
PLifespan	3691	rs73226190	C	T	2.876426	-3.113794	0.04972226	1.3034491398207622	negative	C	T	1.63004	1.63004	-1.63004
PLifespan	3691	rs503922	C	A	2.986637	-3.254156	0.03271972	1.485190421473063	negative	C	C	1.22621	-1.22621	1.22621
PLifespan	3691	rs4368453	T	C	2.9655970000000003	-3.358459	0.0265295	1.5762709350643056	negative	T	C	-0.497388	-0.497388	0.497388
PLifespan	3691	rs7620875	A	G	-4.263944	3.739583	0.007056093	2.151435703794512	negative	G	G	0.0162342	-0.0162342	0.0162342
PLifespan	3691	rs9637451	A	C	-3.366939	2.936394	0.04449666	1.3516725867271226	negative	C	C	0.609119	-0.609119	0.609119
PLifespan	3691	rs12635614	A	G	3.314477	-3.017749	0.03812411	1.4188002860477937	negative	A	G	-0.8351799999999999	-0.8351799999999999	0.8351799999999999
PLifespan	3691	rs2236052	A	G	-2.995492	3.443275	0.0221607	1.6544165254717715	negative	G	G	0.773513	-0.773513	0.773513
PLifespan	3691	rs7672919	T	G	3.52627	-3.172604	0.02769268	1.5576350127307648	negative	T	T	0.888359	-0.888359	0.888359
PLifespan	3691	rs13125101	A	G	12.85759	-2.892448	0.04815592	1.3173503156984645	negative	A	G	-1.1572799999999999	-1.1572799999999999	1.1572799999999999
PLifespan	3691	rs56172573	C	T	-2.688302	3.264972	0.04769878	1.321492728843403	negative	T	T	1.53786	-1.53786	1.53786
PLifespan	3691	rs4395451	T	G	4.671101	-3.98085	0.003622329	2.441012107198205	negative	T	G	0.423497	0.423497	-0.423497
PLifespan	3691	rs300912	G	A	3.5534550000000005	-3.367931	0.01768288	1.7524470002818582	negative	G	G	0.132433	-0.132433	0.132433
PLifespan	3691	rs3805257	C	T	3.460832	-3.767689	0.006552657	2.1835825646710507	negative	C	T	-0.5479430000000001	-0.5479430000000001	0.5479430000000001
PLifespan	3691	rs12658774	C	T	-3.722111	3.055383	0.03543505	1.450566950098492	negative	T	T	0.340589	-0.340589	0.340589
PLifespan	3691	rs433405	C	T	4.441164	-3.403462	0.01624429	1.7892992659022955	negative	C	T	0.845808	0.845808	-0.845808
PLifespan	3691	rs4073838	G	A	-5.255634	2.9464490000000003	0.04365292	1.3599867004699244	negative	A	A	-1.62705	1.62705	-1.62705
PLifespan	3691	rs7732824	G	A	-3.570579	3.2824230000000005	0.02161065	1.6653321703139892	negative	A	A	1.02436	-1.02436	1.02436
PLifespan	3691	rs1833708	T	C	3.05252	-3.043933	0.0469562	1.3283070562622878	negative	T	T	0.520691	-0.520691	0.520691
PLifespan	3691	rs55646464	T	G	-3.155586	3.686869	0.01468418	1.8331503005145766	negative	G	G	1.30382	-1.30382	1.30382
PLifespan	3691	rs17492120	T	C	2.799614	-3.371078	0.03560868	1.4484441251558897	negative	T	C	2.5476799999999997	2.5476799999999997	-2.5476799999999997
PLifespan	3691	rs56246159	C	T	3.411159	-3.003539	0.039227	1.406414904546104	negative	C	T	1.42719	1.42719	-1.42719
PLifespan	3691	rs1359231	T	G	4.154042	-3.318601	0.01989108	1.7013416359149385	negative	T	G	0.7012550000000001	0.7012550000000001	-0.7012550000000001
PLifespan	3691	rs62394292	A	G	3.910079	-3.774472	0.006430648000000001	2.1917452621232636	negative	A	G	-0.558003	-0.558003	0.558003
PLifespan	3691	rs72834630	T	C	4.956023	-3.950556	0.003955069	2.4028459354133704	negative	T	C	-0.0659569	-0.0659569	0.0659569
PLifespan	3691	rs74571768	A	G	-4.716163	3.897282	0.004610008	2.336298320954638	negative	G	G	0.251373	-0.251373	0.251373
PLifespan	3691	rs80292109	G	A	-2.778765	4.296241	0.03750018	1.4259666476637711	negative	A	A	-0.490415	0.490415	-0.490415
PLifespan	3691	rs9393700	A	G	-3.903178	3.124979	0.030699900000000002	1.5128630391651237	negative	G	G	-1.15388	1.15388	-1.15388
PLifespan	3691	rs9469904	T	C	4.538139	-2.910284	0.04667641	1.330902554022261	negative	T	C	-1.9928299999999999	-1.9928299999999999	1.9928299999999999
PLifespan	3691	rs112563428	T	C	3.639419	-3.778091	0.006367136999999999	2.1960558054363135	negative	T	C	0.773239	0.773239	-0.773239
PLifespan	3691	rs9472039	T	C	2.826735	-3.234657	0.04128022	1.384257996833088	negative	T	C	0.188931	0.188931	-0.188931
PLifespan	3691	rs1214759	A	G	5.331496	-4.383637	0.0008981553	3.046648562996764	negative	A	G	-2.12602	-2.12602	2.12602
PLifespan	3691	rs9472049	T	C	-3.623189	3.944794	0.004020131	2.395759794763747	negative	C	C	1.37275	-1.37275	1.37275
PLifespan	3691	rs76611746	A	G	2.834798	-3.266856	0.03822881	1.4176092206437265	negative	A	G	0.203924	0.203924	-0.203924
PLifespan	3691	rs2008598	G	A	-3.179538	3.056802	0.03992191	1.398788688761996	negative	A	A	0.40417	-0.40417	0.40417
PLifespan	3691	rs17080057	A	G	-6.179943	3.862794	0.00508241	2.293930303166942	negative	G	G	-1.36355	1.36355	-1.36355
PLifespan	3691	rs1023711	C	T	-3.692762	3.5453010000000003	0.01148397	1.9399079506976036	negative	T	C	-1.5505799999999998	-1.5505799999999998	1.5505799999999998
PLifespan	3691	rs62454419	T	C	-2.882082	3.180823	0.0431619	1.3648994457928	negative	C	C	-0.275969	0.275969	-0.275969
PLifespan	3691	rs2240042	T	C	-6.005101	2.893062	0.04810513	1.3178086073705948	negative	C	T	0.39700599999999997	0.39700599999999997	-0.39700599999999997
PLifespan	3691	rs722563	A	G	-4.229698	2.918137	0.04602254	1.3370294161423206	negative	G	G	0.0126297	-0.0126297	0.0126297
PLifespan	3691	rs4595147	G	T	-4.1936230000000005	3.730972	0.007209664	2.14208497471832	negative	T	T	-1.22803	1.22803	-1.22803
PLifespan	3691	rs4875960	A	G	-3.498167	3.233792	0.02415682	1.6169602367458351	negative	G	G	0.563947	-0.563947	0.563947
PLifespan	3691	rs4841441	C	A	3.2355810000000003	-3.2265040000000003	0.02613115	1.5828414770823114	negative	C	A	1.6432900000000001	1.6432900000000001	-1.6432900000000001
PLifespan	3691	rs1878447	A	C	-3.040121	3.1938150000000003	0.03505897	1.4552008472236062	negative	C	C	0.593015	-0.593015	0.593015
PLifespan	3691	rs10738451	C	T	3.355899	-3.121971	0.03089502	1.5101115193072496	negative	C	T	-1.88362	-1.88362	1.88362
PLifespan	3691	rs10965223	G	A	-3.192541	4.171967	0.0133618	1.8741350330722473	negative	A	A	0.57811	-0.57811	0.57811
PLifespan	3691	rs6475606	T	C	3.648556	-5.248715	0.003607343	2.442812561334234	negative	T	T	0.0419473	-0.0419473	0.0419473
PLifespan	3691	rs6560142	C	T	-3.01351	3.286781	0.02942716	1.5312516494139436	negative	T	C	-0.308683	-0.308683	0.308683
PLifespan	3691	rs7852962	C	A	3.968697	-3.806457	0.00592068	2.2276284109649125	negative	C	A	1.00165	1.00165	-1.00165
PLifespan	3691	rs635634	T	C	-3.131198	-3.998924	0.01569481	1.8042439374632075	positive	C	C	0.140484	-0.140484	-0.140484
PLifespan	3691	rs10994886	T	C	-3.3175980000000003	3.230996	0.02430219	1.6143545880453294	negative	C	T	0.07582610000000001	0.07582610000000001	-0.07582610000000001
PLifespan	3691	rs7070797	A	G	-10.151267	3.216216	0.02513394	1.5997394260061522	negative	G	G	-0.18863	0.18863	-0.18863
PLifespan	3691	rs7908171	G	A	2.766759	3.4371160000000005	0.03858402	1.413592525969872	positive	G	A	-1.16238	-1.16238	-1.16238
PLifespan	3691	rs360141	C	T	-4.26607	2.955159	0.04294869	1.3670500782692407	negative	T	T	-0.284934	0.284934	-0.284934
PLifespan	3691	rs479844	A	G	-4.036187	3.404736	0.01619246	1.7906871671041285	negative	G	G	-0.637161	0.637161	-0.637161
PLifespan	3691	rs9888185	A	G	4.308828	-2.961826	0.042438800000000006	1.3722369047128808	negative	A	A	-0.150773	0.150773	-0.150773
PLifespan	3691	rs604723	T	C	-8.816752000000003	3.329296	0.01939633	1.7122804356124084	negative	C	C	2.26913	-2.26913	2.26913
PLifespan	3691	rs12419937	C	T	-6.524071	3.055234	0.03544565	1.450437055175262	negative	T	T	1.84958	-1.84958	1.84958
PLifespan	3691	rs7481824	C	T	-4.675907	3.685261	0.008112846	2.0908267678265338	negative	T	T	0.890465	-0.890465	0.890465
PLifespan	3691	rs11212108	T	C	3.117097	-3.288738	0.02599583	1.5850963117689503	negative	T	C	-0.0645519	-0.0645519	0.0645519
PLifespan	3691	rs583852	T	C	-2.755798	4.313268	0.03957012	1.402632632694326	negative	C	T	-1.20105	-1.20105	1.20105
PLifespan	3691	rs3819530	A	G	-3.42655	3.034033	0.03694629	1.4324291652102095	negative	G	A	1.29546	1.29546	-1.29546
PLifespan	3691	rs1544503	A	G	-2.913975	3.159389	0.04343627	1.3621474759599341	negative	G	G	-1.2535	1.2535	-1.2535
PLifespan	3691	rs10841431	A	C	-5.153884	2.929866	0.04504315	1.3463712456038288	negative	C	C	-0.19278299999999998	0.19278299999999998	-0.19278299999999998
PLifespan	3691	rs11561406	T	C	3.051136	-3.4619120000000003	0.01926988	1.7151209898333948	negative	T	C	0.08118330000000001	0.08118330000000001	-0.08118330000000001
PLifespan	3691	rs2171641	A	G	3.422822	-3.4866050000000004	0.01326522	1.8772855429682165	negative	A	G	-0.173941	-0.173941	0.173941
PLifespan	3691	rs58278271	A	G	-4.395971	4.290318	0.001281872	2.892155338677589	negative	G	G	-0.900035	0.900035	-0.900035
PLifespan	3691	rs74087188	C	T	-3.737434	3.3230160000000004	0.01968703	1.705819796909143	negative	T	T	-1.4067399999999999	1.4067399999999999	-1.4067399999999999
PLifespan	3691	rs7311906	T	G	3.602271	-3.640508	0.009082971	2.0417720724195756	negative	T	T	-0.562742	0.562742	-0.562742
PLifespan	3691	rs303949	C	A	3.2239310000000003	-2.963293	0.04547588	1.3422188881864954	negative	C	A	-0.99559	-0.99559	0.99559
PLifespan	3691	rs1990658	A	G	3.156661	-3.54221	0.01463945	1.8344752392921064	negative	A	G	-0.299883	-0.299883	0.299883
PLifespan	3691	rs34864350	G	A	2.919421	-3.158921	0.04320324	1.3644836823203375	negative	G	A	-0.0394819	-0.0394819	0.0394819
PLifespan	3691	rs1316971	A	G	-2.949265	5.127408	0.02477165	1.6060450647896458	negative	G	A	-0.513439	-0.513439	0.513439
PLifespan	3691	rs12902159	G	A	5.37696	-3.318767	0.0198834	1.7015093505733057	negative	G	A	1.29726	1.29726	-1.29726
PLifespan	3691	rs12593036	G	A	-4.496777	3.707339	0.007662928	2.115605255005704	negative	A	A	-0.8564200000000001	0.8564200000000001	-0.8564200000000001
PLifespan	3691	rs7497418	G	A	-5.703769	3.877952	0.004870133	2.3124591783382655	negative	A	A	-0.282665	0.282665	-0.282665
PLifespan	3691	rs8043962	G	A	-3.284438	3.569375	0.01093332	1.9612479406357233	negative	A	G	-1.52135	-1.52135	1.52135
PLifespan	3691	rs2112783	A	G	-3.278763	3.101114	0.03268228	1.4856876535815198	negative	G	G	1.50999	-1.50999	1.50999
PLifespan	3691	rs2074627	T	C	3.75031	-3.605819	0.009887217	2.0049259340477246	negative	T	C	0.43459200000000003	0.43459200000000003	-0.43459200000000003
PLifespan	3691	rs8060484	T	G	3.104635	-3.662644	0.01678795	1.7750023329294797	negative	T	G	-1.20833	-1.20833	1.20833
PLifespan	3691	rs2168798	T	C	4.314248	-2.872122	0.04989651	1.3019298299426987	negative	T	C	1.66963	1.66963	-1.66963
PLifespan	3691	rs6564889	T	C	-4.502859	3.93466	0.00414648	2.3823204250388255	negative	C	C	-1.14398	1.14398	-1.14398
PLifespan	3691	rs12930850	A	G	-4.14607	3.622239	0.009507382	2.0219390560890735	negative	G	A	0.909493	0.909493	-0.909493
PLifespan	3691	rs8071809	C	T	4.52456	-3.218694	0.02498766	1.6022744120076082	negative	C	T	-0.234639	-0.234639	0.234639
PLifespan	3691	rs1058018	C	T	-3.155878	3.3896870000000003	0.01970999	1.7053135960628156	negative	T	T	-0.650316	0.650316	-0.650316
PLifespan	3691	rs4794020	T	C	-3.013482	3.609367	0.02114487	1.6747949805788545	negative	C	C	1.29091	-1.29091	1.29091
PLifespan	3691	rs12959239	G	A	3.132892	-3.53607	0.01562482	1.8061849770851366	negative	G	A	-0.796729	-0.796729	0.796729
PLifespan	3691	rs6040218	T	C	-3.71159	3.610449	0.009780276	2.009648889222042	negative	C	T	-0.500979	-0.500979	0.500979
PLifespan	3691	rs4346455	C	T	4.693812	-2.968425	0.04193326	1.3774413731085806	negative	C	T	0.11047799999999999	0.11047799999999999	-0.11047799999999999
PLifespan	3691	rs6077966	G	A	4.43676	-2.889727	0.04838097	1.3153254286276241	negative	G	A	0.778149	0.778149	-0.778149
PLifespan	3691	rs62185663	A	C	6.051621	-3.1627	0.02826953	1.54868141188909	negative	A	C	0.180568	0.180568	-0.180568
PLifespan	3691	rs7267407	G	A	5.429892	-3.303071	0.02060702	1.685984807402209	negative	G	G	-0.610064	0.610064	-0.610064
PLifespan	3691	rs6040291	C	A	-3.427274	3.109073	0.03172967	1.498534444695185	negative	A	C	-0.7256199999999999	-0.7256199999999999	0.7256199999999999
PLifespan	3691	rs6021262	T	C	3.338707	-3.479824	0.01347287	1.8705398807138025	negative	T	T	0.11429500000000001	-0.11429500000000001	0.11429500000000001
PLifespan	3691	rs2823138	A	G	3.616174	-3.195648	0.02634445	1.5793108638764812	negative	A	G	-1.38907	-1.38907	1.38907
PLifespan	3691	rs5762767	T	C	3.050643	-3.84968	0.01929353	1.7145883053127737	negative	T	C	-0.10663299999999999	-0.10663299999999999	0.10663299999999999
PLifespan	PGC2019ASD	rs433405	C	T	-3.5890120000000003	-3.403462	0.04597819	1.3374481293800176	positive	T	T	0.845808	-0.845808	-0.845808
PLifespan	PGC2019ASD	rs2005309	T	C	-3.550578	-3.384456	0.04833027	1.3157807786417408	positive	C	C	1.6582400000000002	-1.6582400000000002	-1.6582400000000002
PLifespan	GCST90061440	rs74571768	A	G	3.820015	3.897282	0.0192278	1.7160704038799892	positive	A	G	0.251373	0.251373	0.251373
PLifespan	GCST90061440	rs35062652	C	T	-3.628302	4.0932330000000015	0.01184904	1.9263168344295354	negative	T	C	-0.0846503	-0.0846503	0.0846503
PLifespan	GCST90061440	rs9379844	A	G	4.4901849999999985	5.03568	0.0004131044000000001	3.383940179301933	positive	A	G	-1.00419	-1.00419	-1.00419
PLifespan	GCST90061440	rs6917517	T	C	3.253627	4.0791629999999985	0.03812969	1.4187367255901289	positive	T	C	-0.626115	-0.626115	-0.626115
PLifespan	GCST90061440	rs4706746	A	G	3.961669	-4.015307	0.01344655	1.8713891289075681	negative	A	G	2.24192	2.24192	-2.24192
PLifespan	GCST90061440	rs4803766	A	G	-3.437895	3.5696760000000003	0.04517903	1.3450630976779339	negative	G	G	0.24066700000000002	-0.24066700000000002	0.24066700000000002
PLifespan	4266	rs112563428	T	C	-3.740346	-3.778091	0.024952099999999998	1.602892897734675	positive	C	C	0.773239	-0.773239	-0.773239
PLifespan	4266	rs635634	T	C	3.901257	-3.998924	0.01197914	1.9215743594643142	negative	T	C	0.140484	0.140484	-0.140484
PLifespan	4266	rs6694258	C	A	-3.553272	-4.169329	0.02408956	1.618171132393403	positive	A	C	-0.8115020000000001	-0.8115020000000001	-0.8115020000000001
PLifespan	4266	rs1064213	G	A	3.928702	4.212897	0.007402547	2.130618826522135	positive	G	G	-0.0159339	0.0159339	0.0159339
PLifespan	4266	rs7773004	G	A	3.384378	4.100007	0.03907704	1.4080783405610575	positive	G	G	0.732875	-0.732875	-0.732875
PLifespan	4266	rs9359359	T	C	3.375756	3.625115	0.04042366	1.3933643675687777	positive	T	C	-1.4322	-1.4322	-1.4322
PLifespan	4266	rs3138493	T	C	-4.04751	4.466966	0.004877229	2.311826852548375	negative	C	C	-0.389221	0.389221	-0.389221
PLifespan	4266	rs11604462	A	G	5.735846	-3.673806	0.03477894	1.4586836586520557	negative	A	G	-0.234911	-0.234911	0.234911
PLifespan	4266	rs233716	C	T	-3.3386	-3.584449	0.04565975	1.3404664707239637	positive	T	T	0.698708	-0.698708	-0.698708
PLifespan	BCAC2020BC	rs479844	A	G	4.962326	3.404736	0.03175742	1.4981547872674994	positive	A	G	-0.637161	-0.637161	-0.637161
PLifespan	BCAC2020BC	rs3218020	A	G	-7.295586	-3.335896	0.03835652	1.4161608022666345	positive	G	G	0.416968	-0.416968	-0.416968
PLifespan	BCAC2020BC	rs8025699	G	A	-6.650317	3.720382	0.01249857	1.903139673122774	negative	A	A	-0.80501	0.80501	-0.80501
PLifespan	BCAC2020BC	rs532436	A	G	4.789001	-4.135364	0.003265884	2.485999244906936	negative	A	G	0.101002	0.101002	-0.101002
PLifespan	BCAC2020BC	rs7523862	A	G	3.355688	-3.287752	0.04350794	1.3614314790564466	negative	A	A	-0.0381452	0.0381452	-0.0381452
PLifespan	BCAC2020BC	rs1320332	T	C	3.761568	4.372984	0.003148597	2.5018829226840293	positive	T	C	0.321792	0.321792	0.321792
PLifespan	BCAC2020BC	rs1913671	C	T	3.266932	-3.3462690000000004	0.03842711	1.4153622764320417	negative	C	T	1.25337	1.25337	-1.25337
PLifespan	BCAC2020BC	rs6735860	G	A	-3.356837	3.659611	0.01507648	1.8217000440777777	negative	A	G	-0.626286	-0.626286	0.626286
PLifespan	BCAC2020BC	rs11127911	G	T	3.077609	-3.494847	0.03304525	1.4808909581766718	negative	G	T	0.732306	0.732306	-0.732306
PLifespan	BCAC2020BC	rs7434434	T	G	3.3296019999999995	-3.235628	0.0498946	1.3019464547194055	negative	T	G	-0.141336	-0.141336	0.141336
PLifespan	BCAC2020BC	rs776601	T	C	3.1871970000000003	-3.359108	0.04109189	1.3862438831310713	negative	T	T	0.09702739999999999	-0.09702739999999999	0.09702739999999999
PLifespan	BCAC2020BC	rs300898	T	C	3.176746	-3.597834	0.02146368	1.6682958151437106	negative	T	C	0.0264858	0.0264858	-0.0264858
PLifespan	BCAC2020BC	rs13101346	T	C	3.0096830000000003	-3.591395	0.03122207	1.5055383069181973	negative	T	T	0.664201	-0.664201	0.664201
PLifespan	BCAC2020BC	rs6897035	T	G	7.388595	-3.652402	0.01543656	1.8114494746913135	negative	T	T	-0.9305200000000001	0.9305200000000001	-0.9305200000000001
PLifespan	BCAC2020BC	rs59957907	G	A	19.565536	-3.410172	0.03125536	1.505075494517918	negative	G	G	0.23658800000000002	-0.23658800000000002	0.23658800000000002
PLifespan	BCAC2020BC	rs62355911	A	G	13.103666	-3.644109	0.01584996	1.7999718294589235	negative	A	G	0.209866	0.209866	-0.209866
PLifespan	BCAC2020BC	rs56197583	A	G	-3.97431	3.79949	0.009776391	2.0098214374465826	negative	G	G	1.29138	-1.29138	1.29138
PLifespan	BCAC2020BC	rs2191037	C	T	3.600542	3.365714	0.03534076	1.4517241152634024	positive	C	C	0.806474	-0.806474	-0.806474
PLifespan	BCAC2020BC	rs1038304	G	A	7.5890179999999985	-3.344987	0.0373861	1.427289836713114	negative	G	G	0.862332	-0.862332	0.862332
PLifespan	BCAC2020BC	rs6917575	T	C	-8.189117999999999	3.437991	0.02895874	1.5382203382950443	negative	C	C	1.07657	-1.07657	1.07657
PLifespan	BCAC2020BC	rs7341786	A	C	3.818064	5.594005	0.002617707	2.582078965655539	positive	A	C	-0.15473499999999998	-0.15473499999999998	-0.15473499999999998
PLifespan	BCAC2020BC	rs2193094	G	T	17.136557999999994	-3.365785	0.03533424	1.451804245437581	negative	G	G	0.227809	-0.227809	0.227809
PLifespan	BCAC2020BC	rs11658717	G	A	-9.159403	3.396756	0.03249315	1.4882081845828365	negative	A	A	0.912889	-0.912889	0.912889
PLifespan	BCAC2020BC	rs403155	T	C	-3.302625	-4.334182	0.01320065	1.879404683607551	positive	C	C	0.0972371	-0.0972371	-0.0972371
PLifespan	BCAC2020BC	rs2823139	A	G	-4.805879	-3.725454	0.01231717	1.909489064457874	positive	G	G	-1.6575	1.6575	1.6575
PLifespan	3693	rs10789022	T	C	3.230405	-3.149025	0.01985271	1.7021802013586411	negative	T	C	-0.516043	-0.516043	0.516043
PLifespan	3693	rs12093263	T	C	-3.2768589999999995	2.978086	0.02972357	1.526899030100289	negative	C	C	0.103801	-0.103801	0.103801
PLifespan	3693	rs10858018	A	G	3.030467	-4.2984860000000005	0.02281745	1.6417328924685932	negative	A	G	1.18816	1.18816	-1.18816
PLifespan	3693	rs6672018	T	C	2.837439	-3.374056	0.03822971	1.4175989964062254	negative	T	T	-0.164708	0.164708	-0.164708
PLifespan	3693	rs4845619	T	G	3.052764	-3.741838	0.02148571	1.6678502903865307	negative	T	T	-1.0205799999999998	1.0205799999999998	-1.0205799999999998
PLifespan	3693	rs1517750	G	A	-3.626641	2.790835	0.04765276	1.3219119403969664	negative	A	A	0.18791	-0.18791	0.18791
PLifespan	3693	rs12096214	A	G	3.309625	2.8065900000000004	0.04565073	1.3405522732789281	positive	A	A	0.261755	-0.261755	-0.261755
PLifespan	3693	rs78113234	T	C	-3.277998	2.837596	0.04329753	1.3635368781955297	negative	C	T	-1.49427	-1.49427	1.49427
PLifespan	3693	rs12487629	C	T	3.368803	-3.3816230000000003	0.008491428	2.0710192684874777	negative	C	T	-0.497388	-0.497388	0.497388
PLifespan	3693	rs2185887	A	G	-4.386579	4.471554	0.0001900936	3.7210325045520896	negative	G	G	-0.570864	0.570864	-0.570864
PLifespan	3693	rs1801058	T	C	-4.600037	4.210245	0.0005119818	3.29074547711022	negative	C	T	-1.5025	-1.5025	1.5025
PLifespan	3693	rs363096	T	C	3.581704	-4.218359	0.004062344	2.391223303241379	negative	T	C	0.315958	0.315958	-0.315958
PLifespan	3693	rs3135169	T	C	-3.847531	4.027616	0.001593824	2.7975596378012115	negative	C	T	-0.69825	-0.69825	0.69825
PLifespan	3693	rs6446731	A	G	2.987034	-3.831871	0.02579004	1.588547984276727	negative	A	G	-0.797427	-0.797427	0.797427
PLifespan	3693	rs10026577	A	G	3.764185	-3.873184	0.0021539370000000003	2.6667670034300928	negative	A	G	-0.9074049999999999	-0.9074049999999999	0.9074049999999999
PLifespan	3693	rs2662760	C	T	2.8971150000000003	-3.3665870000000004	0.03275254	1.4847550142917636	negative	C	T	-0.129931	-0.129931	0.129931
PLifespan	3693	rs17023141	A	G	-3.913096	2.983031	0.02851662	1.5449019515529725	negative	G	G	-1.82795	1.82795	-1.82795
PLifespan	3693	rs60604943	A	C	2.993627	-3.3886010000000004	0.02532615	1.5964308252444892	negative	A	C	0.0874261	0.0874261	-0.0874261
PLifespan	3693	rs75189	T	C	3.213744	-3.005345	0.03110349	1.5071908777672465	negative	T	C	-0.418166	-0.418166	0.418166
PLifespan	3693	rs9469890	T	C	3.266735	-3.66062	0.01137194	1.9441654403760429	negative	T	C	0.428345	0.428345	-0.428345
PLifespan	3693	rs2502400	G	T	3.392771	-2.809819	0.04530276	1.3438753384671618	negative	G	T	0.889359	0.889359	-0.889359
PLifespan	3693	rs17080069	G	A	-3.041864	3.666975	0.02213778	1.6548659327838717	negative	A	A	-0.49555200000000005	0.49555200000000005	-0.49555200000000005
PLifespan	3693	rs9365237	A	G	4.410387	-3.027367	0.025059099999999997	1.6010345307900973	negative	A	G	-0.65033	-0.65033	0.65033
PLifespan	3693	rs682216	T	C	3.92502	-2.910292	0.03485877	1.457687941139881	negative	T	C	-1.36972	-1.36972	1.36972
PLifespan	3693	rs56307388	A	C	-3.940068	3.289974	0.01131999	1.946153956800286	negative	C	C	1.16551	-1.16551	1.16551
PLifespan	3693	rs11780222	C	A	-3.107276	3.633548	0.01835972	1.7361339464126737	negative	A	C	0.597867	0.597867	-0.597867
PLifespan	3693	rs6593385	G	A	-3.497049	3.130661	0.01857076	1.7311703225901982	negative	A	G	0.62484	0.62484	-0.62484
PLifespan	3693	rs268279	T	C	-2.773377	3.328893	0.04486824	1.3480609657528473	negative	C	T	0.5700149999999999	0.5700149999999999	-0.5700149999999999
PLifespan	3693	rs57541197	A	G	-2.975569	3.173692	0.03398048	1.4687704906853671	negative	G	G	0.374128	-0.374128	0.374128
PLifespan	3693	rs1884232	A	G	3.172309	-2.963295	0.03774069	1.4231901640424924	negative	A	A	1.85938	-1.85938	1.85938
PLifespan	3693	rs547844	T	G	3.132219	-4.335296	0.01709038	1.7672482807509784	negative	T	T	0.0499971	-0.0499971	0.0499971
PLifespan	3693	rs613225	C	T	3.344531	-3.479236	0.008876539000000001	2.0517563344685814	negative	C	C	0.713389	-0.713389	0.713389
PLifespan	3693	rs4754984	G	A	3.168393	-2.935792	0.04090217	1.3882536505739294	negative	G	A	-0.964671	-0.964671	0.964671
PLifespan	3693	rs10791643	A	G	3.886633	-2.987182	0.02818771	1.5499402052479787	negative	A	A	0.199704	-0.199704	0.199704
PLifespan	3693	rs11213379	C	T	3.42847	-3.009794	0.02638956	1.5785678508244776	negative	C	T	0.968824	0.968824	-0.968824
PLifespan	3693	rs11107845	A	G	-3.694284	2.926014	0.03339264	1.476349244554231	negative	G	G	-0.0361968	0.0361968	-0.0361968
PLifespan	3693	rs7977311	T	C	-3.759972	3.760613	0.002432922	2.613871814420025	negative	C	C	0.581928	-0.581928	0.581928
PLifespan	3693	rs12830425	G	T	-4.330508	3.930061	0.001379148	2.8603891260399537	negative	T	T	0.30630799999999997	-0.30630799999999997	0.30630799999999997
PLifespan	3693	rs6489825	G	A	-2.818603	3.205673	0.04734857	1.3246931328272806	negative	A	G	0.542246	0.542246	-0.542246
PLifespan	3693	rs9738226	A	G	3.3560480000000004	-3.40308	0.008533116	2.0688923504862555	negative	A	G	0.503758	0.503758	-0.503758
PLifespan	3693	rs1538146	A	C	3.446075	-3.626149	0.00639593	2.194096298018375	negative	A	C	0.183852	0.183852	-0.183852
PLifespan	3693	rs12873154	G	A	2.847234	-3.692467	0.03729344	1.4283675548496735	negative	G	A	0.9576319999999999	0.9576319999999999	-0.9576319999999999
PLifespan	3693	rs8010840	T	C	3.289985	-3.021405	0.02549092	1.5936144900029525	negative	T	C	0.340939	0.340939	-0.340939
PLifespan	3693	rs861538	T	C	-3.204658	2.8495060000000003	0.04786507	1.3199813016188433	negative	C	C	-0.0167831	0.0167831	-0.0167831
PLifespan	3693	rs12914018	A	G	-3.18036	-3.125371	0.02366277	1.6259344175567838	positive	G	G	0.6007359999999999	-0.6007359999999999	-0.6007359999999999
PLifespan	3693	rs7496118	T	C	3.026818	-3.946028	0.02303457	1.637619890568682	negative	T	C	0.70481	0.70481	-0.70481
PLifespan	3693	rs4784886	G	A	-2.913232	-3.170608	0.04016795	1.3961203322316385	positive	A	A	-1.04859	1.04859	1.04859
PLifespan	3693	rs8053891	C	A	3.198952	-3.588757	0.01400629	1.8536768858349577	negative	C	C	-1.04046	1.04046	-1.04046
PLifespan	3693	rs36019144	C	T	3.0851040000000003	-2.978832	0.04277678	1.3687919098267487	negative	C	T	0.9884790000000001	0.9884790000000001	-0.9884790000000001
PLifespan	3693	rs35370188	C	T	3.220186	-3.5625370000000003	0.01308754	1.883141977958547	negative	C	T	-2.80307	-2.80307	2.80307
PLifespan	3693	rs12325861	C	T	2.915034	-3.201871	0.03756313	1.4252382267069845	negative	C	T	-1.95737	-1.95737	1.95737
PLifespan	3693	rs11079842	A	G	-2.924947	3.100645	0.04486474	1.3480948447277221	negative	G	G	-0.241867	0.241867	-0.241867
PLifespan	3693	rs9797854	C	T	-3.075213	3.155966	0.02692142	1.5699020365023029	negative	T	T	-0.8245979999999999	0.8245979999999999	-0.8245979999999999
PLifespan	4039	rs12469123	G	A	3.5237190000000003	3.4350910000000003	0.04250425	1.3715676426728258	positive	G	G	-1.76705	1.76705	1.76705
PLifespan	4039	rs214952	C	A	4.092956	-4.1520800000000015	0.005024275	2.2989265978309756	negative	C	C	1.89275	-1.89275	1.89275
PLifespan	4085	rs6684394	T	G	3.51111	-3.428627	0.03000636	1.5227866846082605	negative	T	G	-0.5618890000000001	-0.5618890000000001	0.5618890000000001
PLifespan	4085	rs12039671	C	A	-3.0484	-3.603496	0.03093163	1.5095971934351295	positive	A	A	-1.05624	1.05624	1.05624
PLifespan	4085	rs12478601	C	T	4.689026	-3.793598	0.009774361	2.009911625056904	negative	C	T	0.9052479999999999	0.9052479999999999	-0.9052479999999999
PLifespan	4085	rs11125837	G	T	4.955164	-3.531759	0.02228282	1.6520298479265338	negative	G	T	0.152125	0.152125	-0.152125
PLifespan	4085	rs2606738	T	C	-3.43237	3.355964	0.03655024	1.4371097669870112	negative	C	T	-1.6434	-1.6434	1.6434
PLifespan	4085	rs6885658	T	C	3.3950720000000003	3.547258	0.02126032	1.672430202974137	positive	T	T	-1.87549	1.87549	1.87549
PLifespan	4085	rs3804103	A	G	2.86483	-3.596553	0.04851365	1.3141360493231036	negative	A	G	2.25331	2.25331	-2.25331
PLifespan	4085	rs9393692	A	G	2.898153	-3.74381	0.04482933	1.348437751865354	negative	A	G	1.27136	1.27136	-1.27136
PLifespan	4085	rs9384641	C	T	3.067142	3.438651	0.03736941	1.4274837588741265	positive	C	T	0.0966242	0.0966242	0.0966242
PLifespan	4085	rs28613656	G	A	3.21426	-3.662486	0.01996959	1.6996308516323255	negative	G	A	1.44976	1.44976	-1.44976
PLifespan	4085	rs3735964	A	C	-4.465553	3.609504	0.01760201	1.7544377366139168	negative	C	C	0.697667	-0.697667	0.697667
PLifespan	4085	rs15285	T	C	-4.49891	3.787598000000001	0.009959966	2.0017421441101955	negative	C	T	-0.289109	-0.289109	0.289109
PLifespan	4085	rs3218020	A	G	6.054797	-3.335896	0.03863668	1.4130001990170677	negative	A	G	0.416968	0.416968	-0.416968
PLifespan	4085	rs10811649	C	T	-6.7358600000000015	4.209179	0.002386741	2.622194706411622	negative	T	T	0.57811	-0.57811	0.57811
PLifespan	4085	rs12236958	C	T	-3.292628	3.428354	0.03002816	1.522471278734386	negative	T	T	1.10875	-1.10875	1.10875
PLifespan	4085	rs4750374	A	G	-4.032416	3.5631730000000004	0.02031136	1.6922609963036614	negative	G	G	-0.606279	0.606279	-0.606279
PLifespan	4085	rs10887335	A	G	3.208691	-3.310343	0.04507611	1.3460535699646416	negative	A	G	0.564947	0.564947	-0.564947
PLifespan	4085	rs11211982	A	G	-3.045398	3.511581	0.03130501	1.5043861531488176	negative	G	G	1.51942	-1.51942	1.51942
PLifespan	4085	rs12369443	G	A	-4.073816000000001	4.9000879999999984	0.001426994	2.845577852934666	negative	A	A	0.8375440000000001	-0.8375440000000001	0.8375440000000001
PLifespan	4085	rs73305085	A	G	-3.109027	3.465092	0.03317974	1.4791270214764474	negative	G	G	-1.70402	1.70402	-1.70402
PLifespan	4085	rs12904938	A	G	-7.710828	3.901807	0.006801313000000001	2.167407238233528	negative	G	G	0.569958	-0.569958	0.569958
PLifespan	4085	rs11857779	G	A	-6.47636	3.259737	0.04696839	1.3281943264699274	negative	A	G	-1.4398600000000001	-1.4398600000000001	1.4398600000000001
PLifespan	4085	rs8025699	G	A	5.709272	3.720382	0.01237806	1.9073474164884334	positive	G	A	-0.80501	-0.80501	-0.80501
PLifespan	4085	rs1362547	C	T	3.009091	-3.363639	0.04842508	1.3149296531379202	negative	C	C	0.251566	-0.251566	0.251566
PLifespan	4085	rs962273	T	C	-4.263969	3.550149	0.02108825	1.6759594585192734	negative	C	C	-0.40279699999999996	0.40279699999999996	-0.40279699999999996
PLifespan	4085	rs11655950	A	G	-3.090779	3.619466000000001	0.02764202	1.5584302231358171	negative	G	G	0.571271	-0.571271	0.571271
PLifespan	4085	rs7218014	C	T	3.208691	-3.298227	0.04643319	1.3331714789052858	negative	C	C	0.23703400000000002	-0.23703400000000002	0.23703400000000002
PLifespan	4085	rs11556505	T	C	-3.163289	-13.59656	0.02286796	1.6407725761129368	positive	C	C	0.261393	-0.261393	-0.261393
PLifespan	GCST90013410	rs10811649	C	T	6.149296	4.209179	0.003789616	2.421404794657279	positive	C	T	0.57811	0.57811	0.57811
PLifespan	GCST90013410	rs11604462	A	G	-4.811246	-3.673806	0.02382763	1.6229191523286866	positive	G	G	-0.234911	0.234911	0.234911
PLifespan	GCST90013410	rs12063216	A	G	-3.229525	-4.221835	0.04719512	1.326102905320133	positive	G	A	-3.14185	-3.14185	-3.14185
PLifespan	GCST90013410	rs1230682	G	A	-3.436464	-3.5013970000000003	0.03836652	1.41604759129784	positive	A	G	-0.26061599999999996	-0.26061599999999996	-0.26061599999999996
PLifespan	GCST90013410	rs10207433	G	T	3.248359	3.853611	0.04495726	1.34720016548041	positive	G	T	-1.00594	-1.00594	-1.00594
PLifespan	GCST90013410	rs1537370	T	C	-4.447764	-5.384355	0.000721115	3.141995470533273	positive	C	T	-0.385752	-0.385752	-0.385752
PLifespan	GCST011364	rs6694258	C	A	3.551507	-4.169329	0.0040610970000000005	2.3913566371877173	negative	C	C	-0.8115020000000001	0.8115020000000001	-0.8115020000000001
PLifespan	GCST011364	rs403155	T	C	3.031692	-4.334182	0.01930023	1.7144375154929694	negative	T	C	0.0972371	0.0972371	-0.0972371
PLifespan	GCST011364	rs584007	A	G	-3.031692	5.143054	0.01930023	1.7144375154929694	negative	G	G	-0.43601899999999993	0.43601899999999993	-0.43601899999999993
PLifespan	GCST011364	rs6663252	C	T	-3.345248	2.799664	0.04367091	1.359807758299386	negative	T	T	-0.8506440000000001	0.8506440000000001	-0.8506440000000001
PLifespan	GCST011364	rs11206816	G	A	3.843611	-2.801887	0.04343086	1.3622015708321864	negative	G	A	1.34038	1.34038	-1.34038
PLifespan	GCST011364	rs36077489	G	A	3.092997	-3.308787	0.01688112	1.7725987429186798	negative	G	A	0.591835	0.591835	-0.591835
PLifespan	GCST011364	rs10858019	C	A	3.28582	-4.2897050000000005	0.009290563	2.0319579673427755	negative	C	C	-1.77853	1.77853	-1.77853
PLifespan	GCST011364	rs17039435	C	A	-3.47844	3.440095	0.007980735	2.0979571096837564	negative	A	A	-0.09622610000000001	0.09622610000000001	-0.09622610000000001
PLifespan	GCST011364	rs12465974	C	T	-3.452462	3.078051	0.02196004	1.658366873158036	negative	T	C	0.256305	0.256305	-0.256305
PLifespan	GCST011364	rs1879343	C	T	3.313933	-2.8265740000000004	0.04107844	1.3863860575834255	negative	C	T	0.803624	0.803624	-0.803624
PLifespan	GCST011364	rs2540914	A	C	3.766739	-2.75726	0.04821883	1.3167833317169317	negative	A	C	0.7403649999999999	0.7403649999999999	-0.7403649999999999
PLifespan	GCST011364	rs4671159	C	T	-2.996833	3.154309	0.03018645	1.5201879580621527	negative	T	T	0.8242790000000001	-0.8242790000000001	0.8242790000000001
PLifespan	GCST011364	rs1441100	A	G	-3.65411	3.045949	0.02390687	1.621477280041071	negative	G	G	-1.76867	1.76867	-1.76867
PLifespan	GCST011364	rs2610686	T	G	-3.715354	2.9831540000000003	0.02808469	1.551530365522303	negative	G	G	-1.3309600000000001	1.3309600000000001	-1.3309600000000001
PLifespan	GCST011364	rs61185143	T	C	3.487703	-3.315752	0.01142068	1.9423080369434393	negative	T	T	-0.638716	0.638716	-0.638716
PLifespan	GCST011364	rs7591567	C	T	-2.980798	3.085029	0.03677677	1.434426416282701	negative	T	T	-0.5080640000000001	0.5080640000000001	-0.5080640000000001
PLifespan	GCST011364	rs7638643	T	C	-3.444342	2.874992	0.03655248	1.4370831518449272	negative	C	C	2.27232	-2.27232	2.27232
PLifespan	GCST011364	rs11709525	T	C	-3.252282	2.980003	0.03018669	1.5201845051797729	negative	C	C	-0.595225	0.595225	-0.595225
PLifespan	GCST011364	rs868891	G	A	2.844004	-3.304604	0.03205688	1.4940787485046556	negative	G	A	-1.15957	-1.15957	1.15957
PLifespan	GCST011364	rs13316499	T	C	3.362364	-3.210832	0.01533419	1.814339159871988	negative	T	C	-0.42111499999999996	-0.42111499999999996	0.42111499999999996
PLifespan	GCST011364	rs56237906	C	T	3.715354	-3.53781	0.00599627	2.222118819974843	negative	C	T	0.235075	0.235075	-0.235075
PLifespan	GCST011364	rs9289979	T	C	3.071128	-3.092613	0.03089488	1.5101134873061448	negative	T	C	-0.855826	-0.855826	0.855826
PLifespan	GCST011364	rs3021141	A	C	-3.01376	4.443154	0.02027955	1.692941686157496	negative	C	C	-0.402136	0.402136	-0.402136
PLifespan	GCST011364	rs13152170	T	C	2.805971	-4.423047	0.03520946	1.453340635560847	negative	T	C	-0.132043	-0.132043	0.132043
PLifespan	GCST011364	rs1395099	T	G	-3.031692	3.939524	0.01930023	1.7144375154929694	negative	G	G	0.692396	-0.692396	0.692396
PLifespan	GCST011364	rs1481255	A	G	2.668513	-3.602238	0.04961096	1.3044223690398322	negative	A	A	0.37845700000000004	-0.37845700000000004	0.37845700000000004
PLifespan	GCST011364	rs72636642	C	A	3.329143	-2.798894	0.04375402	1.3589820390162464	negative	C	A	1.05891	1.05891	-1.05891
PLifespan	GCST011364	rs4493564	A	G	4.083718	-3.10183	0.02061133	1.685893983328765	negative	A	G	-0.503258	-0.503258	0.503258
PLifespan	GCST011364	rs17003746	C	A	-3.01376	3.4579660000000003	0.02027955	1.692941686157496	negative	A	A	-0.159593	0.159593	-0.159593
PLifespan	GCST011364	rs2715957	G	A	3.497307	-3.371285	0.009730477	2.0118658695579374	negative	G	G	-0.600174	0.600174	-0.600174
PLifespan	GCST011364	rs7667633	C	T	-3.188861	2.976912	0.03373815	1.471878735227012	negative	T	C	1.13205	1.13205	-1.13205
PLifespan	GCST011364	rs4371746	G	A	-4.261526	2.825701	0.04115942	1.3855307537486294	negative	A	G	-0.00298094	-0.00298094	0.00298094
PLifespan	GCST011364	rs2905598	C	T	-3.313933	2.884403	0.03573233	1.4469386638101431	negative	T	C	-1.3969	-1.3969	1.3969
PLifespan	GCST011364	rs150985593	A	G	3.507278	-2.936917	0.031484500000000006	1.5019031992640997	negative	A	G	1.35209	1.35209	-1.35209
PLifespan	GCST011364	rs31197	T	C	-3.142317	3.20163	0.02064489	1.6851874267888083	negative	C	C	2.17487	-2.17487	2.17487
PLifespan	GCST011364	rs6555852	G	T	2.864854	-3.620233	0.03031625	1.5183245202243156	negative	G	T	0.16877	0.16877	-0.16877
PLifespan	GCST011364	rs3887596	G	T	-3.092997	3.351658	0.01622888	1.7897114510057823	negative	T	T	0.15570599999999998	-0.15570599999999998	0.15570599999999998
PLifespan	GCST011364	rs59712603	C	T	3.5638620000000003	-2.793914	0.04429095	1.3536850043995254	negative	C	T	-0.942262	-0.942262	0.942262
PLifespan	GCST011364	rs179269	A	G	-3.5397190000000003	3.036594	0.0244709	1.611350057708042	negative	G	A	-2.05934	-2.05934	2.05934
PLifespan	GCST011364	rs751934	T	C	4.300182	-3.331035	0.01093266	1.9612741580161601	negative	T	C	-1.1901899999999999	-1.1901899999999999	1.1901899999999999
PLifespan	GCST011364	rs17080089	G	T	-3.906487	3.693325	0.003845358	2.415063221483648	negative	T	G	-0.0985196	-0.0985196	0.0985196
PLifespan	GCST011364	rs9364582	C	T	3.928056	-2.756811	0.04826668	1.3163525728876995	negative	C	T	0.047298400000000004	0.047298400000000004	-0.047298400000000004
PLifespan	GCST011364	rs9356124	G	A	2.741079	-3.396097	0.04153852	1.3815489812550275	negative	G	A	0.9218940000000001	0.9218940000000001	-0.9218940000000001
PLifespan	GCST011364	rs6462203	A	C	-2.7719270000000003	3.269715	0.03982778	1.3998139004854682	negative	C	C	0.0128828	-0.0128828	0.0128828
PLifespan	GCST011364	rs3801863	T	G	-2.719687	3.464209	0.04380969	1.358429819904813	negative	G	G	1.30809	-1.30809	1.30809
PLifespan	GCST011364	rs2908292	T	C	3.299519	-2.849841	0.03891156	1.4099213575845688	negative	T	C	0.12256099999999999	0.12256099999999999	-0.12256099999999999
PLifespan	GCST011364	rs4730347	A	G	2.923906	-3.235228	0.02844083	1.5460577335695518	negative	A	A	0.0599941	-0.0599941	0.0599941
PLifespan	GCST011364	rs213935	G	A	3.356538	-3.090001	0.02123083	1.6730330271541203	negative	G	A	-2.00612	-2.00612	2.00612
PLifespan	GCST011364	rs10277774	C	T	3.356538	-2.772584	0.04658198	1.331782055414938	negative	C	T	2.42856	2.42856	-2.42856
PLifespan	GCST011364	rs77069344	G	T	-3.323978	3.60165	0.008315453	2.0801140867882455	negative	T	T	0.9723940000000001	-0.9723940000000001	0.9723940000000001
PLifespan	GCST011364	rs2565059	A	G	-2.748525	3.910655	0.04081847	1.3891432779886486	negative	G	G	0.254389	-0.254389	0.254389
PLifespan	GCST011364	rs10118459	G	A	4.274541	-3.105021	0.02044628	1.689385696088562	negative	G	A	-0.297534	-0.297534	0.297534
PLifespan	GCST011364	rs7858490	T	G	2.887166	-3.316713	0.02854809	1.5444229427669458	negative	T	G	1.35286	1.35286	-1.35286
PLifespan	GCST011364	rs630014	A	G	-4.083718	2.812245	0.04240551	1.3725777092770168	negative	G	A	-1.6544900000000002	-1.6544900000000002	1.6544900000000002
PLifespan	GCST011364	rs2505083	C	T	2.748525	-3.260578	0.0427467	1.369097406716125	negative	C	T	0.486492	0.486492	-0.486492
PLifespan	GCST011364	rs2818912	T	C	-4.148208	2.752862	0.04868717	1.3125854686067693	negative	C	T	1.5864	1.5864	-1.5864
PLifespan	GCST011364	rs1894213	C	T	3.393539	-4.320399	0.006726685	2.1721989091634706	negative	C	C	0.0499971	-0.0499971	0.0499971
PLifespan	GCST011364	rs1783601	G	A	3.142317	-3.733562	0.01414858	1.8492871452358208	negative	G	G	0.6531	-0.6531	0.6531
PLifespan	GCST011364	rs674886	C	T	3.5397190000000003	-2.8002990000000003	0.04360234	1.3604902028915578	negative	C	C	-0.453313	0.453313	-0.453313
PLifespan	GCST011364	rs7930577	T	C	3.031692	-2.980737	0.04313416	1.3651786550485403	negative	T	T	-1.4333	1.4333	-1.4333
PLifespan	GCST011364	rs4762479	T	C	-3.092997	3.638803	0.01622888	1.7897114510057823	negative	C	C	0.5002800000000001	-0.5002800000000001	0.5002800000000001
PLifespan	GCST011364	rs12423417	G	A	-3.182614	2.834189	0.04753314	1.3230034956225518	negative	A	A	-1.1486399999999999	1.1486399999999999	-1.1486399999999999
PLifespan	GCST011364	rs1337601	A	G	3.233192	-3.757847	0.01085749	1.9642705619608352	negative	A	A	-0.805292	0.805292	-0.805292
PLifespan	GCST011364	rs11841161	A	G	2.756143	-3.167999	0.04818927	1.3170496526025701	negative	A	G	-0.031812900000000005	-0.031812900000000005	0.031812900000000005
PLifespan	GCST011364	rs11619038	T	C	4.2640660000000015	-3.802645	0.002811913	2.55099812042477	negative	T	C	0.951606	0.951606	-0.951606
PLifespan	GCST011364	rs12896446	G	T	2.763941	-3.288735	0.03943525	1.4041154016167992	negative	G	T	0.473707	0.473707	-0.473707
PLifespan	GCST011364	rs861534	T	C	-3.345248	2.859625	0.03799592	1.4202630353994314	negative	C	C	0.0294676	-0.0294676	0.0294676
PLifespan	GCST011364	rs8025170	A	G	-3.380634	2.932843	0.03181633	1.4973499174823546	negative	G	G	-2.64163	2.64163	-2.64163
PLifespan	GCST011364	rs142365459	T	C	-2.788506	3.233071	0.04033308	1.3943386122118306	negative	C	C	-1.9160099999999998	1.9160099999999998	-1.9160099999999998
PLifespan	GCST011364	rs4887075	C	T	3.452462	-3.634011	0.005598489	2.2519291707632734	negative	C	T	-0.14996500000000001	-0.14996500000000001	0.14996500000000001
PLifespan	GCST011364	rs4886580	G	T	-3.071128	-4.019504	0.01731872	1.7614842091708127	positive	T	T	1.0163799999999998	-1.0163799999999998	-1.0163799999999998
PLifespan	GCST011364	rs4401016	A	G	4.218218	2.8938650000000004	0.03497168	1.4562835041733293	positive	A	G	-0.175624	-0.175624	-0.175624
PLifespan	GCST011364	rs1973404	T	G	-3.116619	3.463006	0.01523604	1.8171278958327983	negative	G	G	0.251148	-0.251148	0.251148
PLifespan	GCST011364	rs999474	A	G	-2.937179	3.207024	0.029420599999999995	1.53134847457137	negative	G	G	-0.8694129999999999	0.8694129999999999	-0.8694129999999999
PLifespan	GCST011364	rs9916472	T	C	-3.356538	3.628926	0.007504421	2.124682809910421	negative	C	C	1.29091	-1.29091	1.29091
PLifespan	GCST011364	rs387976	C	A	-3.309044	3.09566	0.02093003	1.6792301491660857	negative	A	C	-0.75712	-0.75712	0.75712
PLifespan	GCST011364	rs692854	A	C	2.668513	-4.274761	0.04961096	1.3044223690398322	negative	A	A	-1.9666400000000002	1.9666400000000002	-1.9666400000000002
PLifespan	GCST90132223	rs1064213	G	A	-4.475889	4.212897	0.003353658	2.4744812280405766	negative	A	G	-0.0159339	-0.0159339	0.0159339
PLifespan	GCST90132223	rs2572350	G	T	-3.858365	-3.452257	0.03791599	1.42117759994581	positive	T	G	-0.0353005	-0.0353005	-0.0353005
PLifespan	GCST90132223	rs2893820	A	G	3.836608	4.17807	0.004400869	2.356461558822621	positive	A	G	-0.856418	-0.856418	-0.856418
PLifespan	GCST90132223	rs13437771	G	A	3.2422470000000003	4.0818059999999985	0.03688402	1.433161751157652	positive	G	G	2.36	-2.36	-2.36
PLifespan	GCST90132223	rs1360589	C	T	3.147364	3.450309	0.04919438	1.308084508500904	positive	C	T	0.5622119999999999	0.5622119999999999	0.5622119999999999
PLifespan	GCST90132223	rs7328200	A	G	-4.577502	4.3799410000000005	0.001740982	2.759205719026888	negative	G	A	-0.0542874	-0.0542874	0.0542874
PLifespan	GCST90132223	rs4816492	C	T	-4.563536	3.758786	0.01618078	1.7910005469060097	negative	T	T	0.818032	-0.818032	0.818032
PLifespan	GCST008057	rs7773004	G	A	-6.242589	4.100007	0.00566656	2.2466805083732835	negative	A	G	0.732875	0.732875	-0.732875
PLifespan	GCST008057	rs1543681	C	A	3.750721	-3.85906	0.02764835	1.5583307814398235	negative	C	A	1.59943	1.59943	-1.59943
PLifespan	GCST008057	rs10946808	G	A	-4.464155	4.369878	0.001690033	2.77210481516267	negative	A	A	-0.545297	0.545297	-0.545297
PLifespan	GCST008057	rs9366648	C	T	-3.845638	4.199007	0.01917921	1.7171692855755052	negative	T	T	-0.702382	0.702382	-0.702382
PLifespan	GCST008057	rs516246	T	C	4.017594	-4.410046	0.009533308	2.0207563756614055	negative	T	C	1.50633	1.50633	-1.50633
PLifespan	GCST009541	rs9359359	T	C	-3.958192	3.625115	0.005606388	2.2513168494176954	negative	C	C	-1.4322	1.4322	-1.4322
PLifespan	GCST009541	rs72664353	T	C	-3.56245	3.805284	0.009226988	2.0349400442026275	negative	C	C	-0.290232	0.290232	-0.290232
PLifespan	GCST009541	rs13035713	T	C	-3.253023	4.768264	0.02497463	1.6025009371419643	negative	C	T	-0.206289	-0.206289	0.206289
PLifespan	GCST009541	rs3811696	C	T	3.733714	-3.218269	0.01920767	1.716525314342645	negative	C	C	-0.7684	0.7684	-0.7684
PLifespan	GCST009541	rs11719522	C	A	-3.267509	3.5031220000000003	0.02391036	1.6214138849952044	negative	A	A	-0.361478	0.361478	-0.361478
PLifespan	GCST009541	rs10938397	G	A	4.410476999999998	-2.919047	0.04218849	1.3748060185006357	negative	G	A	-0.46132700000000004	-0.46132700000000004	0.46132700000000004
PLifespan	GCST009541	rs1906599	T	C	8.145035	-3.201341	0.02019107	1.6948406655644115	negative	T	T	0.12201500000000001	-0.12201500000000001	0.12201500000000001
PLifespan	GCST009541	rs300934	T	G	3.722705	-3.84877	0.005221523	2.282202804655897	negative	T	G	0.701179	0.701179	-0.701179
PLifespan	GCST009541	rs55993676	T	G	-3.332892	3.4317870000000004	0.01957843	1.7082221373374993	negative	G	G	1.48075	-1.48075	1.48075
PLifespan	GCST009541	rs6930421	C	A	3.010405	-3.641532	0.04918748	1.3081454268842332	negative	C	A	0.918076	0.918076	-0.918076
PLifespan	GCST009541	rs12210702	G	A	3.852697	-3.510926	0.008030490999999999	2.095257900291485	negative	G	A	1.14229	1.14229	-1.14229
PLifespan	GCST009541	rs1180822	A	G	4.1203660000000015	-3.729666	0.0040083440000000005	2.397035013964443	negative	A	A	-0.940005	0.940005	-0.940005
PLifespan	GCST009541	rs9343859	C	A	-3.459274	3.04446	0.03082545	1.511090574713079	negative	A	A	-0.8400700000000001	0.8400700000000001	-0.8400700000000001
PLifespan	GCST009541	rs6651175	C	T	-3.354127	-2.870847	0.04723371	1.3257479411637492	positive	T	T	-1.85303	1.85303	1.85303
PLifespan	GCST009541	rs12346541	A	G	3.056002	-3.439681	0.04365222	1.359993664690756	negative	A	G	0.213337	0.213337	-0.213337
PLifespan	GCST009541	rs11169125	G	T	-3.065809	3.332464	0.04250429	1.371567233966141	negative	T	G	0.9354690000000001	0.9354690000000001	-0.9354690000000001
PLifespan	GCST009541	rs2938670	G	T	4.4023650000000005	-8.461306	0.0003590107	3.4448926074614956	negative	G	T	1.12099	1.12099	-1.12099
PLifespan	GCST009541	rs17231506	T	C	-3.2119020000000003	2.993822	0.0480991	1.31786304979437	negative	C	C	1.2737399999999999	-1.2737399999999999	1.2737399999999999
PLifespan	GCST009541	rs2301597	T	C	3.400785	-2.940906	0.03994462	1.39854170600339	negative	T	T	0.133697	-0.133697	0.133697
PLifespan	GCST009541	rs28635466	A	G	-3.050228	3.424283	0.04432655	1.353336069157898	negative	G	G	-0.39920900000000004	0.39920900000000004	-0.39920900000000004
PLifespan	GCST009541	rs4794019	T	G	-3.607207	3.621153	0.007878535	2.103554531313277	negative	G	G	1.0545200000000001	-1.0545200000000001	1.0545200000000001
PLifespan	GCST009541	rs11663375	T	C	3.144181	-3.2404330000000003	0.03746169	1.4264126342987755	negative	T	C	-1.139	-1.139	1.139
PLifespan	4267	rs1595823	C	T	3.916271	3.822016000000001	0.01546181	1.8107396677915253	positive	C	C	0.0916602	-0.0916602	-0.0916602
PLifespan	4267	rs3819715	T	G	-3.559024	3.634002	0.04200099	1.3767404727813881	negative	G	G	-0.46067700000000006	0.46067700000000006	-0.46067700000000006
PLifespan	4267	rs8756	C	A	-3.645516	3.78237	0.03270173	1.4854292715115862	negative	A	A	0.840174	-0.840174	0.840174
PLifespan	4267	rs35031105	T	C	4.05375	4.775331	0.008171325	2.0877075158627503	positive	T	C	0.37743699999999997	0.37743699999999997	0.37743699999999997
PLifespan	4267	rs3825845	T	C	3.714077	6.789078999999999	0.02648431	1.5770113373251766	positive	T	C	-0.279136	-0.279136	-0.279136
PLifespan	4276	rs10865548	A	G	-4.607545	4.779622	0.00035320910000000003	3.451968115884745	negative	G	G	-0.52237	0.52237	-0.52237
PLifespan	4276	rs10672	T	C	3.400556	-3.396932	0.04413692	1.355197976423002	negative	T	C	-0.286603	-0.286603	0.286603
PLifespan	4276	rs10120915	C	A	3.4840660000000003	3.445099	0.03291885	1.482555345008306	positive	C	A	0.485721	0.485721	0.485721
PLifespan	4307	rs11709573	T	C	5.11867	-3.319751	0.044528899999999996	1.3513580331380488	negative	T	C	-1.34745	-1.34745	1.34745
PLifespan	4307	rs12500459	A	G	3.457977	-3.67896	0.02981109	1.525622144318563	negative	A	A	-0.708751	0.708751	-0.708751
PLifespan	4307	rs9358919	C	T	3.748138	-3.714559	0.01610749	1.7929721296042247	negative	C	C	-1.67524	1.67524	-1.67524
PLifespan	4307	rs9379842	C	T	-3.5350410000000005	5.065918	0.02409548	1.618064417805398	negative	T	T	-1.0040200000000001	1.0040200000000001	-1.0040200000000001
PLifespan	4307	rs112826162	A	G	3.498589	-3.531511	0.02669548	1.57356226587267	negative	A	G	-0.642504	-0.642504	0.642504
PLifespan	4307	rs1030015	G	T	-4.097506	3.902401	0.009211873	2.0356520580915887	negative	T	T	0.378617	-0.378617	0.378617
PLifespan	4307	rs34517137	G	A	-4.117828	3.298948	0.04665252	1.3311248922704177	negative	A	A	2.46221	-2.46221	2.46221
PLifespan	4307	rs79020363	T	C	3.526742	3.599296	0.02468948	1.6074880569092493	positive	T	C	-0.49500900000000003	-0.49500900000000003	-0.49500900000000003
PLifespan	4307	rs11662237	T	C	-4.840318	3.774099	0.01356784	1.8674892865147508	negative	C	C	1.21672	-1.21672	1.21672
PLifespan	4307	rs72884533	C	T	4.197014	-3.445	0.032981	1.4817361804714324	negative	C	T	-1.26619	-1.26619	1.26619
PLifespan	CMDKP2018AF	rs2544576	G	A	-4.120815	3.818197	0.02863748	1.543065201107397	negative	A	A	-2.31922	2.31922	-2.31922
PLifespan	CMDKP2018AF	rs2623980	C	T	3.265386	-3.899057	0.04639505	1.3335283529012132	negative	C	T	0.740364	0.740364	-0.740364
PLifespan	CMDKP2018AF	rs12534586	G	T	-3.4533949999999995	3.760558	0.03380173	1.4710610716091341	negative	T	T	0.146284	-0.146284	0.146284
PLifespan	GCST009131	rs12544976	C	T	3.748981	-4.072142	0.02554811	1.592641222610727	negative	C	T	-0.558415	-0.558415	0.558415
PLifespan	PGC2019ALCUSE	rs7968682	G	T	4.1401330000000005	3.893136	0.005157296	2.2875779417991193	positive	G	T	0.811164	0.811164	0.811164
PLifespan	PGC2019ALCUSE	rs4458695	A	G	3.699172	3.431311	0.02576713	1.5889339514364946	positive	A	G	0.902176	0.902176	0.902176
PLifespan	PGC2019ALCUSE	rs8004706	T	C	-3.412144	-3.308778	0.04118673	1.3852426872698536	positive	C	C	-0.3635	0.3635	0.3635
PLifespan	PGC2019ALCUSE	rs416116	A	G	-3.359154	-4.3234010000000005	0.04771931	1.3213058446613561	positive	G	G	-0.0363205	0.0363205	0.0363205
PLifespan	GCST90011766	rs13137565	G	A	-3.702176	-3.895103	0.01712396	1.766395795308621	positive	A	A	0.274946	-0.274946	-0.274946
PLifespan	GCST90011766	rs2784187	T	C	-3.969592	3.672679	0.02555447	1.5925331218878607	negative	C	T	0.407294	0.407294	-0.407294
PLifespan	GCST90011766	rs112473121	T	C	-3.375563	3.509043	0.04576931	1.3394256347750448	negative	C	C	0.8303879999999999	-0.8303879999999999	0.8303879999999999
PLifespan	GCST90011766	rs10519203	G	A	-3.369861	-9.482262	0.04645963	1.3329242532012624	positive	A	G	-1.63588	-1.63588	-1.63588
PLifespan	GCST90011808	rs1367388	C	T	3.3329699999999995	-3.3669550000000004	0.03477385	1.458747223576391	negative	C	C	-0.392719	0.392719	-0.392719
PLifespan	GCST90011808	rs1557213	A	G	3.3675940000000004	4.112913	0.03169825	1.4989647136914739	positive	A	G	1.29112	1.29112	1.29112
PLifespan	GCST90011808	rs59594429	T	C	-3.274979	-4.220644	0.04045623	1.3930145903363855	positive	C	C	0.163879	-0.163879	-0.163879
PLifespan	GCST90011808	rs80011236	T	C	3.461303	-3.383458	0.03293071	1.4823989056149047	negative	T	C	0.859395	0.859395	-0.859395
PLifespan	GCST90011808	rs600038	C	T	3.58461	-4.12095	0.01758912	1.7547558881550631	negative	C	T	0.0217488	0.0217488	-0.0217488
PLifespan	GCST90011808	rs61905754	T	C	3.973327	-4.197098	0.005403295	2.2673413209348476	negative	T	C	1.44356	1.44356	-1.44356
PLifespan	GCST90011808	rs12448315	T	G	-3.363583	-3.389392	0.03235164	1.4901036987697114	positive	G	G	-0.16567	0.16567	0.16567
PLifespan	GCST90011812	rs603542	T	C	3.489545	-3.373695	0.03720177	1.4294363965980514	negative	T	T	-0.614374	0.614374	-0.614374
PLifespan	GCST90011812	rs7756015	A	G	-3.4251620000000003	3.341646	0.04623904	1.3349911911755594	negative	G	G	0.7945369999999999	-0.7945369999999999	0.7945369999999999
PLifespan	GCST90011812	rs12903285	A	G	-4.268546	6.178933	0.001740419	2.759346184199066	negative	G	A	0.0391897	0.0391897	-0.0391897
PLifespan	GCST90011812	rs12438659	A	G	-4.430833	6.816675999999998	0.0008648856	3.0630413336616997	negative	G	G	0.370089	-0.370089	0.370089
PLifespan	GCST90011812	rs72738786	T	G	5.922893	-9.465613	3.424355e-07	6.4654212187176565	negative	T	G	0.880022	0.880022	-0.880022
PLifespan	GCST90011816	rs9263692	G	A	-3.734681	4.154424	0.02660455	1.5750440825077106	negative	A	A	-0.30168	0.30168	-0.30168
PLifespan	GCST90011820	rs4681205	C	T	3.638685	-3.863282	0.02703741	1.5680349131956972	negative	C	T	0.520642	0.520642	-0.520642
PLifespan	GCST90129435	rs1377059	G	A	4.027204	-3.475778	0.04907121	1.3091732330350985	negative	G	G	0.864448	-0.864448	0.864448
PLifespan	GCST90129439	rs1448541	G	A	3.635205000000001	-4.019723	0.02738317	1.5625162773920487	negative	G	A	-0.154289	-0.154289	0.154289
PLifespan	GCST90129439	rs1832864	G	A	4.151364	4.181333	0.003787422	2.4216563024680955	positive	G	A	-0.15838	-0.15838	-0.15838
PLifespan	PGC2019PTSD	rs13259581	C	T	-3.785184	3.880004	0.02259303	1.6460255210036607	negative	T	T	0.59337	-0.59337	0.59337
