TargetTrait	DiseaseTrait	rsid	A1	A2	Zscore_Disease	Zscore_TargetTrait	conjFDR	log10conjFDR	PleiotropySign	RiskAllele	AncestralAllele(AA)	standarizediHS	RiskAllele_iHS	FertilityIncreasing_iHS
metaanalysis	1135	rs1681738	T	G	3.344619	-3.566065	0.03976217	1.4005299222297232	negative	T	G	-0.399367	-0.399367	0.399367
metaanalysis	1135	rs174560	C	T	3.808368	-3.935026	0.01060602	1.9744475582582397	negative	C	C	0.145273	-0.145273	0.145273
metaanalysis	1135	rs968567	T	C	4.17382	-4.140956	0.004054828	2.392027563212423	negative	T	C	-0.18479500000000001	-0.18479500000000001	0.18479500000000001
metaanalysis	1135	rs4144686	A	G	3.3710720000000003	-3.477484	0.03722217	1.4291983117115832	negative	A	G	0.716252	0.716252	-0.716252
metaanalysis	GCST90014023	rs968567	T	C	-3.852883	-4.140956	0.008273726	2.0822988656810697	positive	C	C	-0.18479500000000001	0.18479500000000001	0.18479500000000001
metaanalysis	GCST90014023	rs193477	T	C	-7.980461	-3.811499	0.02539887	1.5951856047848345	positive	C	T	-0.21963200000000002	-0.21963200000000002	-0.21963200000000002
metaanalysis	GCST90014023	rs9620943	T	C	-6.262877	-3.688695	0.03696796	1.4321745144035658	positive	C	C	1.02849	-1.02849	-1.02849
metaanalysis	GCST90014023	rs2023682	G	A	-6.117383	-3.863264	0.02155324	1.666487435092412	positive	A	A	-0.47489899999999996	0.47489899999999996	0.47489899999999996
metaanalysis	GCST90014023	rs209474	G	A	13.621358	-3.87133	0.02099454	1.6778936365130739	negative	G	A	0.8736440000000001	0.8736440000000001	-0.8736440000000001
metaanalysis	GCST90014023	rs11078930	T	C	3.943132	-3.777097	0.02817172	1.5501866367307655	negative	T	C	0.77955	0.77955	-0.77955
metaanalysis	GCST90014023	rs3130978	A	G	11.463552	4.248264	0.005494017	2.2601100010867765	positive	A	G	0.261077	0.261077	0.261077
metaanalysis	GCST90014023	rs4820827	T	C	8.838836	3.96914	0.01520349	1.8180567072023635	positive	T	C	0.811122	0.811122	0.811122
metaanalysis	GCST90014023	rs3094215	G	A	5.25292	3.72751	0.03283803	1.483622904713132	positive	G	G	-0.7921239999999999	0.7921239999999999	0.7921239999999999
metaanalysis	GCST90014023	rs211456	T	G	-5.853613	4.1467230000000015	0.008093671	2.0918544532417753	negative	G	G	0.49197399999999997	-0.49197399999999997	0.49197399999999997
metaanalysis	GCST90014023	rs11038914	T	C	3.321761	3.814683	0.02797918	1.5531650177460363	positive	T	T	-0.15955999999999998	0.15955999999999998	0.15955999999999998
metaanalysis	GCST90014023	rs4924500	G	A	-3.174184	-3.970593	0.04455536	1.3511000429537199	positive	A	A	0.989821	-0.989821	-0.989821
metaanalysis	PGC2019MDD	rs4144686	A	G	-3.324619	-3.477484	0.03231899	1.4905422198120732	positive	G	G	0.716252	-0.716252	-0.716252
metaanalysis	PGC2019MDD	rs16841842	A	C	-4.626635	-3.580435	0.02313899	1.635655601607246	positive	C	C	0.933491	-0.933491	-0.933491
metaanalysis	PGC2019MDD	rs3130976	C	T	-3.182409	4.321653	0.04487402	1.348005022831221	negative	T	T	0.674358	-0.674358	0.674358
metaanalysis	PGC2019MDD	rs324808	C	T	-3.969648	-3.545514	0.02555628	1.5925023622917844	positive	T	T	0.834076	-0.834076	-0.834076
metaanalysis	PGC2019MDD	rs74547540	A	G	3.720608	-3.418015	0.03625148	1.4406742582595395	negative	A	A	1.12724	-1.12724	1.12724
metaanalysis	PGC2019MDD	rs1484663	T	C	3.416996	-3.611387	0.02562308	1.591368667463819	negative	T	T	-0.793956	0.793956	-0.793956
metaanalysis	PGC2019MDD	rs9880742	C	T	-3.334976	3.477933	0.03150738	1.5015877091348029	negative	T	T	0.8406680000000001	-0.8406680000000001	0.8406680000000001
metaanalysis	PGC2019MDD	rs6766743	C	T	4.729883	3.345278	0.04372086	1.3593113039597304	positive	C	T	1.85875	1.85875	1.85875
metaanalysis	PGC2019MDD	rs1422679	C	T	-4.526171	-4.139558999999998	0.003240375	2.489404727137015	positive	T	T	-0.41290699999999997	0.41290699999999997	0.41290699999999997
metaanalysis	PGC2019MDD	rs35245192	G	A	-3.774394	-3.4344120000000005	0.03479049	1.458539454471798	positive	A	G	-0.599772	-0.599772	-0.599772
metaanalysis	PGC2019MDD	rs3130975	T	C	-3.434273	3.953339	0.02455728	1.6098197379546713	negative	C	C	0.186704	-0.186704	0.186704
metaanalysis	PGC2019MDD	rs9479138	T	G	3.365963	6.753463000000001	0.02917694	1.5349602577064498	positive	T	T	1.5176399999999999	-1.5176399999999999	-1.5176399999999999
metaanalysis	PGC2019MDD	rs2214107	A	G	3.866858	-4.476886	0.00685318	2.164107861210459	negative	A	A	0.245745	-0.245745	0.245745
metaanalysis	PGC2019MDD	rs1527743	A	G	3.369489	-3.5627190000000004	0.02893289	1.538608184106376	negative	A	A	0.759688	-0.759688	0.759688
metaanalysis	PGC2019MDD	rs3896224	G	A	-4.9862410000000015	-3.343713	0.04389904	1.3575449769620085	positive	A	A	0.231514	-0.231514	-0.231514
metaanalysis	PGC2019MDD	rs962908	T	C	3.594875	3.662027	0.01801887	1.7442724479935974	positive	T	C	0.494438	0.494438	0.494438
metaanalysis	PGC2019MDD	rs1606183	G	A	-3.424529	-3.361752	0.04193849	1.3773872104103346	positive	A	A	1.85768	-1.85768	-1.85768
metaanalysis	PGC2019MDD	rs1497343	T	C	3.812663	4.124383	0.008193986	2.0865047824048366	positive	T	C	-0.8763190000000001	-0.8763190000000001	-0.8763190000000001
metaanalysis	PGC2019MDD	rs6561712	T	C	3.422347	3.478705	0.03081331	1.5112616467813191	positive	T	C	-0.34457899999999997	-0.34457899999999997	-0.34457899999999997
metaanalysis	PGC2019MDD	rs1323986	A	G	3.305164	3.4293980000000004	0.03523794	1.4529894882504155	positive	A	G	-1.3607	-1.3607	-1.3607
metaanalysis	PGC2019MDD	rs9961847	G	A	4.4000900000000005	3.4693910000000003	0.03165333	1.4995805945075953	positive	G	G	0.289998	-0.289998	-0.289998
metaanalysis	2029	rs16841842	A	C	6.298374	-3.580435	0.03987355	1.3993150967485208	negative	A	C	0.933491	0.933491	-0.933491
metaanalysis	2029	rs7061	C	T	-4.320264	4.4781830000000005	0.001712343	2.7664092372716684	negative	T	C	-0.0904868	-0.0904868	0.0904868
metaanalysis	2029	rs61876897	G	A	3.265817	-3.691233	0.03001182	1.522707666954685	negative	G	A	0.0328485	0.0328485	-0.0328485
metaanalysis	2029	rs12892609	T	G	3.529806	3.535278	0.04513624	1.3454746219367029	positive	T	G	0.9162540000000001	0.9162540000000001	0.9162540000000001
metaanalysis	2029	rs9646419	A	G	-3.0483130000000003	3.894442	0.04990936	1.3018179991631404	negative	G	G	1.14676	-1.14676	1.14676
metaanalysis	2029	rs1877031	G	A	-3.591839	4.138776	0.009000855	2.045716234544524	negative	A	G	0.551143	0.551143	-0.551143
metaanalysis	2029	rs62056790	A	G	-3.103775	3.819768	0.04283019	1.3682499990153256	negative	G	A	-1.40521	-1.40521	1.40521
metaanalysis	2029	rs193477	T	C	4.436662	-3.811499	0.02007602	1.6973223803397859	negative	T	T	-0.21963200000000002	0.21963200000000002	-0.21963200000000002
metaanalysis	2029	rs9620943	T	C	3.971431	-3.688695	0.029182299999999998	1.5348804822182993	negative	T	C	1.02849	1.02849	-1.02849
metaanalysis	4307	rs7061	C	T	4.852047	4.4781830000000005	0.0008319557	3.079899798418128	positive	C	C	-0.0904868	0.0904868	0.0904868
metaanalysis	4307	rs66766977	T	C	-3.314257	-4.016165	0.04442851	1.3523382514593045	positive	C	T	0.09875419999999999	0.09875419999999999	0.09875419999999999
metaanalysis	4307	rs6761233	A	G	3.3978900000000003	3.665473	0.03474158	1.459150434315006	positive	A	A	-0.285244	0.285244	0.285244
metaanalysis	4085	rs1877031	G	A	3.5824300000000004	4.138776	0.02297479	1.6387484495722324	positive	G	G	0.551143	-0.551143	-0.551143
metaanalysis	4085	rs9472138	T	C	5.903649	3.936364	0.02677567	1.5722596531324344	positive	T	C	0.615625	0.615625	0.615625
metaanalysis	4085	rs2943657	C	T	-11.796066	-3.896368	0.03093962	1.5094850246029272	positive	T	T	1.5308700000000002	-1.5308700000000002	-1.5308700000000002
metaanalysis	2030	rs7632056	A	G	-3.45792	6.403816	0.01937876	1.7126740158500964	negative	G	A	-0.5414140000000001	-0.5414140000000001	0.5414140000000001
metaanalysis	2030	rs13082188	C	T	-3.900108	4.091739	0.005690655	2.244837743004922	negative	T	T	0.459114	-0.459114	0.459114
metaanalysis	2030	rs228614	A	G	-3.45097	3.772208	0.01982648	1.7027543837408747	negative	G	A	-0.9596290000000001	-0.9596290000000001	0.9596290000000001
metaanalysis	2030	rs1520933	C	T	3.831318	3.904455000000001	0.01120105	1.9507412641305413	positive	C	T	0.704052	0.704052	0.704052
metaanalysis	2030	rs16930838	C	T	3.502816	4.608901	0.01673628	1.7763410669525357	positive	C	T	1.03156	1.03156	1.03156
metaanalysis	2030	rs9303274	T	C	-3.497234	3.5805290000000003	0.03132682	1.5040836883147812	negative	C	T	-0.305537	-0.305537	0.305537
metaanalysis	2030	rs2023682	G	A	3.5913	-3.863264	0.01290851	1.8891238844665905	negative	G	A	-0.47489899999999996	-0.47489899999999996	0.47489899999999996
metaanalysis	2	rs228617	T	C	-3.995189	-3.895261	0.007064981999999998	2.1508889402995885	positive	C	C	-0.786328	0.786328	0.786328
metaanalysis	2	rs664366	A	G	-4.05267	-3.569721	0.02106764	1.676384111396258	positive	G	G	-1.42298	1.42298	1.42298
metaanalysis	2	rs4518438	T	C	-3.834366	-3.752096	0.01172791	1.9307793754667046	positive	C	C	-1.3167	1.3167	1.3167
metaanalysis	2	rs12246611	A	G	-3.903661	-3.261426	0.04997557	1.3012422438042834	positive	G	A	-0.322416	-0.322416	-0.322416
metaanalysis	GCST010003	rs664366	A	G	3.314564	-3.569721	0.04569607	1.3401211489609108	negative	A	G	-1.42298	-1.42298	1.42298
metaanalysis	GCST010003	rs4518438	T	C	3.707065	-3.752096	0.02730925	1.563690226822334	negative	T	C	-1.3167	-1.3167	1.3167
metaanalysis	GCST010003	rs9369425	G	A	3.029982	3.846413	0.02564912	1.5909275305794601	positive	G	G	-0.929009	0.929009	0.929009
metaanalysis	GCST010003	rs174556	T	C	3.757898	-4.2196989999999985	0.005829385	2.2343772608833405	negative	T	C	-0.824426	-0.824426	0.824426
metaanalysis	GCST010003	rs11713193	A	G	-6.115006	4.828864	0.0004562679	3.340780084247832	negative	G	A	-0.137027	-0.137027	0.137027
metaanalysis	GCST010003	rs1248857	G	A	3.615354	-3.743985	0.02796495	1.5533859528329084	negative	G	G	-0.885134	0.885134	-0.885134
metaanalysis	GCST010003	rs12943264	C	T	-6.629975999999999	3.712788	0.03056783	1.5147353905992609	negative	T	T	-0.081068	0.081068	-0.081068
metaanalysis	GCST010003	rs4458695	A	G	4.280305	-4.242475	0.005371476	2.2699063603756535	negative	A	G	0.902176	0.902176	-0.902176
metaanalysis	GCST010003	rs858943	T	C	-4.10677	3.5731550000000003	0.0452738	1.3441530520086011	negative	C	T	-1.9963	-1.9963	1.9963
metaanalysis	GCST010003	rs7615640	A	C	3.277474	-3.99252	0.01356591	1.8675510684911814	negative	A	C	1.7531599999999998	1.7531599999999998	-1.7531599999999998
metaanalysis	GCST010003	rs6793391	T	G	3.874821	-3.799796	0.02369534	1.625337055309612	negative	T	G	2.12967	2.12967	-2.12967
metaanalysis	GCST010003	rs12491272	T	C	4.217175	-3.956759	0.01450405	1.8385107117609574	negative	T	C	2.2054400000000003	2.2054400000000003	-2.2054400000000003
metaanalysis	GCST010003	rs2624826	T	G	-3.633546	4.42047	0.004744038	2.3238518409076603	negative	G	G	-0.147708	0.147708	-0.147708
metaanalysis	GCST010003	rs9841488	C	T	-3.635473	4.045821	0.01079457	1.966794653037641	negative	T	C	-0.39477399999999996	-0.39477399999999996	0.39477399999999996
metaanalysis	GCST010003	rs9849917	C	T	-3.347493	4.048234	0.01116272	1.9522299687444282	negative	T	T	0.34379499999999996	-0.34379499999999996	0.34379499999999996
metaanalysis	GCST010003	rs6548811	T	G	-2.957109	4.434186	0.03057723	1.5146018600029363	negative	G	G	0.753843	-0.753843	0.753843
metaanalysis	GCST010003	rs17515586	A	G	-6.423592	7.8489179999999985	4.181079e-08	7.378711626532356	negative	G	A	-1.9985700000000002	-1.9985700000000002	1.9985700000000002
metaanalysis	GCST010003	rs62253963	A	G	3.967533	-6.213342	0.001542081	2.8118928137499553	negative	A	G	-1.28231	-1.28231	1.28231
metaanalysis	GCST010003	rs11713902	T	C	-4.510839	4.812007	0.0004929045	3.30723721691071	negative	C	C	2.83794	-2.83794	2.83794
metaanalysis	GCST010003	rs17460569	G	A	-2.805093	5.067794	0.04364519	1.3600636115589249	negative	A	A	1.43495	-1.43495	1.43495
metaanalysis	GCST010003	rs1375563	C	T	-3.4973410000000005	5.304378	0.007223573	2.14124793396042	negative	T	T	0.647208	-0.647208	0.647208
metaanalysis	GCST010003	rs4507269	A	G	3.05947	-4.434830000000002	0.02390522	1.6215072551329537	negative	A	G	0.310498	0.310498	-0.310498
metaanalysis	GCST010003	rs2137493	A	G	-3.204445	4.299585	0.01651079	1.7822321463354796	negative	G	A	-0.620714	-0.620714	0.620714
metaanalysis	GCST010003	rs13099202	T	C	-2.913701	4.117545	0.03399041	1.468643596827247	negative	C	T	0.895653	0.895653	-0.895653
metaanalysis	GCST010003	rs10212461	C	T	-3.234155	4.995076	0.01523686	1.8171045228374323	negative	T	T	0.765995	-0.765995	0.765995
metaanalysis	GCST010003	rs6764500	T	C	-3.023796	4.201929	0.02601313	1.5848073886751592	negative	C	T	-0.736001	-0.736001	0.736001
metaanalysis	GCST010003	rs9853248	C	A	-3.4739480000000005	3.5557230000000004	0.04741391	1.32409422900069	negative	A	A	0.160401	-0.160401	0.160401
metaanalysis	GCST010003	rs13103903	A	G	-3.053699	4.251639	0.02424767	1.6153299871548792	negative	G	G	1.58117	-1.58117	1.58117
metaanalysis	GCST010003	rs9291547	G	A	3.411567	-3.692939	0.03242369	1.4891375614972104	negative	G	G	1.43254	-1.43254	1.43254
metaanalysis	GCST010003	rs1374658	C	T	3.113827	-4.303293	0.02085873	1.6807121374618643	negative	C	C	0.788003	-0.788003	0.788003
metaanalysis	GCST010003	rs7665764	G	A	3.131543	3.653787	0.03983285	1.399758619149475	positive	G	G	-1.15298	1.15298	1.15298
metaanalysis	GCST010003	rs453590	T	C	3.158054	4.00598	0.01857785	1.731004547993836	positive	T	C	0.455408	0.455408	0.455408
metaanalysis	GCST010003	rs9375188	C	T	-5.738474	4.827039	0.0004602398	3.3370158277078206	negative	T	C	0.646489	0.646489	-0.646489
metaanalysis	GCST010003	rs9401770	A	G	2.998455	-3.758259	0.03267595	1.4857717771595005	negative	A	G	1.16276	1.16276	-1.16276
metaanalysis	GCST010003	rs11761422	A	C	2.97254	-3.659377	0.04326865	1.3638266547596034	negative	A	C	2.3334599999999996	2.3334599999999996	-2.3334599999999996
metaanalysis	GCST010003	rs35944461	T	C	2.868881	-3.842499	0.03770374	1.4236155680753522	negative	T	C	0.469711	0.469711	-0.469711
metaanalysis	GCST010003	rs7460521	T	C	3.055317	3.844552	0.02458952	1.609249948828828	positive	T	C	-1.02885	-1.02885	-1.02885
metaanalysis	GCST010003	rs17581567	T	G	-3.037142	4.206302	0.02522701	1.5981342206457945	negative	G	G	0.370373	-0.370373	0.370373
metaanalysis	GCST010003	rs4917923	T	C	3.986573	-4.261631	0.004984612	2.3023686413276585	negative	T	C	1.21392	1.21392	-1.21392
metaanalysis	GCST010003	rs2451464	T	C	-2.822196	3.737302	0.04204795	1.3762551728836772	negative	C	C	0.547435	-0.547435	0.547435
metaanalysis	GCST010003	rs1681739	T	C	3.164423	-3.712326	0.03319934	1.478870549946782	negative	T	C	-0.399367	-0.399367	0.399367
metaanalysis	GCST010003	rs9524027	G	T	4.403892	3.967272	0.01403371	1.8528275022051686	positive	G	T	-1.44698	-1.44698	-1.44698
metaanalysis	GCST010003	rs1359200	A	G	3.2985230000000003	3.851949	0.02021273	1.6943750252345826	positive	A	A	1.80909	-1.80909	-1.80909
metaanalysis	GCST010003	rs10131576	T	C	-3.263668	3.639084	0.03837413	1.4159614575208102	negative	C	C	-0.675299	0.675299	-0.675299
metaanalysis	GCST010003	rs1995171	T	G	3.291053	-3.541115	0.04920466	1.307993764784498	negative	T	T	1.1945700000000001	-1.1945700000000001	1.1945700000000001
metaanalysis	GCST010003	rs1644679	T	G	2.807426	-3.750845	0.04340993	1.362410914475473	negative	T	G	0.837508	0.837508	-0.837508
metaanalysis	GCST010003	rs6081353	G	A	3.058369	-3.586099	0.04983475	1.3024677160704985	negative	G	A	0.6558510000000001	0.6558510000000001	-0.6558510000000001
metaanalysis	3437	rs3130552	A	G	-3.852655	4.059811	0.01118474	1.9513741070414428	negative	G	G	0.193478	-0.193478	0.193478
metaanalysis	3437	rs194682	T	C	-4.253846	-3.803491	0.02062164	1.6856767990608483	positive	C	C	1.49111	-1.49111	-1.49111
metaanalysis	3437	rs2479102	C	T	3.723518	-3.5461720000000003	0.04889168	1.310765039394089	negative	C	T	-2.87465	-2.87465	2.87465
metaanalysis	3437	rs4794036	A	G	3.5038440000000004	3.588687	0.04284693	1.3680802900027078	positive	A	G	0.949418	0.949418	0.949418
metaanalysis	3437	rs6063071	C	A	3.52325	3.692797	0.03536344	1.4514454953458473	positive	C	A	1.47732	1.47732	1.47732
metaanalysis	GCST009131	rs3130552	A	G	3.456456	4.059811	0.04723763	1.3257118998760942	positive	A	G	0.193478	0.193478	0.193478
metaanalysis	GCST009131	rs10491128	A	G	-3.719793	3.731283	0.02435993	1.6133239640136046	negative	G	G	-0.276177	0.276177	-0.276177
metaanalysis	GCST009131	rs413967	A	G	-4.272972	3.990883	0.008663989	2.062282107772664	negative	G	G	0.216007	-0.216007	0.216007
metaanalysis	GCST009131	rs1042146	G	A	3.56251	3.705204	0.03249801	1.4881432320204884	positive	G	G	-0.687987	0.687987	0.687987
metaanalysis	GCST009131	rs209475	A	G	3.472915	-3.732941	0.04452878	1.3513592035107291	negative	A	G	1.12669	1.12669	-1.12669
metaanalysis	3666	rs174549	A	G	-4.024215	-4.112758	0.00477215	2.321285913880896	positive	G	A	0.0813286	0.0813286	0.0813286
metaanalysis	3670	rs13099794	T	C	3.4962800000000005	4.353685	0.04543009	1.3426564028185535	positive	T	C	-0.043852800000000004	-0.043852800000000004	-0.043852800000000004
metaanalysis	3670	rs60279733	C	T	3.614631	4.446393	0.02994705	1.5236459523004366	positive	C	T	-0.0060295	-0.0060295	-0.0060295
metaanalysis	3671	rs2291487	T	C	-3.553629	3.748715	0.03054165	1.5151075040661672	negative	C	C	-0.47526899999999994	0.47526899999999994	-0.47526899999999994
metaanalysis	3671	rs174559	A	G	-3.403361	-3.818139	0.04786485	1.319983297751004	positive	G	G	-0.692872	0.692872	0.692872
metaanalysis	3671	rs110402	A	G	-4.089157	-3.416205	0.04309233	1.3656000229971397	positive	G	G	0.260912	-0.260912	-0.260912
metaanalysis	PGC2019ALCUSE	rs110402	A	G	3.596464	-3.416205	0.01833073	1.7368202394208203	negative	A	G	0.260912	0.260912	-0.260912
metaanalysis	PGC2019ALCUSE	rs4823070	A	G	3.121841	-3.664319	0.04216249	1.3750737488076714	negative	A	G	1.02514	1.02514	-1.02514
metaanalysis	PGC2019ALCUSE	rs7208487	G	T	-3.814026	4.091739	0.004088491	2.388436953923772	negative	T	T	0.140498	-0.140498	0.140498
metaanalysis	PGC2019ALCUSE	rs9851444	C	T	4.025066000000002	4.641041	0.001842154	2.7346740665633997	positive	C	T	3.14622	3.14622	3.14622
metaanalysis	PGC2019ALCUSE	rs12151653	T	C	-3.38457	-3.175913	0.03679071	1.434261830921066	positive	C	C	-0.607459	0.607459	0.607459
metaanalysis	PGC2019ALCUSE	rs6435568	A	G	3.968087	-4.148979	0.002291761	2.639830675445168	negative	A	A	-0.0594515	0.0594515	-0.0594515
metaanalysis	PGC2019ALCUSE	rs2370948	C	T	-3.660047	3.790265	0.007128209	2.1470195752147214	negative	T	T	1.18755	-1.18755	1.18755
metaanalysis	PGC2019ALCUSE	rs2887913	C	A	4.515442	-3.843088	0.004901667	2.3096561963427784	negative	C	A	-0.621163	-0.621163	0.621163
metaanalysis	PGC2019ALCUSE	rs6807666	A	C	4.919135	8.170031	4.239169e-05	4.372719269370818	positive	A	A	-2.4346900000000002	2.4346900000000002	2.4346900000000002
metaanalysis	PGC2019ALCUSE	rs2325026	G	T	-3.44596	-3.280613	0.02734694	1.563091262217685	positive	T	T	0.0891053	-0.0891053	-0.0891053
metaanalysis	PGC2019ALCUSE	rs2866409	G	T	3.868336	-3.4658010000000004	0.01583479	1.8003876918402821	negative	G	T	-1.01356	-1.01356	1.01356
metaanalysis	PGC2019ALCUSE	rs190438	C	T	3.5049650000000003	-3.522677	0.0133289	1.8752056903192404	negative	C	T	-1.11811	-1.11811	1.11811
metaanalysis	PGC2019ALCUSE	rs216057	C	T	3.245746	-3.373224	0.02890817	1.5389793999950987	negative	C	C	0.695429	-0.695429	0.695429
metaanalysis	PGC2019ALCUSE	rs4339469	T	G	4.076206	-3.800877	0.005613201	2.2507894060917604	negative	T	G	0.737689	0.737689	-0.737689
metaanalysis	PGC2019ALCUSE	rs9398724	A	G	3.151376	-3.565092	0.03850784	1.4144508413458465	negative	A	G	0.726173	0.726173	-0.726173
metaanalysis	PGC2019ALCUSE	rs11039165	G	A	4.044034	-3.446664	0.01679464	1.7748293010029745	negative	G	A	0.0592591	0.0592591	-0.0592591
metaanalysis	PGC2019ALCUSE	rs9806441	G	A	-3.171047	3.217757	0.04295349	1.3670015436798904	negative	A	A	-2.39847	2.39847	-2.39847
metaanalysis	PGC2019ALCUSE	rs17177078	T	C	-4.069707	-3.34677	0.02255379	1.6467804676316293	positive	C	C	1.7317	-1.7317	-1.7317
metaanalysis	PGC2019ALCUSE	rs854774	T	C	-3.488349	3.2574650000000003	0.02927987	1.5334308558379621	negative	C	C	-0.162909	0.162909	-0.162909
metaanalysis	PGC2019ALCUSE	rs854772	G	A	-3.503433	3.405431	0.01897591	1.7217973881069393	negative	A	G	0.29519	0.29519	-0.29519
metaanalysis	3675	rs3910952	C	T	3.548422	-3.520945	0.04358048	1.3607079906982236	negative	C	C	-0.217989	0.217989	-0.217989
metaanalysis	3685	rs4624519	T	C	-3.483418	-3.833613	0.02128473	1.671931854542698	positive	C	C	0.423588	-0.423588	-0.423588
metaanalysis	3685	rs9985296	T	C	4.161208	3.702379	0.02555248	1.5925669429638365	positive	T	C	0.232841	0.232841	0.232841
metaanalysis	3685	rs9369425	G	A	-3.494931	3.846413	0.02054421	1.6873105542919713	negative	A	G	-0.929009	-0.929009	0.929009
metaanalysis	3685	rs174556	T	C	-4.601189	-4.2196989999999985	0.004366509	2.3598656403615004	positive	C	C	-0.824426	0.824426	0.824426
metaanalysis	3685	rs11078710	A	C	3.49931	3.620882	0.03277504	1.4844567696067972	positive	A	A	0.201749	-0.201749	-0.201749
metaanalysis	3685	rs4823070	A	G	-3.239595	-3.664319	0.04556375	1.3413805397007865	positive	G	G	1.02514	-1.02514	-1.02514
metaanalysis	PGC2022SCZ	rs4624519	T	C	5.067583	-3.833613	0.01313442	1.8815891003701848	negative	T	C	0.423588	0.423588	-0.423588
metaanalysis	PGC2022SCZ	rs10160701	T	C	5.807677	3.918781	0.01020559	1.991161883026543	positive	T	C	-0.376718	-0.376718	-0.376718
metaanalysis	PGC2022SCZ	rs740076	G	A	3.554571	-3.712942	0.01856735	1.7312500759318439	negative	G	G	-0.754415	0.754415	-0.754415
metaanalysis	PGC2022SCZ	rs3748848	G	A	3.627151	4.465184	0.008104386	2.0912798823469636	positive	G	G	-0.774948	0.774948	0.774948
metaanalysis	PGC2022SCZ	rs1396724	C	T	3.687842	-3.411197	0.040971499999999994	1.3875181358809363	negative	C	T	0.167296	0.167296	-0.167296
metaanalysis	PGC2022SCZ	rs6741380	A	G	4.689842	3.5871510000000004	0.026167799999999998	1.5822327881748934	positive	A	A	-0.981648	0.981648	0.981648
metaanalysis	PGC2022SCZ	rs4072458	T	C	-3.762568	3.3306480000000005	0.04978131	1.3029336790756465	negative	C	T	-0.26756599999999997	-0.26756599999999997	0.26756599999999997
metaanalysis	PGC2022SCZ	rs6765484	T	C	3.4525010000000003	-4.6794720000000005	0.01391889	1.8563953973473155	negative	T	C	0.80498	0.80498	-0.80498
metaanalysis	PGC2022SCZ	rs62282542	G	A	-3.930484	-3.973874	0.008598081	2.065598467838768	positive	A	A	0.286586	-0.286586	-0.286586
metaanalysis	PGC2022SCZ	rs13108018	C	A	-3.662752	-4.1142379999999985	0.007212618	2.1419070686258608	positive	A	C	0.810475	0.810475	0.810475
metaanalysis	PGC2022SCZ	rs10251192	C	T	3.354325	-3.610446	0.02457348	1.6095333360809039	negative	C	C	0.759616	-0.759616	0.759616
metaanalysis	PGC2022SCZ	rs12535499	C	T	3.062608	-3.637461	0.04272207	1.3693477127258027	negative	C	C	0.12573199999999998	-0.12573199999999998	0.12573199999999998
metaanalysis	PGC2022SCZ	rs902300	A	G	3.74122	3.773178	0.01565779	1.8052695359266118	positive	A	G	0.623418	0.623418	0.623418
metaanalysis	PGC2022SCZ	rs6485690	A	G	3.563026	4.413922	0.009904849	2.004152140919643	positive	A	A	0.0388355	-0.0388355	-0.0388355
metaanalysis	PGC2022SCZ	rs952408	A	G	-3.407689	-3.639084	0.02278139	1.6424197810947976	positive	G	A	1.4716200000000002	1.4716200000000002	1.4716200000000002
metaanalysis	PGC2022SCZ	rs9972882	A	C	3.3256339999999995	3.498257	0.03298785	1.4816459888973266	positive	A	C	-0.662667	-0.662667	-0.662667
metaanalysis	PGC2022SCZ	rs34603418	T	C	-4.681132	-3.504551	0.03247341	1.4884721041542774	positive	C	C	0.718118	-0.718118	-0.718118
metaanalysis	4039	rs9985296	T	C	-4.675929	3.702379	0.01428148	1.8452267839794914	negative	C	C	0.232841	-0.232841	0.232841
metaanalysis	4039	rs1248857	G	A	-3.232534	-3.743985	0.04558672	1.3411616545000744	positive	A	G	-0.885134	-0.885134	-0.885134
metaanalysis	4039	rs11127900	A	G	3.359255	8.39126	0.03251771	1.487880046392295	positive	A	A	-2.15013	2.15013	2.15013
metaanalysis	4039	rs9388090	T	C	4.118846	-4.089335	0.003597194	2.444036139646731	negative	T	C	0.882542	0.882542	-0.882542
metaanalysis	4039	rs1487445	C	T	-4.789254	4.825482	0.00013707879999999998	3.8630297060780285	negative	T	C	0.8673629999999999	0.8673629999999999	-0.8673629999999999
metaanalysis	4039	rs174537	T	G	4.036983	-3.927182	0.006564165	2.182820510847329	negative	T	T	0.141774	-0.141774	0.141774
metaanalysis	4039	rs5995257	C	T	-3.646479	-3.584293	0.02101499	1.6774708123178756	positive	T	C	0.787872	0.787872	0.787872
metaanalysis	4039	rs1985725	G	A	3.291161	3.802835	0.03912091	1.4075910515484957	positive	G	A	0.0616087	0.0616087	0.0616087
metaanalysis	3687	rs11713193	A	G	3.536663	4.828864	0.033442599999999996	1.4756999656302032	positive	A	A	-0.137027	0.137027	0.137027
metaanalysis	3691	rs6719	C	T	-3.769958	4.083156	0.01095504	1.9603860323663922	negative	T	T	-0.10915699999999999	0.10915699999999999	-0.10915699999999999
metaanalysis	3691	rs10496880	C	T	4.185715	4.163286	0.006950181	2.158003885154109	positive	C	T	0.393808	0.393808	0.393808
metaanalysis	3691	rs9472138	T	C	-3.91184	3.936364	0.0160401	1.7947929284887123	negative	C	C	0.615625	-0.615625	0.615625
metaanalysis	4267	rs6719	C	T	3.3881050000000004	4.083156	0.03367396	1.472705808321705	positive	C	T	-0.10915699999999999	-0.10915699999999999	-0.10915699999999999
metaanalysis	4267	rs7521303	C	T	3.531445	3.751023	0.02084694	1.6809576835508273	positive	C	T	0.0511486	0.0511486	0.0511486
metaanalysis	4267	rs11146313	T	C	3.293285	4.014515	0.04592503	1.3379505513241639	positive	T	C	0.285211	0.285211	0.285211
metaanalysis	4266	rs228616	A	G	3.313244	3.977331	0.03192122	1.4959205186639521	positive	A	A	-0.9596290000000001	0.9596290000000001	0.9596290000000001
metaanalysis	4266	rs3130976	C	T	7.254466000000002	4.321653	0.004298399999999999	2.3666931724393625	positive	C	T	0.674358	0.674358	0.674358
metaanalysis	4266	rs209474	G	A	-5.2117900000000015	-3.87133	0.022974599999999998	1.638752041173843	positive	A	A	0.8736440000000001	-0.8736440000000001	-0.8736440000000001
metaanalysis	4266	rs7208487	G	T	7.865282	4.091739	0.01073142	1.9693428076369175	positive	G	T	0.140498	0.140498	0.140498
metaanalysis	4266	rs10491128	A	G	8.24442	3.731283	0.03530685	1.4521410275131532	positive	A	G	-0.276177	-0.276177	-0.276177
metaanalysis	4266	rs931992	G	T	13.527916	4.159935	0.008262182	2.0829052425807917	positive	G	G	0.220756	-0.220756	-0.220756
metaanalysis	4266	rs11078930	T	C	-11.031134	-3.777097	0.03073273	1.5123988594873794	positive	C	C	0.77955	-0.77955	-0.77955
metaanalysis	4266	rs12943264	C	T	5.786499	3.712788	0.03724615	1.4289186120477257	positive	C	T	-0.081068	-0.081068	-0.081068
metaanalysis	4266	rs1667337	A	G	3.58331	-4.033159	0.01328354	1.8766861721372385	negative	A	A	-1.3748	1.3748	-1.3748
metaanalysis	GCST90132223	rs931992	G	T	-4.237256	4.159935	0.005928172	2.2270792042245406	negative	T	G	0.220756	0.220756	-0.220756
metaanalysis	GCST90132223	rs13135505	A	G	3.310574	3.621317	0.04757984	1.3225770227282174	positive	A	G	-1.17953	-1.17953	-1.17953
metaanalysis	4290	rs1667337	A	G	-4.09136	-4.033159	0.0044250140000000006	2.3540853509292905	positive	G	A	-1.3748	-1.3748	-1.3748
metaanalysis	4290	rs10917130	G	T	-3.234692	-3.210283	0.04630683	1.334354948235841	positive	T	T	0.9085469999999999	-0.9085469999999999	-0.9085469999999999
metaanalysis	4290	rs7544210	G	A	-3.766306	-3.967399	0.005867525	2.2315450513094435	positive	A	G	0.126405	0.126405	0.126405
metaanalysis	4290	rs6668257	T	C	-4.035628	-3.952741000000001	0.005756165	2.2398667655411204	positive	C	C	0.0901888	-0.0901888	-0.0901888
metaanalysis	4290	rs993531	T	G	-5.661281	3.837015	0.008239446	2.0841019882096123	negative	G	G	1.2540200000000001	-1.2540200000000001	1.2540200000000001
metaanalysis	4290	rs10865420	G	A	-3.314686	3.636999	0.02534148	1.5961680249275716	negative	A	A	-0.0218075	0.0218075	-0.0218075
metaanalysis	4290	rs10932550	C	T	-3.701894	3.309339	0.03298323	1.481706816778564	negative	T	T	0.7581479999999999	-0.7581479999999999	0.7581479999999999
metaanalysis	4290	rs9855607	G	A	-3.661409	-3.270163	0.03609957	1.4424979711619164	positive	A	A	-0.206932	0.206932	0.206932
metaanalysis	4290	rs73077175	A	G	-5.302637	-3.41145	0.02585926	1.587383907240424	positive	G	G	0.0233625	-0.0233625	-0.0233625
metaanalysis	4290	rs2247510	C	A	3.200445	4.420349	0.03561776	1.4483333967826328	positive	C	A	-0.93766	-0.93766	-0.93766
metaanalysis	4290	rs1512929	C	T	3.309359	3.517884	0.02573886	1.5894106923451268	positive	C	C	0.8186359999999999	-0.8186359999999999	-0.8186359999999999
metaanalysis	4290	rs10008936	A	G	-4.6674190000000015	-3.577647	0.01704924	1.76829497568396	positive	G	G	-0.0119054	0.0119054	0.0119054
metaanalysis	4290	rs9401491	A	G	3.132772	3.29835	0.04705292	1.3274134200467695	positive	A	G	0.546617	0.546617	0.546617
metaanalysis	4290	rs10215554	T	C	-3.3229370000000005	-3.769894	0.02472485	1.606866334487907	positive	C	C	-0.303224	0.303224	0.303224
metaanalysis	4290	rs17551174	G	A	-4.27506	-4.446291	0.0009185811	3.036882494526793	positive	A	A	-0.0740304	0.0740304	0.0740304
metaanalysis	4290	rs1493829	C	A	-3.234692	-3.2601	0.04152584	1.3816815737188306	positive	A	C	0.208409	0.208409	0.208409
metaanalysis	4290	rs10779037	T	C	-3.5106980000000005	-3.4392940000000003	0.02419392	1.6162937597305616	positive	C	C	1.27354	-1.27354	-1.27354
metaanalysis	4290	rs922161	A	C	-3.895566000000001	-3.150004	0.04710173	1.3269631413709821	positive	C	C	1.57348	-1.57348	-1.57348
metaanalysis	4290	rs9536375	A	G	5.533296	3.216715	0.04068052	1.3906135043312198	positive	A	G	1.6431900000000002	1.6431900000000002	1.6431900000000002
metaanalysis	4290	rs2938134	C	A	3.400093	3.685209	0.01949925	1.7099820925926332	positive	C	A	0.9734799999999999	0.9734799999999999	0.9734799999999999
metaanalysis	4290	rs3859549	T	C	3.694518	3.867208	0.007539493	2.12265785767207	positive	T	C	0.6950810000000001	0.6950810000000001	0.6950810000000001
metaanalysis	4276	rs56319427	C	T	-3.952373	-3.888844	0.009388414	2.0274077676086835	positive	T	T	1.33311	-1.33311	-1.33311
metaanalysis	4276	rs1046310	G	T	-3.943432	-4.039748	0.007710066	2.112941904269001	positive	T	G	0.079887	0.079887	0.079887
metaanalysis	GCST90011816	rs56319427	C	T	4.251995	-3.888844	0.007169939	2.1444845391824217	negative	C	T	1.33311	1.33311	-1.33311
metaanalysis	GCST90011816	rs66766977	T	C	3.876288	-4.016165	0.007182858	2.1437027191752227	negative	T	T	0.09875419999999999	-0.09875419999999999	0.09875419999999999
metaanalysis	GCST90061440	rs3859549	T	C	-3.298361	3.867208	0.02189336	1.6596875816262837	negative	C	C	0.6950810000000001	-0.6950810000000001	0.6950810000000001
metaanalysis	GCST90061440	rs12491272	T	C	-3.481501	-3.956759	0.01389088	1.8572702404367458	positive	C	C	2.2054400000000003	-2.2054400000000003	-2.2054400000000003
metaanalysis	GCST90061440	rs11600668	A	G	3.601579	3.929563	0.01508357	1.8214958568875435	positive	A	G	-0.212144	-0.212144	-0.212144
metaanalysis	GCST90061440	rs9882735	C	T	-3.485109	-3.664319	0.03100929	1.5085081774135012	positive	T	T	2.41885	-2.41885	-2.41885
metaanalysis	GCST90061440	rs228613	C	T	-8.463262	4.009579	0.01179392	1.928341822435471	negative	T	C	-1.00263	-1.00263	1.00263
metaanalysis	GCST90061440	rs1416226	A	G	3.43835	-3.952422	0.01406576	1.851836797100693	negative	A	A	-0.00655057	0.00655057	-0.00655057
metaanalysis	GCST90061440	rs7951579	A	G	3.115438	3.819535	0.04011424	1.3967014314792576	positive	A	A	-0.060049	0.060049	0.060049
metaanalysis	GCST90061440	rs35359524	T	C	3.924845	3.746076	0.02519324	1.5987159760653693	positive	T	C	0.891884	0.891884	0.891884
metaanalysis	GCST90061440	rs2033268	A	G	-3.251504	3.640951	0.03582495	1.4458144070643024	negative	G	G	-0.593057	0.593057	-0.593057
metaanalysis	4311	rs10737462	T	C	-4.38793	-4.078072	0.00687896	2.1624772158927135	positive	C	C	0.8935639999999999	-0.8935639999999999	-0.8935639999999999
metaanalysis	4311	rs13400680	G	A	3.34477	3.732609	0.04035184	1.394136657134542	positive	G	G	0.24118	-0.24118	-0.24118
metaanalysis	4311	rs1348606	G	A	3.735505	3.590233	0.037497699999999995	1.4259953698173977	positive	G	A	-0.5362600000000001	-0.5362600000000001	-0.5362600000000001
metaanalysis	4311	rs4458695	A	G	-5.375751	-4.242475	0.003561543	2.448361807868622	positive	G	G	0.902176	-0.902176	-0.902176
metaanalysis	4311	rs9401593	A	C	3.610519	4.826217	0.01719305	1.7646470738264548	positive	A	A	0.544254	-0.544254	-0.544254
metaanalysis	4311	rs10160701	T	C	-3.632167	3.918781	0.01600722	1.7956840861627652	negative	C	C	-0.376718	0.376718	-0.376718
metaanalysis	GCST009158	rs10737462	T	C	7.513135000000001	-4.078072	0.00570561	2.243697917333081	negative	T	C	0.8935639999999999	0.8935639999999999	-0.8935639999999999
metaanalysis	GCST009158	rs59709264	G	A	4.276455	-4.143246	0.004416495	2.3549222569000374	negative	G	G	0.15066300000000002	-0.15066300000000002	0.15066300000000002
metaanalysis	GCST009158	rs6780368	T	C	3.97794	-3.643067	0.02674179	1.572809525978138	negative	T	C	-0.523997	-0.523997	0.523997
metaanalysis	4333	rs12434073	A	G	3.688504	3.725078	0.02541928	1.5948367549800997	positive	A	G	0.145522	0.145522	0.145522
metaanalysis	BCAC2020BC	rs10865958	G	A	3.694178	3.848786	0.03003335	1.5223962227337395	positive	G	G	-0.680286	0.680286	0.680286
metaanalysis	BCAC2020BC	rs7678766	G	T	-3.3016370000000004	3.843806	0.03769019	1.4237716732231578	negative	T	T	0.530758	-0.530758	0.530758
metaanalysis	BCAC2020BC	rs3130978	A	G	-3.6236	4.248264	0.01255142	1.901307137666765	negative	G	G	0.261077	-0.261077	0.261077
metaanalysis	BCAC2020BC	rs3020410	A	C	-3.264366	3.769702	0.04244852	1.3721374471641552	negative	C	A	0.352621	0.352621	-0.352621
metaanalysis	BCAC2020BC	rs34285050	G	A	-4.026403	-3.976935	0.01949518	1.710072750594187	positive	A	A	0.9467450000000001	-0.9467450000000001	-0.9467450000000001
metaanalysis	CMDKP2018AF	rs12514307	C	T	6.670441	3.907851	0.02041239	1.6901061426115145	positive	C	C	-0.0297476	0.0297476	0.0297476
metaanalysis	CMDKP2018AF	rs740076	G	A	-6.540702	-3.712942	0.03778558	1.4226739070741994	positive	A	G	-0.754415	-0.754415	-0.754415
metaanalysis	GCST003763	rs4820827	T	C	-3.924727	3.96914	0.008284968	2.0817091646677293	negative	C	C	0.811122	-0.811122	0.811122
metaanalysis	GCST008057	rs75786554	T	C	3.3151080000000004	3.418223	0.04062904	1.3911634392445507	positive	T	C	1.17819	1.17819	1.17819
metaanalysis	GCST008057	rs73183114	A	G	-3.711311	-3.889398	0.01197783	1.9216218551010213	positive	G	G	2.55937	-2.55937	-2.55937
metaanalysis	GCST008057	rs769066	C	T	-3.3212650000000004	4.892835	0.03992319	1.3987747643774844	negative	T	C	0.9604870000000001	0.9604870000000001	-0.9604870000000001
metaanalysis	GCST008057	rs1807508	T	C	-3.574445	3.930471	0.01860926	1.7302708963107345	negative	C	C	0.340173	-0.340173	0.340173
metaanalysis	GCST009541	rs3811696	C	T	3.733714	3.695808	0.021955000000000002	1.6584665585595932	positive	C	C	-0.7684	0.7684	0.7684
metaanalysis	GCST009541	rs7611991	A	G	3.916051	3.925072	0.009649567	2.0154921740893394	positive	A	A	-0.452833	0.452833	0.452833
metaanalysis	GCST009541	rs1446169	C	T	-3.502789	-3.488409	0.0432942	1.3635702809379266	positive	T	T	-0.608491	0.608491	0.608491
metaanalysis	GCST011364	rs2972147	T	C	-3.737149	-3.863819	0.01584253	1.8001754618058712	positive	C	C	1.65697	-1.65697	-1.65697
metaanalysis	GCST011364	rs695238	C	A	3.620315	3.77769	0.02131428	1.6713293333104593	positive	C	C	-0.133774	0.133774	0.133774
metaanalysis	GCST011364	rs2013208	T	C	-3.877463	-4.708874	0.008879949	2.05158952848741	positive	C	C	0.569062	-0.569062	-0.569062
metaanalysis	GCST011364	rs72638313	T	C	3.590523	3.892094	0.02299999	1.638272352806136	positive	T	C	0.49332299999999996	0.49332299999999996	0.49332299999999996
metaanalysis	GCST011364	rs2136724	T	G	-3.729667	-4.025075	0.01476233	1.8308450905968556	positive	G	G	0.19403399999999998	-0.19403399999999998	-0.19403399999999998
metaanalysis	GCST011364	rs10091619	A	G	-3.368318	3.878012000000001	0.04349774	1.361533306977008	negative	G	G	0.37266900000000003	-0.37266900000000003	0.37266900000000003
metaanalysis	GCST90011766	rs9851444	C	T	-3.252659	4.641041	0.04137552	1.3832565350479717	negative	T	T	3.14622	-3.14622	3.14622
metaanalysis	GCST90011766	rs12629607	T	C	-4.011067	8.252436999999999	0.003950014	2.403401365104686	negative	C	T	-3.15517	-3.15517	3.15517
metaanalysis	GCST90011766	rs7298744	C	T	-3.37927	-4.013642	0.02937902	1.5319626951247525	positive	T	T	-0.600188	0.600188	0.600188
metaanalysis	GCST90011766	rs324808	C	T	6.14775	-3.545514	0.03237367	1.4898080645639955	negative	C	T	0.834076	0.834076	-0.834076
metaanalysis	GCST90011766	rs1497346	T	C	-6.323886	4.2894809999999985	0.002361978	2.6267241518211906	negative	C	C	-0.8776290000000001	0.8776290000000001	-0.8776290000000001
metaanalysis	GCST90011808	rs729281	C	T	3.748614	-3.908749	0.02404853	1.618911465335885	negative	C	C	0.612063	-0.612063	0.612063
metaanalysis	GCST90011809	rs1006548	C	T	-6.048811	4.108828	0.005050145	2.2966961522187983	negative	T	T	-0.560812	0.560812	-0.560812
metaanalysis	GCST90011809	rs4785763	A	C	9.927559	-3.874765	0.01314101	1.8813712542153738	negative	A	A	0.16187	-0.16187	0.16187
metaanalysis	GCST90011820	rs17837951	T	C	3.997715	-3.874707	0.01075297	1.9684715658447343	negative	T	C	1.22243	1.22243	-1.22243
metaanalysis	GCST90011820	rs969177	T	C	3.587823	3.704905	0.027392200000000002	1.562373086055975	positive	T	T	-1.1953	1.1953	1.1953
metaanalysis	GCST90013410	rs11600668	A	G	-3.922473	3.929563	0.01673216	1.7764479911637914	negative	G	G	-0.212144	0.212144	-0.212144
metaanalysis	GCST90013410	rs1075366	C	T	4.042894	-3.933253	0.01649624	1.7826150335641087	negative	C	C	0.736781	-0.736781	0.736781
metaanalysis	GCST90129439	rs17190597	T	C	3.702305	3.580249	0.03090333	1.5099947204876576	positive	T	C	0.917542	0.917542	0.917542
metaanalysis	GCST90129442	rs62263929	T	C	-4.661617	-6.326322	0.0003677435	3.4344549948453817	positive	C	C	-0.301487	0.301487	0.301487
metaanalysis	GCST90129442	rs62261676	G	A	-3.438467	-4.037306	0.02478418	1.6058254454240046	positive	A	A	0.389777	-0.389777	-0.389777
metaanalysis	GCST90129442	rs11914525	G	A	-4.3695	-4.502123	0.001327315	2.8770259976122663	positive	A	G	-0.175119	-0.175119	-0.175119
metaanalysis	GCST90129442	rs2201718	C	T	-3.240198	-3.427299	0.04176969999999999	1.379138643930772	positive	T	C	-1.8811	-1.8811	-1.8811
metaanalysis	PGC2019AN	rs11165712	T	C	-3.528525	4.117466	0.036422199999999995	1.4386338251802042	negative	C	T	-1.26871	-1.26871	1.26871
metaanalysis	PGC2019AN	rs2271960	C	T	-3.666942	3.610132	0.02297208	1.6387996799627824	negative	T	C	0.10255399999999999	0.10255399999999999	-0.10255399999999999
metaanalysis	PGC2019AN	rs2071206	A	G	3.7924	-4.368232	0.01463593	1.8345796763025681	negative	A	G	0.0951826	0.0951826	-0.0951826
metaanalysis	PGC2019AN	rs2885078	A	C	-3.5504839999999995	3.348555	0.04906362	1.3092404119383323	negative	C	C	1.2698200000000002	-1.2698200000000002	1.2698200000000002
metaanalysis	PGC2019ASD	rs13033247	G	A	-3.371328	-3.2850620000000004	0.03708043	1.4308552382399349	positive	A	A	0.19431600000000002	-0.19431600000000002	-0.19431600000000002
metaanalysis	PGC2019ASD	rs228611	A	G	3.3990150000000003	3.29559	0.03580468	1.4460602033746608	positive	A	G	0.280723	0.280723	0.280723
metaanalysis	PGC2019ASD	rs4716324	T	C	3.699589	3.4999910000000005	0.017987299999999998	1.745034021929794	positive	T	C	-0.8744149999999999	-0.8744149999999999	-0.8744149999999999
metaanalysis	PGC2019ASD	rs9401458	T	C	3.460006	-4.103242	0.02499987	1.60206224966514	negative	T	C	0.331073	0.331073	-0.331073
metaanalysis	PGC2019ASD	rs12202969	G	A	-4.4595410000000015	4.502741	0.000619025	3.208291811169217	negative	A	G	1.0113	1.0113	-1.0113
metaanalysis	PGC2019ASD	rs9375247	G	A	-3.227408	3.356559	0.04928216	1.3073102656260371	negative	A	A	0.8353959999999999	-0.8353959999999999	0.8353959999999999
metaanalysis	PGC2019PTSD	rs11733040	A	G	3.490786	3.441146	0.04564123	1.3406426601562167	positive	A	G	-1.54695	-1.54695	-1.54695
metaanalysis	PGC2019PTSD	rs17503711	G	A	3.899572	3.611073	0.0256774	1.5904489534543766	positive	G	A	0.289243	0.289243	0.289243
metaanalysis	PGC2021ALZwoUKBB	rs4574296	A	G	3.316997	5.052958	0.04592975	1.3379059184818363	positive	A	A	-1.5046700000000002	1.5046700000000002	1.5046700000000002
metaanalysis	PGC2021ALZwoUKBB	rs7499192	T	C	-3.416838	3.68369	0.03211667	1.4932694906535193	negative	C	C	1.7256599999999997	-1.7256599999999997	1.7256599999999997
