TargetTrait	DiseaseTrait	rsid	A1	A2	Zscore_Disease	Zscore_TargetTrait	conjFDR	log10conjFDR	PleiotropySign	RiskAllele	AncestralAllele(AA)	DerivedAllele(DA)	DAF	DA_SDS	RiskAllele_SDS	RAF	FertilityIncreasing_SDS
metaanalysis	1135	rs2734335	G	A	-3.61149	3.391484	0.04759685	1.3224217883065155	negative	A	G	A	0.4687	-3.54823778271644	-3.54823778271644	0.4687	3.54823778271644
metaanalysis	1135	rs2239689	A	G	3.622053	-4.126186	0.01884588	1.7247835785528696	negative	A	G	A	0.3067	-2.74946717442733	-2.74946717442733	0.3067	2.74946717442733
metaanalysis	1135	rs1626678	A	G	3.870295	-3.390399	0.04774629	1.3210603684807487	negative	A	G	A	0.4829	-0.37798482084543295	-0.37798482084543295	0.4829	0.37798482084543295
metaanalysis	1135	rs174560	C	T	3.808368	-3.935026	0.01060602	1.9744475582582397	negative	C	C	T	0.6975	0.772545214951144	-0.772545214951144	0.3025	0.772545214951144
metaanalysis	1135	rs968567	T	C	4.17382	-4.140956	0.004054828	2.392027563212423	negative	T	C	T	0.179	0.18490270813578502	0.18490270813578502	0.179	-0.18490270813578502
metaanalysis	1135	rs4144686	A	G	3.3710720000000003	-3.477484	0.03722217	1.4291983117115832	negative	A	G	A	0.1649	0.5707654192256719	0.5707654192256719	0.1649	-0.5707654192256719
metaanalysis	GCST90014023	rs968567	T	C	-3.852883	-4.140956	0.008273726	2.0822988656810697	positive	C	C	T	0.179	0.18490270813578502	-0.18490270813578502	0.821	-0.18490270813578502
metaanalysis	GCST90014023	rs193477	T	C	-7.980461	-3.811499	0.02539887	1.5951856047848345	positive	C	T	C	0.5524	1.4655200961116999	1.4655200961116999	0.5524	1.4655200961116999
metaanalysis	GCST90014023	rs9620943	T	C	-6.262877	-3.688695	0.03696796	1.4321745144035658	positive	C	C	T	0.2628	-1.46647351339634	1.46647351339634	0.7372000000000001	1.46647351339634
metaanalysis	GCST90014023	rs2023682	G	A	-6.117383	-3.863264	0.02155324	1.666487435092412	positive	A	A	G	0.3044	-1.27215566215556	1.27215566215556	0.6956	1.27215566215556
metaanalysis	GCST90014023	rs209474	G	A	13.621358	-3.87133	0.02099454	1.6778936365130739	negative	G	A	G	0.371	-1.32844570949931	-1.32844570949931	0.371	1.32844570949931
metaanalysis	GCST90014023	rs11078930	T	C	3.943132	-3.777097	0.02817172	1.5501866367307655	negative	T	C	T	0.3781	-0.283750747859634	-0.283750747859634	0.3781	0.283750747859634
metaanalysis	GCST90014023	rs3130978	A	G	11.463552	4.248264	0.005494017	2.2601100010867765	positive	A	G	A	0.3465	3.65269264723121	3.65269264723121	0.3465	3.65269264723121
metaanalysis	GCST90014023	rs4820827	T	C	8.838836	3.96914	0.01520349	1.8180567072023635	positive	T	C	T	0.3937	0.840228013489206	0.840228013489206	0.3937	0.840228013489206
metaanalysis	GCST90014023	rs3094215	G	A	5.25292	3.72751	0.03283803	1.483622904713132	positive	G	G	A	0.4621	-2.2594276290863298	2.2594276290863298	0.5379	2.2594276290863298
metaanalysis	GCST90014023	rs211456	T	G	-5.853613	4.1467230000000015	0.008093671	2.0918544532417753	negative	G	G	T	0.3989	0.7045997526076241	-0.7045997526076241	0.6011	0.7045997526076241
metaanalysis	GCST90014023	rs11038914	T	C	3.321761	3.814683	0.02797918	1.5531650177460363	positive	T	T	C	0.8254	0.0781136161065775	-0.0781136161065775	0.17459999999999998	-0.0781136161065775
metaanalysis	GCST90014023	rs4924500	G	A	-3.174184	-3.970593	0.04455536	1.3511000429537199	positive	A	A	G	0.1543	0.9553527107536371	-0.9553527107536371	0.8457	-0.9553527107536371
metaanalysis	PGC2019MDD	rs4144686	A	G	-3.324619	-3.477484	0.03231899	1.4905422198120732	positive	G	G	A	0.1649	0.5707654192256719	-0.5707654192256719	0.8351	-0.5707654192256719
metaanalysis	PGC2019MDD	rs16841842	A	C	-4.626635	-3.580435	0.02313899	1.635655601607246	positive	C	C	A	0.2038	-1.62834742817069	1.62834742817069	0.7962	1.62834742817069
metaanalysis	PGC2019MDD	rs3130976	C	T	-3.182409	4.321653	0.04487402	1.348005022831221	negative	T	T	C	0.2875	4.34197710960922	-4.34197710960922	0.7125	4.34197710960922
metaanalysis	PGC2019MDD	rs324808	C	T	-3.969648	-3.545514	0.02555628	1.5925023622917844	positive	T	T	C	0.4433	0.4035133796546289	-0.4035133796546289	0.5567	-0.4035133796546289
metaanalysis	PGC2019MDD	rs74547540	A	G	3.720608	-3.418015	0.03625148	1.4406742582595395	negative	A	A	G	0.91299	1.68137055845454	-1.68137055845454	0.08701000000000003	1.68137055845454
metaanalysis	PGC2019MDD	rs10206997	A	G	-3.562759	4.253345	0.01739444	1.759589548452737	negative	G	A	G	0.5038	-0.12307820330360199	-0.12307820330360199	0.5038	0.12307820330360199
metaanalysis	PGC2019MDD	rs1484663	T	C	3.416996	-3.611387	0.02562308	1.591368667463819	negative	T	T	C	0.6793	0.566695592026133	-0.566695592026133	0.3207	0.566695592026133
metaanalysis	PGC2019MDD	rs9880742	C	T	-3.334976	3.477933	0.03150738	1.5015877091348029	negative	T	T	C	0.07121	0.914173029145581	-0.914173029145581	0.92879	0.914173029145581
metaanalysis	PGC2019MDD	rs6766743	C	T	4.729883	3.345278	0.04372086	1.3593113039597304	positive	C	T	C	0.2812	-0.761189350389532	-0.761189350389532	0.2812	-0.761189350389532
metaanalysis	PGC2019MDD	rs11726962	C	T	3.343279	3.294608	0.04945378	1.305800507496511	positive	C	T	C	0.06072	-0.668987408477377	-0.668987408477377	0.06072	-0.668987408477377
metaanalysis	PGC2019MDD	rs1422679	C	T	-4.526171	-4.139558999999998	0.003240375	2.489404727137015	positive	T	T	C	0.3812	-1.03857284604182	1.03857284604182	0.6188	1.03857284604182
metaanalysis	PGC2019MDD	rs35245192	G	A	-3.774394	-3.4344120000000005	0.03479049	1.458539454471798	positive	A	G	A	0.7235	0.0392390963091122	0.0392390963091122	0.7235	0.0392390963091122
metaanalysis	PGC2019MDD	rs3130975	T	C	-3.434273	3.953339	0.02455728	1.6098197379546713	negative	C	C	T	0.3424	3.73700611033912	-3.73700611033912	0.6576	3.73700611033912
metaanalysis	PGC2019MDD	rs9479138	T	G	3.365963	6.753463000000001	0.02917694	1.5349602577064498	positive	T	T	G	0.6291	-0.8039462757431128	0.8039462757431128	0.3709	0.8039462757431128
metaanalysis	PGC2019MDD	rs1527743	A	G	3.369489	-3.5627190000000004	0.02893289	1.538608184106376	negative	A	A	G	0.5613	-1.22589090981484	1.22589090981484	0.4387	-1.22589090981484
metaanalysis	PGC2019MDD	rs3896224	G	A	-4.9862410000000015	-3.343713	0.04389904	1.3575449769620085	positive	A	A	G	0.4003	-3.2323645165433996	3.2323645165433996	0.5997	3.2323645165433996
metaanalysis	PGC2019MDD	rs962908	T	C	3.594875	3.662027	0.01801887	1.7442724479935974	positive	T	C	T	0.27899999999999997	2.1942206306889998	2.1942206306889998	0.27899999999999997	2.1942206306889998
metaanalysis	PGC2019MDD	rs1606183	G	A	-3.424529	-3.361752	0.04193849	1.3773872104103346	positive	A	A	G	0.369	-0.37258929086699205	0.37258929086699205	0.631	0.37258929086699205
metaanalysis	PGC2019MDD	rs1497343	T	C	3.812663	4.124383	0.008193986	2.0865047824048366	positive	T	C	T	0.4236	-0.0862581304961604	-0.0862581304961604	0.4236	-0.0862581304961604
metaanalysis	PGC2019MDD	rs6561712	T	C	3.422347	3.478705	0.03081331	1.5112616467813191	positive	T	C	T	0.4469	0.228154822314013	0.228154822314013	0.4469	0.228154822314013
metaanalysis	PGC2019MDD	rs1323986	A	G	3.305164	3.4293980000000004	0.03523794	1.4529894882504155	positive	A	G	A	0.2271	0.352170009697142	0.352170009697142	0.2271	0.352170009697142
metaanalysis	PGC2019MDD	rs9961847	G	A	4.4000900000000005	3.4693910000000003	0.03165333	1.4995805945075953	positive	G	G	A	0.6538	0.5142111871420549	-0.5142111871420549	0.34619999999999995	-0.5142111871420549
metaanalysis	2029	rs16841842	A	C	6.298374	-3.580435	0.03987355	1.3993150967485208	negative	A	C	A	0.2038	-1.62834742817069	-1.62834742817069	0.2038	1.62834742817069
metaanalysis	2029	rs7061	C	T	-4.320264	4.4781830000000005	0.001712343	2.7664092372716684	negative	T	T	C	0.4463	-0.313070993192078	0.313070993192078	0.5537000000000001	-0.313070993192078
metaanalysis	2029	rs61876897	G	A	3.265817	-3.691233	0.03001182	1.522707666954685	negative	G	A	G	0.1055	-1.53542145000171	-1.53542145000171	0.1055	1.53542145000171
metaanalysis	2029	rs12892609	T	G	3.529806	3.535278	0.04513624	1.3454746219367029	positive	T	G	T	0.3859	1.8603024944324398	1.8603024944324398	0.3859	1.8603024944324398
metaanalysis	2029	rs9646419	A	G	-3.0483130000000003	3.894442	0.04990936	1.3018179991631404	negative	G	G	A	0.1588	-2.14155123692548	2.14155123692548	0.8412	-2.14155123692548
metaanalysis	2029	rs1877031	G	A	-3.591839	4.138776	0.009000855	2.045716234544524	negative	A	G	A	0.6587	1.19934801871323	1.19934801871323	0.6587	-1.19934801871323
metaanalysis	2029	rs193477	T	C	4.436662	-3.811499	0.02007602	1.6973223803397859	negative	T	T	C	0.5524	1.4655200961116999	-1.4655200961116999	0.4476	1.4655200961116999
metaanalysis	2029	rs9620943	T	C	3.971431	-3.688695	0.029182299999999998	1.5348804822182993	negative	T	C	T	0.2628	-1.46647351339634	-1.46647351339634	0.2628	1.46647351339634
metaanalysis	4307	rs7061	C	T	4.852047	4.4781830000000005	0.0008319557	3.079899798418128	positive	C	T	C	0.4463	-0.313070993192078	-0.313070993192078	0.4463	-0.313070993192078
metaanalysis	4307	rs66766977	T	C	-3.314257	-4.016165	0.04442851	1.3523382514593045	positive	C	T	C	0.5311	0.44957856706023797	0.44957856706023797	0.5311	0.44957856706023797
metaanalysis	4307	rs6761233	A	G	3.3978900000000003	3.665473	0.03474158	1.459150434315006	positive	A	A	G	0.5546	-1.0966068873900898	1.0966068873900898	0.4454	1.0966068873900898
metaanalysis	4085	rs1877031	G	A	3.5824300000000004	4.138776	0.02297479	1.6387484495722324	positive	G	G	A	0.6587	1.19934801871323	-1.19934801871323	0.34130000000000005	-1.19934801871323
metaanalysis	4085	rs9472138	T	C	5.903649	3.936364	0.02677567	1.5722596531324344	positive	T	C	T	0.2825	-0.0583116873572882	-0.0583116873572882	0.2825	-0.0583116873572882
metaanalysis	4085	rs2943657	C	T	-11.796066	-3.896368	0.03093962	1.5094850246029272	positive	T	T	C	0.3657	-1.10685736729903	1.10685736729903	0.6343	1.10685736729903
metaanalysis	2030	rs7632056	A	G	-3.45792	6.403816	0.01937876	1.7126740158500964	negative	G	A	G	0.6351	0.20751785940844603	0.20751785940844603	0.6351	-0.20751785940844603
metaanalysis	2030	rs13082188	C	T	-3.900108	4.091739	0.005690655	2.244837743004922	negative	T	T	C	0.2488	0.23158352303180899	-0.23158352303180899	0.7512	0.23158352303180899
metaanalysis	2030	rs228614	A	G	-3.45097	3.772208	0.01982648	1.7027543837408747	negative	G	A	G	0.5299	-0.6696781776152491	-0.6696781776152491	0.5299	0.6696781776152491
metaanalysis	2030	rs1520933	C	T	3.831318	3.904455000000001	0.01120105	1.9507412641305413	positive	C	T	C	0.1185	1.026515903678	1.026515903678	0.1185	1.026515903678
metaanalysis	2030	rs16930838	C	T	3.502816	4.608901	0.01673628	1.7763410669525357	positive	C	T	C	0.09717999999999999	0.437142718770429	0.437142718770429	0.09717999999999999	0.437142718770429
metaanalysis	2030	rs9303274	T	C	-3.497234	3.5805290000000003	0.03132682	1.5040836883147812	negative	C	T	C	0.6628	1.24730219813628	1.24730219813628	0.6628	-1.24730219813628
metaanalysis	2030	rs2023682	G	A	3.5913	-3.863264	0.01290851	1.8891238844665905	negative	G	A	G	0.3044	-1.27215566215556	-1.27215566215556	0.3044	1.27215566215556
metaanalysis	2	rs228617	T	C	-3.995189	-3.895261	0.007064981999999998	2.1508889402995885	positive	C	C	T	0.5033	-0.380979766713354	0.380979766713354	0.49670000000000003	0.380979766713354
metaanalysis	2	rs664366	A	G	-4.05267	-3.569721	0.02106764	1.676384111396258	positive	G	G	A	0.284	1.2627210918498502	-1.2627210918498502	0.716	-1.2627210918498502
metaanalysis	2	rs4518438	T	C	-3.834366	-3.752096	0.01172791	1.9307793754667046	positive	C	C	T	0.4834	-0.513423879772067	0.513423879772067	0.5166	0.513423879772067
metaanalysis	2	rs12246611	A	G	-3.903661	-3.261426	0.04997557	1.3012422438042834	positive	G	A	G	0.7559	0.51374079800829	0.51374079800829	0.7559	0.51374079800829
metaanalysis	GCST010003	rs664366	A	G	3.314564	-3.569721	0.04569607	1.3401211489609108	negative	A	G	A	0.284	1.2627210918498502	1.2627210918498502	0.284	-1.2627210918498502
metaanalysis	GCST010003	rs4518438	T	C	3.707065	-3.752096	0.02730925	1.563690226822334	negative	T	C	T	0.4834	-0.513423879772067	-0.513423879772067	0.4834	0.513423879772067
metaanalysis	GCST010003	rs9369425	G	A	3.029982	3.846413	0.02564912	1.5909275305794601	positive	G	G	A	0.7122	-0.154634779251729	0.154634779251729	0.28779999999999994	0.154634779251729
metaanalysis	GCST010003	rs174556	T	C	3.757898	-4.2196989999999985	0.005829385	2.2343772608833405	negative	T	C	T	0.2964	-0.935462518328149	-0.935462518328149	0.2964	0.935462518328149
metaanalysis	GCST010003	rs11713193	A	G	-6.115006	4.828864	0.0004562679	3.340780084247832	negative	G	A	G	0.4793	-1.2380290237023	-1.2380290237023	0.4793	1.2380290237023
metaanalysis	GCST010003	rs2071293	A	G	-3.770149	-4.287481	0.004534334	2.343486492807989	positive	G	G	A	0.2987	-2.2778038662413302	2.2778038662413302	0.7013	2.2778038662413302
metaanalysis	GCST010003	rs12943264	C	T	-6.629975999999999	3.712788	0.03056783	1.5147353905992609	negative	T	T	C	0.4651	-1.3786537265245402	1.3786537265245402	0.5348999999999999	-1.3786537265245402
metaanalysis	GCST010003	rs4458695	A	G	4.280305	-4.242475	0.005371476	2.2699063603756535	negative	A	G	A	0.3873	0.597511207520418	0.597511207520418	0.3873	-0.597511207520418
metaanalysis	GCST010003	rs858943	T	C	-4.10677	3.5731550000000003	0.0452738	1.3441530520086011	negative	C	T	C	0.6266	0.161776446411588	0.161776446411588	0.6266	-0.161776446411588
metaanalysis	GCST010003	rs7615640	A	C	3.277474	-3.99252	0.01356591	1.8675510684911814	negative	A	C	A	0.2548	-0.00274756766233716	-0.00274756766233716	0.2548	0.00274756766233716
metaanalysis	GCST010003	rs6793391	T	G	3.874821	-3.799796	0.02369534	1.625337055309612	negative	T	G	T	0.2232	-0.445442262096991	-0.445442262096991	0.2232	0.445442262096991
metaanalysis	GCST010003	rs12491272	T	C	4.217175	-3.956759	0.01450405	1.8385107117609574	negative	T	C	T	0.2125	0.0252004912152219	0.0252004912152219	0.2125	-0.0252004912152219
metaanalysis	GCST010003	rs2624826	T	G	-3.633546	4.42047	0.004744038	2.3238518409076603	negative	G	G	T	0.4469	-0.567663059559487	0.567663059559487	0.5530999999999999	-0.567663059559487
metaanalysis	GCST010003	rs9841488	C	T	-3.635473	4.045821	0.01079457	1.966794653037641	negative	T	C	T	0.8131	0.789143357179081	0.789143357179081	0.8131	-0.789143357179081
metaanalysis	GCST010003	rs9849917	C	T	-3.347493	4.048234	0.01116272	1.9522299687444282	negative	T	T	C	0.1052	0.346049612980534	-0.346049612980534	0.8948	0.346049612980534
metaanalysis	GCST010003	rs17515586	A	G	-6.423592	7.8489179999999985	4.181079e-08	7.378711626532356	negative	G	A	G	0.6264	0.0680780453009627	0.0680780453009627	0.6264	-0.0680780453009627
metaanalysis	GCST010003	rs62253963	A	G	3.967533	-6.213342	0.001542081	2.8118928137499553	negative	A	G	A	0.3518	0.5571297583329929	0.5571297583329929	0.3518	-0.5571297583329929
metaanalysis	GCST010003	rs11713902	T	C	-4.510839	4.812007	0.0004929045	3.30723721691071	negative	C	C	T	0.2252	0.0267273743177711	-0.0267273743177711	0.7747999999999999	0.0267273743177711
metaanalysis	GCST010003	rs17460569	G	A	-2.805093	5.067794	0.04364519	1.3600636115589249	negative	A	A	G	0.0989	0.5864119210835761	-0.5864119210835761	0.9011	0.5864119210835761
metaanalysis	GCST010003	rs1375563	C	T	-3.4973410000000005	5.304378	0.007223573	2.14124793396042	negative	T	T	C	0.1164	-0.8631978976807141	0.8631978976807141	0.8835999999999999	-0.8631978976807141
metaanalysis	GCST010003	rs4507269	A	G	3.05947	-4.434830000000002	0.02390522	1.6215072551329537	negative	A	G	A	0.2108	0.5432703588109621	0.5432703588109621	0.2108	-0.5432703588109621
metaanalysis	GCST010003	rs2137493	A	G	-3.204445	4.299585	0.01651079	1.7822321463354796	negative	G	A	G	0.8764	0.998197777856516	0.998197777856516	0.8764	-0.998197777856516
metaanalysis	GCST010003	rs13099202	T	C	-2.913701	4.117545	0.03399041	1.468643596827247	negative	C	T	C	0.598	0.153717909893275	0.153717909893275	0.598	-0.153717909893275
metaanalysis	GCST010003	rs10212461	C	T	-3.234155	4.995076	0.01523686	1.8171045228374323	negative	T	T	C	0.1083	-0.246476638399473	0.246476638399473	0.8917	-0.246476638399473
metaanalysis	GCST010003	rs6764500	T	C	-3.023796	4.201929	0.02601313	1.5848073886751592	negative	C	T	C	0.7282	-1.05978858360253	-1.05978858360253	0.7282	1.05978858360253
metaanalysis	GCST010003	rs9853248	C	A	-3.4739480000000005	3.5557230000000004	0.04741391	1.32409422900069	negative	A	A	C	0.3119	1.27532478280727	-1.27532478280727	0.6880999999999999	1.27532478280727
metaanalysis	GCST010003	rs13103903	A	G	-3.053699	4.251639	0.02424767	1.6153299871548792	negative	G	G	A	0.4814	-0.6774130745135699	0.6774130745135699	0.5186	-0.6774130745135699
metaanalysis	GCST010003	rs9291547	G	A	3.411567	-3.692939	0.03242369	1.4891375614972104	negative	G	G	A	0.5199	1.28106825854776	-1.28106825854776	0.48009999999999997	1.28106825854776
metaanalysis	GCST010003	rs1374658	C	T	3.113827	-4.303293	0.02085873	1.6807121374618643	negative	C	C	T	0.5113	-0.27108093869510896	0.27108093869510896	0.4887	-0.27108093869510896
metaanalysis	GCST010003	rs7665764	G	A	3.131543	3.653787	0.03983285	1.399758619149475	positive	G	G	A	0.5197	-2.19628583890733	2.19628583890733	0.48029999999999995	2.19628583890733
metaanalysis	GCST010003	rs9375188	C	T	-5.738474	4.827039	0.0004602398	3.3370158277078206	negative	T	C	T	0.4704	-0.48429527918138	-0.48429527918138	0.4704	0.48429527918138
metaanalysis	GCST010003	rs9401770	A	G	2.998455	-3.758259	0.03267595	1.4857717771595005	negative	A	G	A	0.2584	-1.31055816474911	-1.31055816474911	0.2584	1.31055816474911
metaanalysis	GCST010003	rs11761422	A	C	2.97254	-3.659377	0.04326865	1.3638266547596034	negative	A	C	A	0.3956	-0.434303726298989	-0.434303726298989	0.3956	0.434303726298989
metaanalysis	GCST010003	rs7460521	T	C	3.055317	3.844552	0.02458952	1.609249948828828	positive	T	C	T	0.4241	1.41476262029218	1.41476262029218	0.4241	1.41476262029218
metaanalysis	GCST010003	rs17581567	T	G	-3.037142	4.206302	0.02522701	1.5981342206457945	negative	G	G	T	0.2055	-0.386181674259269	0.386181674259269	0.7945	-0.386181674259269
metaanalysis	GCST010003	rs4917923	T	C	3.986573	-4.261631	0.004984612	2.3023686413276585	negative	T	C	T	0.2729	-1.5485470871314901	-1.5485470871314901	0.2729	1.5485470871314901
metaanalysis	GCST010003	rs2451464	T	C	-2.822196	3.737302	0.04204795	1.3762551728836772	negative	C	C	T	0.2767	2.14825950439566	-2.14825950439566	0.7233	2.14825950439566
metaanalysis	GCST010003	rs9524027	G	T	4.403892	3.967272	0.01403371	1.8528275022051686	positive	G	T	G	0.3236	0.204931787639144	0.204931787639144	0.3236	0.204931787639144
metaanalysis	GCST010003	rs1359200	A	G	3.2985230000000003	3.851949	0.02021273	1.6943750252345826	positive	A	A	G	0.5515	-0.519772733404525	0.519772733404525	0.4485	0.519772733404525
metaanalysis	GCST010003	rs1995171	T	G	3.291053	-3.541115	0.04920466	1.307993764784498	negative	T	T	G	0.6848	0.17572174358005	-0.17572174358005	0.31520000000000004	0.17572174358005
metaanalysis	GCST010003	rs17631303	G	A	-4.762084	4.942925	0.0002645392	3.577509964149491	negative	A	A	G	0.195	-1.01603023211883	1.01603023211883	0.8049999999999999	-1.01603023211883
metaanalysis	GCST010003	rs199504	C	T	-5.132574	4.6188970000000005	0.001171509	2.9312543706305494	negative	T	T	C	0.2264	-1.05895668505396	1.05895668505396	0.7736000000000001	-1.05895668505396
metaanalysis	GCST010003	rs1644679	T	G	2.807426	-3.750845	0.04340993	1.362410914475473	negative	T	G	T	0.456	0.525011884656285	0.525011884656285	0.456	-0.525011884656285
metaanalysis	GCST010003	rs6081353	G	A	3.058369	-3.586099	0.04983475	1.3024677160704985	negative	G	A	G	0.3477	-1.3940467415828002	-1.3940467415828002	0.3477	1.3940467415828002
metaanalysis	3437	rs3130552	A	G	-3.852655	4.059811	0.01118474	1.9513741070414428	negative	G	G	A	0.3567	3.3281262506201297	-3.3281262506201297	0.6433	3.3281262506201297
metaanalysis	3437	rs194682	T	C	-4.253846	-3.803491	0.02062164	1.6856767990608483	positive	C	C	T	0.3099	-0.5856223047785238	0.5856223047785238	0.6900999999999999	0.5856223047785238
metaanalysis	3437	rs4794036	A	G	3.5038440000000004	3.588687	0.04284693	1.3680802900027078	positive	A	G	A	0.4673	-1.27551412853498	-1.27551412853498	0.4673	-1.27551412853498
metaanalysis	3437	rs6063071	C	A	3.52325	3.692797	0.03536344	1.4514454953458473	positive	C	A	C	0.4419	-2.7303025070402303	-2.7303025070402303	0.4419	-2.7303025070402303
metaanalysis	GCST009131	rs3130552	A	G	3.456456	4.059811	0.04723763	1.3257118998760942	positive	A	G	A	0.3567	3.3281262506201297	3.3281262506201297	0.3567	3.3281262506201297
metaanalysis	GCST009131	rs10491128	A	G	-3.719793	3.731283	0.02435993	1.6133239640136046	negative	G	G	A	0.2579	-2.59085585272302	2.59085585272302	0.7421	-2.59085585272302
metaanalysis	GCST009131	rs413967	A	G	-4.272972	3.990883	0.008663989	2.062282107772664	negative	G	G	A	0.4626	0.516992948835055	-0.516992948835055	0.5374	0.516992948835055
metaanalysis	GCST009131	rs1042146	G	A	3.56251	3.705204	0.03249801	1.4881432320204884	positive	G	G	A	0.46399999999999997	-2.19855265556804	2.19855265556804	0.536	2.19855265556804
metaanalysis	GCST009131	rs209475	A	G	3.472915	-3.732941	0.04452878	1.3513592035107291	negative	A	G	A	0.3122	-0.48293663986649604	-0.48293663986649604	0.3122	0.48293663986649604
metaanalysis	3666	rs174549	A	G	-4.024215	-4.112758	0.00477215	2.321285913880896	positive	G	A	G	0.7027	0.583241069937958	0.583241069937958	0.7027	0.583241069937958
metaanalysis	3670	rs13099794	T	C	3.4962800000000005	4.353685	0.04543009	1.3426564028185535	positive	T	C	T	0.1252	-1.33466350010565	-1.33466350010565	0.1252	-1.33466350010565
metaanalysis	3670	rs60279733	C	T	3.614631	4.446393	0.02994705	1.5236459523004366	positive	C	T	C	0.1067	-0.39447106778507396	-0.39447106778507396	0.1067	-0.39447106778507396
metaanalysis	3671	rs2291487	T	C	-3.553629	3.748715	0.03054165	1.5151075040661672	negative	C	C	T	0.1725	0.0954748731350731	-0.0954748731350731	0.8275	0.0954748731350731
metaanalysis	3671	rs174559	A	G	-3.403361	-3.818139	0.04786485	1.319983297751004	positive	G	G	A	0.2687	-0.974546991249702	0.974546991249702	0.7313000000000001	0.974546991249702
metaanalysis	3671	rs110402	A	G	-4.089157	-3.416205	0.04309233	1.3656000229971397	positive	G	G	A	0.4332	0.977299262054245	-0.977299262054245	0.5668	-0.977299262054245
metaanalysis	3671	rs74998289	G	T	3.684009	3.687016	0.02030477	1.6924019255680132	positive	G	G	T	0.7706	0.27074581079649696	-0.27074581079649696	0.22940000000000005	-0.27074581079649696
metaanalysis	PGC2019ALCUSE	rs110402	A	G	3.596464	-3.416205	0.01833073	1.7368202394208203	negative	A	G	A	0.4332	0.977299262054245	0.977299262054245	0.4332	-0.977299262054245
metaanalysis	PGC2019ALCUSE	rs4823070	A	G	3.121841	-3.664319	0.04216249	1.3750737488076714	negative	A	G	A	0.2549	-1.79957549146043	-1.79957549146043	0.2549	1.79957549146043
metaanalysis	PGC2019ALCUSE	rs7208487	G	T	-3.814026	4.091739	0.004088491	2.388436953923772	negative	T	T	G	0.1584	-2.56124486781369	2.56124486781369	0.8416	-2.56124486781369
metaanalysis	PGC2019ALCUSE	rs9851444	C	T	4.025066000000002	4.641041	0.001842154	2.7346740665633997	positive	C	T	C	0.2318	0.0128448618751691	0.0128448618751691	0.2318	0.0128448618751691
metaanalysis	PGC2019ALCUSE	rs12151653	T	C	-3.38457	-3.175913	0.03679071	1.434261830921066	positive	C	C	T	0.2861	1.7339480203457498	-1.7339480203457498	0.7139	-1.7339480203457498
metaanalysis	PGC2019ALCUSE	rs6435568	A	G	3.968087	-4.148979	0.002291761	2.639830675445168	negative	A	A	G	0.5662	0.8119168105438229	-0.8119168105438229	0.43379999999999996	0.8119168105438229
metaanalysis	PGC2019ALCUSE	rs2370948	C	T	-3.660047	3.790265	0.007128209	2.1470195752147214	negative	T	T	C	0.4804	0.636067259164391	-0.636067259164391	0.5196000000000001	0.636067259164391
metaanalysis	PGC2019ALCUSE	rs2887913	C	A	4.515442	-3.843088	0.004901667	2.3096561963427784	negative	C	A	C	0.3826	-1.2735029213061202	-1.2735029213061202	0.3826	1.2735029213061202
metaanalysis	PGC2019ALCUSE	rs2325026	G	T	-3.44596	-3.280613	0.02734694	1.563091262217685	positive	T	T	G	0.4219	-0.830516781229841	0.830516781229841	0.5781000000000001	0.830516781229841
metaanalysis	PGC2019ALCUSE	rs2866409	G	T	3.868336	-3.4658010000000004	0.01583479	1.8003876918402821	negative	G	T	G	0.5161	-1.1655452450121397	-1.1655452450121397	0.5161	1.1655452450121397
metaanalysis	PGC2019ALCUSE	rs190438	C	T	3.5049650000000003	-3.522677	0.0133289	1.8752056903192404	negative	C	T	C	0.285	1.30004447634285	1.30004447634285	0.285	-1.30004447634285
metaanalysis	PGC2019ALCUSE	rs216057	C	T	3.245746	-3.373224	0.02890817	1.5389793999950987	negative	C	C	T	0.5305	0.272692699856105	-0.272692699856105	0.46950000000000003	0.272692699856105
metaanalysis	PGC2019ALCUSE	rs4339469	T	G	4.076206	-3.800877	0.005613201	2.2507894060917604	negative	T	G	T	0.37	0.37406495160484704	0.37406495160484704	0.37	-0.37406495160484704
metaanalysis	PGC2019ALCUSE	rs9398724	A	G	3.151376	-3.565092	0.03850784	1.4144508413458465	negative	A	G	A	0.2706	-1.22712561058677	-1.22712561058677	0.2706	1.22712561058677
metaanalysis	PGC2019ALCUSE	rs11039165	G	A	4.044034	-3.446664	0.01679464	1.7748293010029745	negative	G	A	G	0.2732	-1.6389373021750502	-1.6389373021750502	0.2732	1.6389373021750502
metaanalysis	PGC2019ALCUSE	rs9806441	G	A	-3.171047	3.217757	0.04295349	1.3670015436798904	negative	A	A	G	0.1643	-0.8953504042782009	0.8953504042782009	0.8357	-0.8953504042782009
metaanalysis	PGC2019ALCUSE	rs17177078	T	C	-4.069707	-3.34677	0.02255379	1.6467804676316293	positive	C	C	T	0.05462	-1.83903482462797	1.83903482462797	0.94538	1.83903482462797
metaanalysis	PGC2019ALCUSE	rs7187776	G	A	-3.410791	-3.4584550000000003	0.01692823	1.7713884489447511	positive	A	G	A	0.5944	-0.806320085069838	-0.806320085069838	0.5944	-0.806320085069838
metaanalysis	PGC2019ALCUSE	rs854772	G	A	-3.503433	3.405431	0.01897591	1.7217973881069393	negative	A	G	A	0.626	0.984825922592034	0.984825922592034	0.626	-0.984825922592034
metaanalysis	3675	rs3910952	C	T	3.548422	-3.520945	0.04358048	1.3607079906982236	negative	C	C	T	0.5512	0.123612453871916	-0.123612453871916	0.4488	0.123612453871916
metaanalysis	3685	rs4624519	T	C	-3.483418	-3.833613	0.02128473	1.671931854542698	positive	C	C	T	0.3592	-0.0577105984538105	0.0577105984538105	0.6408	0.0577105984538105
metaanalysis	3685	rs9985296	T	C	4.161208	3.702379	0.02555248	1.5925669429638365	positive	T	C	T	0.3754	-0.6391820307066101	-0.6391820307066101	0.3754	-0.6391820307066101
metaanalysis	3685	rs9369425	G	A	-3.494931	3.846413	0.02054421	1.6873105542919713	negative	A	G	A	0.7122	-0.154634779251729	-0.154634779251729	0.7122	0.154634779251729
metaanalysis	3685	rs174556	T	C	-4.601189	-4.2196989999999985	0.004366509	2.3598656403615004	positive	C	C	T	0.2964	-0.935462518328149	0.935462518328149	0.7036	0.935462518328149
metaanalysis	3685	rs4823070	A	G	-3.239595	-3.664319	0.04556375	1.3413805397007865	positive	G	G	A	0.2549	-1.79957549146043	1.79957549146043	0.7451	1.79957549146043
metaanalysis	PGC2022SCZ	rs4624519	T	C	5.067583	-3.833613	0.01313442	1.8815891003701848	negative	T	C	T	0.3592	-0.0577105984538105	-0.0577105984538105	0.3592	0.0577105984538105
metaanalysis	PGC2022SCZ	rs11634320	A	C	-4.908457	-3.752275	0.01665404	1.7784803965794616	positive	C	A	C	0.7346	0.30206474878184403	0.30206474878184403	0.7346	0.30206474878184403
metaanalysis	PGC2022SCZ	rs10160701	T	C	5.807677	3.918781	0.01020559	1.991161883026543	positive	T	C	T	0.1754	-0.172139762495328	-0.172139762495328	0.1754	-0.172139762495328
metaanalysis	PGC2022SCZ	rs740076	G	A	3.554571	-3.712942	0.01856735	1.7312500759318439	negative	G	G	A	0.5601	0.95611506824863	-0.95611506824863	0.43989999999999996	0.95611506824863
metaanalysis	PGC2022SCZ	rs3748848	G	A	3.627151	4.465184	0.008104386	2.0912798823469636	positive	G	G	A	0.6978	0.737344044991225	-0.737344044991225	0.3022	-0.737344044991225
metaanalysis	PGC2022SCZ	rs1396724	C	T	3.687842	-3.411197	0.040971499999999994	1.3875181358809363	negative	C	T	C	0.3009	-0.132632740294711	-0.132632740294711	0.3009	0.132632740294711
metaanalysis	PGC2022SCZ	rs6741380	A	G	4.689842	3.5871510000000004	0.026167799999999998	1.5822327881748934	positive	A	A	G	0.6372	-0.025848017554711	0.025848017554711	0.3628	0.025848017554711
metaanalysis	PGC2022SCZ	rs4072458	T	C	-3.762568	3.3306480000000005	0.04978131	1.3029336790756465	negative	C	T	C	0.5401	0.5610804829007521	0.5610804829007521	0.5401	-0.5610804829007521
metaanalysis	PGC2022SCZ	rs6765484	T	C	3.4525010000000003	-4.6794720000000005	0.01391889	1.8563953973473155	negative	T	C	T	0.4657	-0.903481076090332	-0.903481076090332	0.4657	0.903481076090332
metaanalysis	PGC2022SCZ	rs62282542	G	A	-3.930484	-3.973874	0.008598081	2.065598467838768	positive	A	A	G	0.0975	0.8174162680037109	-0.8174162680037109	0.9025	-0.8174162680037109
metaanalysis	PGC2022SCZ	rs13108018	C	A	-3.662752	-4.1142379999999985	0.007212618	2.1419070686258608	positive	A	C	A	0.5188	-0.336588951825337	-0.336588951825337	0.5188	-0.336588951825337
metaanalysis	PGC2022SCZ	rs2071295	T	C	3.83912	-4.194967	0.004077288	2.389628610992466	negative	T	C	T	0.3064	-2.7961920450303195	-2.7961920450303195	0.3064	2.7961920450303195
metaanalysis	PGC2022SCZ	rs3106189	T	C	3.503885	-3.376344	0.04464942	1.3501841782633528	negative	T	C	T	0.4977	0.194191838562053	0.194191838562053	0.4977	-0.194191838562053
metaanalysis	PGC2022SCZ	rs10251192	C	T	3.354325	-3.610446	0.02457348	1.6095333360809039	negative	C	C	T	0.5612	-1.0686616561700002	1.0686616561700002	0.43879999999999997	-1.0686616561700002
metaanalysis	PGC2022SCZ	rs12535499	C	T	3.062608	-3.637461	0.04272207	1.3693477127258027	negative	C	C	T	0.7066	-0.9578835868622441	0.9578835868622441	0.2934	-0.9578835868622441
metaanalysis	PGC2022SCZ	rs902300	A	G	3.74122	3.773178	0.01565779	1.8052695359266118	positive	A	G	A	0.2765	2.38878939866411	2.38878939866411	0.2765	2.38878939866411
metaanalysis	PGC2022SCZ	rs6485690	A	G	3.563026	4.413922	0.009904849	2.004152140919643	positive	A	A	G	0.6598	-1.37568596546431	1.37568596546431	0.34019999999999995	1.37568596546431
metaanalysis	PGC2022SCZ	rs952408	A	G	-3.407689	-3.639084	0.02278139	1.6424197810947976	positive	G	A	G	0.6534	0.17810941528647103	0.17810941528647103	0.6534	0.17810941528647103
metaanalysis	PGC2022SCZ	rs2292463	A	G	-3.689246	-3.590621	0.02591766	1.586404211712045	positive	G	A	G	0.5526	0.47146891020232795	0.47146891020232795	0.5526	0.47146891020232795
metaanalysis	PGC2022SCZ	rs9972882	A	C	3.3256339999999995	3.498257	0.03298785	1.4816459888973266	positive	A	C	A	0.2613	-2.0333631346950702	-2.0333631346950702	0.2613	-2.0333631346950702
metaanalysis	PGC2022SCZ	rs17763086	G	T	-4.528491000000002	4.814333	0.00033704760000000003	3.4723087609757686	negative	T	T	G	0.2385	-0.305999501998879	0.305999501998879	0.7615000000000001	-0.305999501998879
metaanalysis	PGC2022SCZ	rs34603418	T	C	-4.681132	-3.504551	0.03247341	1.4884721041542774	positive	C	C	T	0.16899999999999998	0.578666169127795	-0.578666169127795	0.831	-0.578666169127795
metaanalysis	4039	rs9985296	T	C	-4.675929	3.702379	0.01428148	1.8452267839794914	negative	C	C	T	0.3754	-0.6391820307066101	0.6391820307066101	0.6246	-0.6391820307066101
metaanalysis	4039	rs11127900	A	G	3.359255	8.39126	0.03251771	1.487880046392295	positive	A	A	G	0.6261	-0.356370610183829	0.356370610183829	0.3739	0.356370610183829
metaanalysis	4039	rs9388090	T	C	4.118846	-4.089335	0.003597194	2.444036139646731	negative	T	C	T	0.3873	0.642508574877352	0.642508574877352	0.3873	-0.642508574877352
metaanalysis	4039	rs1487445	C	T	-4.789254	4.825482	0.00013707879999999998	3.8630297060780285	negative	T	C	T	0.4682	-0.301862409233847	-0.301862409233847	0.4682	0.301862409233847
metaanalysis	4039	rs174537	T	G	4.036983	-3.927182	0.006564165	2.182820510847329	negative	T	T	G	0.6679	1.1582870458653798	-1.1582870458653798	0.33209999999999995	1.1582870458653798
metaanalysis	4039	rs1107179	G	T	-3.266483	-3.537103	0.04184958	1.3783088962035215	positive	T	G	T	0.5531	0.39332851491356796	0.39332851491356796	0.5531	0.39332851491356796
metaanalysis	4039	rs1985725	G	A	3.291161	3.802835	0.03912091	1.4075910515484957	positive	G	A	G	0.3013	1.83118134710026	1.83118134710026	0.3013	1.83118134710026
metaanalysis	3687	rs11713193	A	G	3.536663	4.828864	0.033442599999999996	1.4756999656302032	positive	A	A	G	0.4793	-1.2380290237023	1.2380290237023	0.5206999999999999	1.2380290237023
metaanalysis	3691	rs6719	C	T	-3.769958	4.083156	0.01095504	1.9603860323663922	negative	T	T	C	0.4354	-0.741942013342787	0.741942013342787	0.5646	-0.741942013342787
metaanalysis	3691	rs10496880	C	T	4.185715	4.163286	0.006950181	2.158003885154109	positive	C	T	C	0.0662	-0.0494322442860352	-0.0494322442860352	0.0662	-0.0494322442860352
metaanalysis	3691	rs9472138	T	C	-3.91184	3.936364	0.0160401	1.7947929284887123	negative	C	C	T	0.2825	-0.0583116873572882	0.0583116873572882	0.7175	-0.0583116873572882
metaanalysis	4267	rs6719	C	T	3.3881050000000004	4.083156	0.03367396	1.472705808321705	positive	C	T	C	0.4354	-0.741942013342787	-0.741942013342787	0.4354	-0.741942013342787
metaanalysis	4267	rs7521303	C	T	3.531445	3.751023	0.02084694	1.6809576835508273	positive	C	T	C	0.285	0.527465776755375	0.527465776755375	0.285	0.527465776755375
metaanalysis	3698	rs9599406	G	A	3.767716000000001	-3.797647	0.01945679	1.7109288084807888	negative	G	A	G	0.2282	0.722396731708532	0.722396731708532	0.2282	-0.722396731708532
metaanalysis	4266	rs228616	A	G	3.313244	3.977331	0.03192122	1.4959205186639521	positive	A	A	G	0.5369	-0.42035475642857595	0.42035475642857595	0.46309999999999996	0.42035475642857595
metaanalysis	4266	rs3130976	C	T	7.254466000000002	4.321653	0.004298399999999999	2.3666931724393625	positive	C	T	C	0.2875	4.34197710960922	4.34197710960922	0.2875	4.34197710960922
metaanalysis	4266	rs2071293	A	G	5.293191	-4.287481	0.004976205	2.303101736730639	negative	A	G	A	0.2987	-2.2778038662413302	-2.2778038662413302	0.2987	2.2778038662413302
metaanalysis	4266	rs209474	G	A	-5.2117900000000015	-3.87133	0.022974599999999998	1.638752041173843	positive	A	A	G	0.371	-1.32844570949931	1.32844570949931	0.629	1.32844570949931
metaanalysis	4266	rs12369778	T	G	3.654857	3.677297	0.041292	1.384134081331445	positive	T	G	T	0.1862	-0.363307188767587	-0.363307188767587	0.1862	-0.363307188767587
metaanalysis	4266	rs7208487	G	T	7.865282	4.091739	0.01073142	1.9693428076369175	positive	G	T	G	0.1584	-2.56124486781369	-2.56124486781369	0.1584	-2.56124486781369
metaanalysis	4266	rs10491128	A	G	8.24442	3.731283	0.03530685	1.4521410275131532	positive	A	G	A	0.2579	-2.59085585272302	-2.59085585272302	0.2579	-2.59085585272302
metaanalysis	4266	rs11078930	T	C	-11.031134	-3.777097	0.03073273	1.5123988594873794	positive	C	C	T	0.3781	-0.283750747859634	0.283750747859634	0.6219	0.283750747859634
metaanalysis	4266	rs199443	T	C	-5.049479	4.881604	0.0003055691	3.5148905649457807	negative	C	C	T	0.2255	-0.638534647283967	0.638534647283967	0.7745	-0.638534647283967
metaanalysis	4266	rs12943264	C	T	5.786499	3.712788	0.03724615	1.4289186120477257	positive	C	T	C	0.4651	-1.3786537265245402	-1.3786537265245402	0.4651	-1.3786537265245402
metaanalysis	4266	rs1667337	A	G	3.58331	-4.033159	0.01328354	1.8766861721372385	negative	A	A	G	0.5471	-0.7576059297883492	0.7576059297883492	0.45289999999999997	-0.7576059297883492
metaanalysis	4290	rs1667337	A	G	-4.09136	-4.033159	0.0044250140000000006	2.3540853509292905	positive	G	A	G	0.5471	-0.7576059297883492	-0.7576059297883492	0.5471	-0.7576059297883492
metaanalysis	4290	rs10917130	G	T	-3.234692	-3.210283	0.04630683	1.334354948235841	positive	T	T	G	0.1726	0.119728076554114	-0.119728076554114	0.8274	-0.119728076554114
metaanalysis	4290	rs7544210	G	A	-3.766306	-3.967399	0.005867525	2.2315450513094435	positive	A	G	A	0.5662	-0.121994093221389	-0.121994093221389	0.5662	-0.121994093221389
metaanalysis	4290	rs6668257	T	C	-4.035628	-3.952741000000001	0.005756165	2.2398667655411204	positive	C	C	T	0.431	0.591715613396585	-0.591715613396585	0.569	-0.591715613396585
metaanalysis	4290	rs993531	T	G	-5.661281	3.837015	0.008239446	2.0841019882096123	negative	G	G	T	0.1746	1.05670704725267	-1.05670704725267	0.8254	1.05670704725267
metaanalysis	4290	rs10865420	G	A	-3.314686	3.636999	0.02534148	1.5961680249275716	negative	A	A	G	0.1167	-0.0312547073913669	0.0312547073913669	0.8833	-0.0312547073913669
metaanalysis	4290	rs10932550	C	T	-3.701894	3.309339	0.03298323	1.481706816778564	negative	T	T	C	0.1466	1.2196549902576799	-1.2196549902576799	0.8533999999999999	1.2196549902576799
metaanalysis	4290	rs9855607	G	A	-3.661409	-3.270163	0.03609957	1.4424979711619164	positive	A	A	G	0.2762	-0.842584187265881	0.842584187265881	0.7238	0.842584187265881
metaanalysis	4290	rs73077175	A	G	-5.302637	-3.41145	0.02585926	1.587383907240424	positive	G	G	A	0.3282	0.8089759669139509	-0.8089759669139509	0.6718	-0.8089759669139509
metaanalysis	4290	rs2247510	C	A	3.200445	4.420349	0.03561776	1.4483333967826328	positive	C	A	C	0.4471	-0.41250469353119606	-0.41250469353119606	0.4471	-0.41250469353119606
metaanalysis	4290	rs1512929	C	T	3.309359	3.517884	0.02573886	1.5894106923451268	positive	C	C	T	0.6011	0.0830671839332093	-0.0830671839332093	0.39890000000000003	-0.0830671839332093
metaanalysis	4290	rs10008936	A	G	-4.6674190000000015	-3.577647	0.01704924	1.76829497568396	positive	G	G	A	0.2765	0.539620084128978	-0.539620084128978	0.7235	-0.539620084128978
metaanalysis	4290	rs9401491	A	G	3.132772	3.29835	0.04705292	1.3274134200467695	positive	A	G	A	0.125	0.957993704690606	0.957993704690606	0.125	0.957993704690606
metaanalysis	4290	rs10215554	T	C	-3.3229370000000005	-3.769894	0.02472485	1.606866334487907	positive	C	C	T	0.2296	0.0840312752560546	-0.0840312752560546	0.7704	-0.0840312752560546
metaanalysis	4290	rs17551174	G	A	-4.27506	-4.446291	0.0009185811	3.036882494526793	positive	A	A	G	0.151	-0.259327666692045	0.259327666692045	0.849	0.259327666692045
metaanalysis	4290	rs1493829	C	A	-3.234692	-3.2601	0.04152584	1.3816815737188306	positive	A	C	A	0.7116	0.8859723460687271	0.8859723460687271	0.7116	0.8859723460687271
metaanalysis	4290	rs10779037	T	C	-3.5106980000000005	-3.4392940000000003	0.02419392	1.6162937597305616	positive	C	C	T	0.4412	0.35196806389214397	-0.35196806389214397	0.5588	-0.35196806389214397
metaanalysis	4290	rs922161	A	C	-3.895566000000001	-3.150004	0.04710173	1.3269631413709821	positive	C	C	A	0.3759	0.0174586893104428	-0.0174586893104428	0.6241	-0.0174586893104428
metaanalysis	4290	rs9536375	A	G	5.533296	3.216715	0.04068052	1.3906135043312198	positive	A	G	A	0.3249	-0.63673744723524	-0.63673744723524	0.3249	-0.63673744723524
metaanalysis	4290	rs1340724	T	C	-3.337451	3.474739	0.023636900000000002	1.6264094821552109	negative	C	C	T	0.2876	-1.9584559434878102	1.9584559434878102	0.7123999999999999	-1.9584559434878102
metaanalysis	4290	rs3759667	G	A	-3.918504	3.792142	0.009427048	2.0256242816019268	negative	A	A	G	0.3316	1.53439323988604	-1.53439323988604	0.6684	1.53439323988604
metaanalysis	4290	rs11634320	A	C	3.472485	-3.752275	0.01551358	1.8092879704109446	negative	A	A	C	0.7346	0.30206474878184403	-0.30206474878184403	0.26539999999999997	0.30206474878184403
metaanalysis	4290	rs2938134	C	A	3.400093	3.685209	0.01949925	1.7099820925926332	positive	C	A	C	0.3244	-0.972889964912691	-0.972889964912691	0.3244	-0.972889964912691
metaanalysis	4290	rs3859549	T	C	3.694518	3.867208	0.007539493	2.12265785767207	positive	T	C	T	0.3607	1.5641805490967	1.5641805490967	0.3607	1.5641805490967
metaanalysis	4276	rs1046310	G	T	-3.943432	-4.039748	0.007710066	2.112941904269001	positive	T	G	T	0.5315	0.444401419727434	0.444401419727434	0.5315	0.444401419727434
metaanalysis	GCST90061440	rs3859549	T	C	-3.298361	3.867208	0.02189336	1.6596875816262837	negative	C	C	T	0.3607	1.5641805490967	-1.5641805490967	0.6393	1.5641805490967
metaanalysis	GCST90061440	rs12491272	T	C	-3.481501	-3.956759	0.01389088	1.8572702404367458	positive	C	C	T	0.2125	0.0252004912152219	-0.0252004912152219	0.7875	-0.0252004912152219
metaanalysis	GCST90061440	rs9882735	C	T	-3.485109	-3.664319	0.03100929	1.5085081774135012	positive	T	T	C	0.2465	0.11995505588250299	-0.11995505588250299	0.7535000000000001	-0.11995505588250299
metaanalysis	GCST90061440	rs228613	C	T	-8.463262	4.009579	0.01179392	1.928341822435471	negative	T	C	T	0.536	-0.449346781492277	-0.449346781492277	0.536	0.449346781492277
metaanalysis	GCST90061440	rs7951579	A	G	3.115438	3.819535	0.04011424	1.3967014314792576	positive	A	A	G	0.8236	-0.0724058182880254	0.0724058182880254	0.1764	0.0724058182880254
metaanalysis	GCST90061440	rs35359524	T	C	3.924845	3.746076	0.02519324	1.5987159760653693	positive	T	C	T	0.3152	-0.39453153301034205	-0.39453153301034205	0.3152	-0.39453153301034205
metaanalysis	GCST90011816	rs66766977	T	C	3.876288	-4.016165	0.007182858	2.1437027191752227	negative	T	T	C	0.5311	0.44957856706023797	-0.44957856706023797	0.4689	0.44957856706023797
metaanalysis	4311	rs10737462	T	C	-4.38793	-4.078072	0.00687896	2.1624772158927135	positive	C	C	T	0.2271	-0.20679690249325397	0.20679690249325397	0.7729	0.20679690249325397
metaanalysis	4311	rs13400680	G	A	3.34477	3.732609	0.04035184	1.394136657134542	positive	G	G	A	0.7290000000000001	-2.68044388491253	2.68044388491253	0.2709999999999999	2.68044388491253
metaanalysis	4311	rs1348606	G	A	3.735505	3.590233	0.037497699999999995	1.4259953698173977	positive	G	A	G	0.1188	0.7058773284029191	0.7058773284029191	0.1188	0.7058773284029191
metaanalysis	4311	rs4458695	A	G	-5.375751	-4.242475	0.003561543	2.448361807868622	positive	G	G	A	0.3873	0.597511207520418	-0.597511207520418	0.6127	-0.597511207520418
metaanalysis	4311	rs9401593	A	C	3.610519	4.826217	0.01719305	1.7646470738264548	positive	A	A	C	0.4717	-0.47631476870774103	0.47631476870774103	0.5283	0.47631476870774103
metaanalysis	4311	rs10160701	T	C	-3.632167	3.918781	0.01600722	1.7956840861627652	negative	C	C	T	0.1754	-0.172139762495328	0.172139762495328	0.8246	-0.172139762495328
metaanalysis	GCST009158	rs10737462	T	C	7.513135000000001	-4.078072	0.00570561	2.243697917333081	negative	T	C	T	0.2271	-0.20679690249325397	-0.20679690249325397	0.2271	0.20679690249325397
metaanalysis	GCST009158	rs59709264	G	A	4.276455	-4.143246	0.004416495	2.3549222569000374	negative	G	G	A	0.5319	0.46718086799177105	-0.46718086799177105	0.46809999999999996	0.46718086799177105
metaanalysis	GCST009158	rs6780368	T	C	3.97794	-3.643067	0.02674179	1.572809525978138	negative	T	C	T	0.1232	-0.31879700355308	-0.31879700355308	0.1232	0.31879700355308
metaanalysis	4333	rs12434073	A	G	3.688504	3.725078	0.02541928	1.5948367549800997	positive	A	G	A	0.3911	0.043709411206585	0.043709411206585	0.3911	0.043709411206585
metaanalysis	BCAC2020BC	rs10865958	G	A	3.694178	3.848786	0.03003335	1.5223962227337395	positive	G	G	A	0.4945	-0.5797119436420209	0.5797119436420209	0.5055000000000001	0.5797119436420209
metaanalysis	BCAC2020BC	rs7678766	G	T	-3.3016370000000004	3.843806	0.03769019	1.4237716732231578	negative	T	T	G	0.1653	0.26355792719814103	-0.26355792719814103	0.8347	0.26355792719814103
metaanalysis	BCAC2020BC	rs3130978	A	G	-3.6236	4.248264	0.01255142	1.901307137666765	negative	G	G	A	0.3465	3.65269264723121	-3.65269264723121	0.6535	3.65269264723121
metaanalysis	BCAC2020BC	rs3020410	A	C	-3.264366	3.769702	0.04244852	1.3721374471641552	negative	C	A	C	0.8540000000000001	-1.33908901301775	-1.33908901301775	0.8540000000000001	1.33908901301775
metaanalysis	BCAC2020BC	rs34285050	G	A	-4.026403	-3.976935	0.01949518	1.710072750594187	positive	A	A	G	0.1546	1.10211752618924	-1.10211752618924	0.8454	-1.10211752618924
metaanalysis	CMDKP2018AF	rs12514307	C	T	6.670441	3.907851	0.02041239	1.6901061426115145	positive	C	C	T	0.5828	-2.28073554166784	2.28073554166784	0.4172	2.28073554166784
metaanalysis	CMDKP2018AF	rs740076	G	A	-6.540702	-3.712942	0.03778558	1.4226739070741994	positive	A	G	A	0.5601	0.95611506824863	0.95611506824863	0.5601	0.95611506824863
metaanalysis	CMDKP2018AF	rs199439	G	A	4.403926	4.881132	0.0007585630000000001	3.1200083444538396	positive	G	A	G	0.2264	-0.502165870367545	-0.502165870367545	0.2264	-0.502165870367545
metaanalysis	GCST003763	rs4820827	T	C	-3.924727	3.96914	0.008284968	2.0817091646677293	negative	C	C	T	0.3937	0.840228013489206	-0.840228013489206	0.6063000000000001	0.840228013489206
metaanalysis	GCST008057	rs75786554	T	C	3.3151080000000004	3.418223	0.04062904	1.3911634392445507	positive	T	C	T	0.149	1.24794575325544	1.24794575325544	0.149	1.24794575325544
metaanalysis	GCST008057	rs73183114	A	G	-3.711311	-3.889398	0.01197783	1.9216218551010213	positive	G	G	A	0.1665	1.1390926955183502	-1.1390926955183502	0.8335	-1.1390926955183502
metaanalysis	GCST008057	rs769066	C	T	-3.3212650000000004	4.892835	0.03992319	1.3987747643774844	negative	T	C	T	0.7992	-0.0272608137878685	-0.0272608137878685	0.7992	0.0272608137878685
metaanalysis	GCST008057	rs1807508	T	C	-3.574445	3.930471	0.01860926	1.7302708963107345	negative	C	C	T	0.4038	-0.20334780691416898	0.20334780691416898	0.5962000000000001	-0.20334780691416898
metaanalysis	GCST009541	rs3811696	C	T	3.733714	3.695808	0.021955000000000002	1.6584665585595932	positive	C	C	T	0.4955	-0.484486892243865	0.484486892243865	0.5045	0.484486892243865
metaanalysis	GCST009541	rs7611991	A	G	3.916051	3.925072	0.009649567	2.0154921740893394	positive	A	A	G	0.7469	-0.519201702062698	0.519201702062698	0.2531	0.519201702062698
metaanalysis	GCST009541	rs10510025	T	C	3.5097440000000004	4.834331	0.04162614	1.38063385945728	positive	T	C	T	0.2509	-0.40316271599090503	-0.40316271599090503	0.2509	-0.40316271599090503
metaanalysis	GCST009541	rs1446169	C	T	-3.502789	-3.488409	0.0432942	1.3635702809379266	positive	T	T	C	0.4366	0.10370317018331	-0.10370317018331	0.5634	-0.10370317018331
metaanalysis	GCST90011766	rs17631303	G	A	3.529173	4.942925	0.01922654	1.7160988641810837	positive	G	A	G	0.195	-1.01603023211883	-1.01603023211883	0.195	-1.01603023211883
metaanalysis	GCST90011766	rs199504	C	T	3.982048	4.6188970000000005	0.004400033	2.356544066317413	positive	C	T	C	0.2264	-1.05895668505396	-1.05895668505396	0.2264	-1.05895668505396
metaanalysis	GCST90011766	rs9851444	C	T	-3.252659	4.641041	0.04137552	1.3832565350479717	negative	T	T	C	0.2318	0.0128448618751691	-0.0128448618751691	0.7682	0.0128448618751691
metaanalysis	GCST90011766	rs10769191	G	A	3.2878	3.626923	0.03754777	1.4254158510820094	positive	G	A	G	0.2304	0.43608634419934295	0.43608634419934295	0.2304	0.43608634419934295
metaanalysis	GCST90011766	rs7298744	C	T	-3.37927	-4.013642	0.02937902	1.5319626951247525	positive	T	T	C	0.4831	0.132087727554358	-0.132087727554358	0.5169	-0.132087727554358
metaanalysis	GCST90011766	rs324808	C	T	6.14775	-3.545514	0.03237367	1.4898080645639955	negative	C	T	C	0.4433	0.4035133796546289	0.4035133796546289	0.4433	-0.4035133796546289
metaanalysis	GCST90011766	rs1497346	T	C	-6.323886	4.2894809999999985	0.002361978	2.6267241518211906	negative	C	C	T	0.4243	-0.0219761683185793	0.0219761683185793	0.5757	-0.0219761683185793
metaanalysis	GCST011364	rs2972147	T	C	-3.737149	-3.863819	0.01584253	1.8001754618058712	positive	C	C	T	0.3552	-1.00271153050753	1.00271153050753	0.6448	1.00271153050753
metaanalysis	GCST011364	rs695238	C	A	3.620315	3.77769	0.02131428	1.6713293333104593	positive	C	C	A	0.4939	-0.6884642920612231	0.6884642920612231	0.5061	0.6884642920612231
metaanalysis	GCST011364	rs2013208	T	C	-3.877463	-4.708874	0.008879949	2.05158952848741	positive	C	C	T	0.4693	-1.17272238753695	1.17272238753695	0.5307	1.17272238753695
metaanalysis	GCST011364	rs72638313	T	C	3.590523	3.892094	0.02299999	1.638272352806136	positive	T	C	T	0.1365	0.7331042431122471	0.7331042431122471	0.1365	0.7331042431122471
metaanalysis	GCST011364	rs2136724	T	G	-3.729667	-4.025075	0.01476233	1.8308450905968556	positive	G	G	T	0.3413	0.84654221038091	-0.84654221038091	0.6587000000000001	-0.84654221038091
metaanalysis	GCST011364	rs10091619	A	G	-3.368318	3.878012000000001	0.04349774	1.361533306977008	negative	G	G	A	0.1186	1.08958866507268	-1.08958866507268	0.8814	1.08958866507268
metaanalysis	GCST90011808	rs729281	C	T	3.748614	-3.908749	0.02404853	1.618911465335885	negative	C	C	T	0.6277	1.20334215748705	-1.20334215748705	0.37229999999999996	1.20334215748705
metaanalysis	GCST90011809	rs2407204	G	A	-3.68704	3.616466	0.03265518	1.4860479180036288	negative	A	G	A	0.795	0.212579618834401	0.212579618834401	0.795	-0.212579618834401
metaanalysis	GCST90011809	rs9529457	G	A	-3.489371	-3.5541080000000003	0.03975237	1.400636973995204	positive	A	G	A	0.6468	-2.01053691798396	-2.01053691798396	0.6468	-2.01053691798396
metaanalysis	GCST90013410	rs1075366	C	T	4.042894	-3.933253	0.01649624	1.7826150335641087	negative	C	C	T	0.6131	1.4781581850022802	-1.4781581850022802	0.3869	1.4781581850022802
metaanalysis	GCST90129439	rs17190597	T	C	3.702305	3.580249	0.03090333	1.5099947204876576	positive	T	C	T	0.1592	1.15125239029323	1.15125239029323	0.1592	1.15125239029323
metaanalysis	GCST90129442	rs62263929	T	C	-4.661617	-6.326322	0.0003677435	3.4344549948453817	positive	C	C	T	0.3311	0.29679248690286497	-0.29679248690286497	0.6689	-0.29679248690286497
metaanalysis	GCST90129442	rs62261676	G	A	-3.438467	-4.037306	0.02478418	1.6058254454240046	positive	A	A	G	0.2025	0.7937197766186859	-0.7937197766186859	0.7975	-0.7937197766186859
metaanalysis	GCST90129442	rs11914525	G	A	-4.3695	-4.502123	0.001327315	2.8770259976122663	positive	A	G	A	0.6612	-0.547230035191168	-0.547230035191168	0.6612	-0.547230035191168
metaanalysis	GCST90129442	rs61749636	G	T	3.442635	3.923016000000001	0.02453819	1.610157475105466	positive	G	T	G	0.0892	-0.494775703055891	-0.494775703055891	0.0892	-0.494775703055891
metaanalysis	GCST90129442	rs9859	T	G	3.4737940000000003	3.405183	0.04104228	1.386768521095206	positive	T	G	T	0.2275	-1.4518148211068	-1.4518148211068	0.2275	-1.4518148211068
metaanalysis	GCST90129442	rs2201718	C	T	-3.240198	-3.427299	0.04176969999999999	1.379138643930772	positive	T	C	T	0.5236	-0.5996015453332111	-0.5996015453332111	0.5236	-0.5996015453332111
metaanalysis	PGC2021ALZwoUKBB	rs61749636	G	T	-3.650811	3.923016000000001	0.01317865	1.8801290759012836	negative	T	T	G	0.0892	-0.494775703055891	0.494775703055891	0.9108	-0.494775703055891
metaanalysis	GCST90132223	rs13135505	A	G	3.310574	3.621317	0.04757984	1.3225770227282174	positive	A	G	A	0.2945	0.9358516599679839	0.9358516599679839	0.2945	0.9358516599679839
metaanalysis	PGC2019AN	rs11165712	T	C	-3.528525	4.117466	0.036422199999999995	1.4386338251802042	negative	C	T	C	0.6695	0.570092127049315	0.570092127049315	0.6695	-0.570092127049315
metaanalysis	PGC2019AN	rs2271960	C	T	-3.666942	3.610132	0.02297208	1.6387996799627824	negative	T	C	T	0.4962	-0.6485943639991911	-0.6485943639991911	0.4962	0.6485943639991911
metaanalysis	PGC2019AN	rs2071206	A	G	3.7924	-4.368232	0.01463593	1.8345796763025681	negative	A	G	A	0.4621	-0.683809385937184	-0.683809385937184	0.4621	0.683809385937184
metaanalysis	PGC2019ASD	rs13033247	G	A	-3.371328	-3.2850620000000004	0.03708043	1.4308552382399349	positive	A	A	G	0.2052	0.929594952714501	-0.929594952714501	0.7948	-0.929594952714501
metaanalysis	PGC2019ASD	rs228611	A	G	3.3990150000000003	3.29559	0.03580468	1.4460602033746608	positive	A	G	A	0.467	0.9631195404762479	0.9631195404762479	0.467	0.9631195404762479
metaanalysis	PGC2019ASD	rs4716324	T	C	3.699589	3.4999910000000005	0.017987299999999998	1.745034021929794	positive	T	C	T	0.39799999999999996	-0.0604932037639633	-0.0604932037639633	0.39799999999999996	-0.0604932037639633
metaanalysis	PGC2019ASD	rs9401458	T	C	3.460006	-4.103242	0.02499987	1.60206224966514	negative	T	C	T	0.3879	0.8213183380447958	0.8213183380447958	0.3879	-0.8213183380447958
metaanalysis	PGC2019ASD	rs12202969	G	A	-4.4595410000000015	4.502741	0.000619025	3.208291811169217	negative	A	G	A	0.4695	-0.32690811262423	-0.32690811262423	0.4695	0.32690811262423
metaanalysis	PGC2019ASD	rs9375247	G	A	-3.227408	3.356559	0.04928216	1.3073102656260371	negative	A	A	G	0.1504	0.602195875006236	-0.602195875006236	0.8496	0.602195875006236
metaanalysis	PGC2019ASD	rs8072451	T	C	4.2650739999999985	4.687286	0.001374561	2.861835982357028	positive	T	T	C	0.7609999999999999	0.195829147175317	-0.195829147175317	0.2390000000000001	-0.195829147175317
metaanalysis	PGC2019PTSD	rs17503711	G	A	3.899572	3.611073	0.0256774	1.5904489534543766	positive	G	A	G	0.3967	-0.239529306536718	-0.239529306536718	0.3967	-0.239529306536718
